{"form": [{"box": [93, 58, 264, 83], "text": "MO GROCERY \u2122 ", "label": "vendor_name", "words": [{"text": "MO", "bbox": [93, 58, 264, 83]}, {"text": "GROCERY", "bbox": [93, 58, 264, 83]}, {"text": "\u2122", "bbox": [93, 58, 264, 83]}], "id": 0}, {"box": [149, 109, 256, 123], "text": "21IRBPS4454Q1Z6 ", "label": "vendor_gst", "words": [{"text": "21IRBPS4454Q1Z6", "bbox": [149, 109, 256, 123]}], "id": 1}, {"box": [48, 126, 308, 161], "text": "Plot no - D3 / 20 , Indira Gandhi Housing Colony Lingipur , Bhubaneshwar , Odisha - 751002 ", "label": "vendor_address", "words": [{"text": "Plot", "bbox": [48, 126, 308, 161]}, {"text": "no", "bbox": [48, 126, 308, 161]}, {"text": "-", "bbox": [48, 126, 308, 161]}, {"text": "D3", "bbox": [48, 126, 308, 161]}, {"text": "/", "bbox": [48, 126, 308, 161]}, {"text": "20", "bbox": [48, 126, 308, 161]}, {"text": ",", "bbox": [48, 126, 308, 161]}, {"text": "Indira", "bbox": [48, 126, 308, 161]}, {"text": "Gandhi", "bbox": [48, 126, 308, 161]}, {"text": "Housing", "bbox": [48, 126, 308, 161]}, {"text": "Colony", "bbox": [48, 126, 308, 161]}, {"text": "Lingipur", "bbox": [48, 126, 308, 161]}, {"text": ",", "bbox": [48, 126, 308, 161]}, {"text": "Bhubaneshwar", "bbox": [48, 126, 308, 161]}, {"text": ",", "bbox": [48, 126, 308, 161]}, {"text": "Odisha", "bbox": [48, 126, 308, 161]}, {"text": "-", "bbox": [48, 126, 308, 161]}, {"text": "751002", "bbox": [48, 126, 308, 161]}], "id": 2}, {"box": [70, 167, 153, 181], "text": "0674-2914169 ", "label": "vendor_address", "words": [{"text": "0674-2914169", "bbox": [70, 167, 153, 181]}], "id": 3}, {"box": [162, 167, 233, 182], "text": "9861999321 ", "label": "vendor_address", "words": [{"text": "9861999321", "bbox": [162, 167, 233, 182]}], "id": 4}, {"box": [242, 166, 314, 182], "text": "9881882449 ", "label": "vendor_address", "words": [{"text": "9881882449", "bbox": [242, 166, 314, 182]}], "id": 5}, {"box": [179, 204, 288, 216], "text": "S // 2022-23 / AA1 / K2 / 1000 ", "label": "receipt_number", "words": [{"text": "S", "bbox": [179, 204, 288, 216]}, {"text": "//", "bbox": [179, 204, 288, 216]}, {"text": "2022-23", "bbox": [179, 204, 288, 216]}, {"text": "/", "bbox": [179, 204, 288, 216]}, {"text": "AA1", "bbox": [179, 204, 288, 216]}, {"text": "/", "bbox": [179, 204, 288, 216]}, {"text": "K2", "bbox": [179, 204, 288, 216]}, {"text": "/", "bbox": [179, 204, 288, 216]}, {"text": "1000", "bbox": [179, 204, 288, 216]}], "id": 6}, {"box": [175, 223, 253, 234], "text": "Wed May 25 2022 ", "label": "transaction_date", "words": [{"text": "Wed", "bbox": [175, 223, 253, 234]}, {"text": "May", "bbox": [175, 223, 253, 234]}, {"text": "25", "bbox": [175, 223, 253, 234]}, {"text": "2022", "bbox": [175, 223, 253, 234]}], "id": 7}, {"box": [252, 223, 292, 234], "text": "20:03:23 ", "label": "transaction_time", "words": [{"text": "20:03:23", "bbox": [252, 223, 292, 234]}], "id": 8}, {"box": [207, 241, 259, 251], "text": "Sarthak Dev ", "label": "customer_name", "words": [{"text": "Sarthak", "bbox": [207, 241, 259, 251]}, {"text": "Dev", "bbox": [207, 241, 259, 251]}], "id": 9}, {"box": [205, 249, 261, 259], "text": "8327761016 ", "label": "customer_phoneno", "words": [{"text": "8327761016", "bbox": [205, 249, 261, 259]}], "id": 10}, {"box": [244, 448, 264, 460], "text": "615 ", "label": "total_amount", "words": [{"text": "615", "bbox": [244, 448, 264, 460]}], "id": 11}, {"box": [213, 501, 241, 515], "text": "72.5 ", "label": "savings", "words": [{"text": "72.5", "bbox": [213, 501, 241, 515]}], "id": 12}]}