{"form": [{"box": [84, 56, 275, 85], "text": "MO GROCERY \u2122 ", "label": "vendor_name", "words": [{"text": "MO", "bbox": [84, 56, 275, 85]}, {"text": "GROCERY", "bbox": [84, 56, 275, 85]}, {"text": "\u2122", "bbox": [84, 56, 275, 85]}], "id": 0}, {"box": [149, 106, 258, 124], "text": "21IRBPS4454Q1Z6 ", "label": "vendor_gst", "words": [{"text": "21IRBPS4454Q1Z6", "bbox": [149, 106, 258, 124]}], "id": 1}, {"box": [47, 124, 317, 162], "text": "Plot no - D3 / 20 , Indira Gandhi Housing Colony Lingipur , Bhubaneshwar , Odisha - 751002 ", "label": "vendor_address", "words": [{"text": "Plot", "bbox": [47, 124, 317, 162]}, {"text": "no", "bbox": [47, 124, 317, 162]}, {"text": "-", "bbox": [47, 124, 317, 162]}, {"text": "D3", "bbox": [47, 124, 317, 162]}, {"text": "/", "bbox": [47, 124, 317, 162]}, {"text": "20", "bbox": [47, 124, 317, 162]}, {"text": ",", "bbox": [47, 124, 317, 162]}, {"text": "Indira", "bbox": [47, 124, 317, 162]}, {"text": "Gandhi", "bbox": [47, 124, 317, 162]}, {"text": "Housing", "bbox": [47, 124, 317, 162]}, {"text": "Colony", "bbox": [47, 124, 317, 162]}, {"text": "Lingipur", "bbox": [47, 124, 317, 162]}, {"text": ",", "bbox": [47, 124, 317, 162]}, {"text": "Bhubaneshwar", "bbox": [47, 124, 317, 162]}, {"text": ",", "bbox": [47, 124, 317, 162]}, {"text": "Odisha", "bbox": [47, 124, 317, 162]}, {"text": "-", "bbox": [47, 124, 317, 162]}, {"text": "751002", "bbox": [47, 124, 317, 162]}], "id": 2}, {"box": [69, 165, 153, 186], "text": "0674-2914169 ", "label": "vendor_phoneno", "words": [{"text": "0674-2914169", "bbox": [69, 165, 153, 186]}], "id": 3}, {"box": [160, 167, 234, 186], "text": "9861999321 ", "label": "vendor_phoneno", "words": [{"text": "9861999321", "bbox": [160, 167, 234, 186]}], "id": 4}, {"box": [242, 166, 317, 188], "text": "9881882449 ", "label": "vendor_phoneno", "words": [{"text": "9881882449", "bbox": [242, 166, 317, 188]}], "id": 5}, {"box": [180, 203, 290, 217], "text": "S // 2022-23 / AA1 / K2 / 292 ", "label": "receipt_number", "words": [{"text": "S", "bbox": [180, 203, 290, 217]}, {"text": "//", "bbox": [180, 203, 290, 217]}, {"text": "2022-23", "bbox": [180, 203, 290, 217]}, {"text": "/", "bbox": [180, 203, 290, 217]}, {"text": "AA1", "bbox": [180, 203, 290, 217]}, {"text": "/", "bbox": [180, 203, 290, 217]}, {"text": "K2", "bbox": [180, 203, 290, 217]}, {"text": "/", "bbox": [180, 203, 290, 217]}, {"text": "292", "bbox": [180, 203, 290, 217]}], "id": 6}, {"box": [173, 222, 253, 236], "text": "Mon May 02 2022 ", "label": "transaction_date", "words": [{"text": "Mon", "bbox": [173, 222, 253, 236]}, {"text": "May", "bbox": [173, 222, 253, 236]}, {"text": "02", "bbox": [173, 222, 253, 236]}, {"text": "2022", "bbox": [173, 222, 253, 236]}], "id": 7}, {"box": [252, 221, 294, 238], "text": "22:09:07 ", "label": "transaction_time", "words": [{"text": "22:09:07", "bbox": [252, 221, 294, 238]}], "id": 8}, {"box": [214, 239, 257, 251], "text": "S.Patra ", "label": "customer_name", "words": [{"text": "S.Patra", "bbox": [214, 239, 257, 251]}], "id": 9}, {"box": [202, 248, 267, 261], "text": "9348171125 ", "label": "customer_phoneno", "words": [{"text": "9348171125", "bbox": [202, 248, 267, 261]}], "id": 10}, {"box": [241, 485, 269, 500], "text": "542 ", "label": "total_amount", "words": [{"text": "542", "bbox": [241, 485, 269, 500]}], "id": 11}, {"box": [209, 539, 246, 555], "text": "68.95 ", "label": "savings", "words": [{"text": "68.95", "bbox": [209, 539, 246, 555]}], "id": 12}]}