{"form": [{"box": [116, 46, 261, 68], "text": "HOME CARE ", "label": "vendor_name", "words": [{"text": "HOME", "bbox": [116, 46, 261, 68]}, {"text": "CARE", "bbox": [116, 46, 261, 68]}], "id": 0}, {"box": [123, 69, 251, 94], "text": "MUKUNDA PRASAD MELAN PADIA ", "label": "vendor_address", "words": [{"text": "MUKUNDA", "bbox": [123, 69, 251, 94]}, {"text": "PRASAD", "bbox": [123, 69, 251, 94]}, {"text": "MELAN", "bbox": [123, 69, 251, 94]}, {"text": "PADIA", "bbox": [123, 69, 251, 94]}], "id": 1}, {"box": [165, 92, 231, 104], "text": "9439454006 ", "label": "vendor_phoneno", "words": [{"text": "9439454006", "bbox": [165, 92, 231, 104]}], "id": 2}, {"box": [126, 111, 228, 125], "text": "21GMAPS2777C1Z6 ", "label": "vendor_gst", "words": [{"text": "21GMAPS2777C1Z6", "bbox": [126, 111, 228, 125]}], "id": 3}, {"box": [89, 128, 179, 137], "text": "CASH ", "label": "customer_name", "words": [{"text": "CASH", "bbox": [89, 128, 179, 137]}], "id": 4}, {"box": [83, 138, 183, 149], "text": "", "label": "customer_phoneno", "words": [], "id": 5}, {"box": [259, 129, 305, 138], "text": "0000165 ", "label": "receipt_number", "words": [{"text": "0000165", "bbox": [259, 129, 305, 138]}], "id": 6}, {"box": [254, 138, 309, 150], "text": "03/04/2022 ", "label": "transaction_date", "words": [{"text": "03/04/2022", "bbox": [254, 138, 309, 150]}], "id": 7}, {"box": [257, 147, 285, 159], "text": "19:31 ", "label": "transaction_time", "words": [{"text": "19:31", "bbox": [257, 147, 285, 159]}], "id": 8}, {"box": [287, 224, 325, 236], "text": "200.05 ", "label": "sub_total_amount", "words": [{"text": "200.05", "bbox": [287, 224, 325, 236]}], "id": 9}, {"box": [285, 254, 322, 268], "text": "200.00 ", "label": "total_amount", "words": [{"text": "200.00", "bbox": [285, 254, 322, 268]}], "id": 10}, {"box": [208, 281, 241, 300], "text": "38.95 ", "label": "savings", "words": [{"text": "38.95", "bbox": [208, 281, 241, 300]}], "id": 11}]}