{"form": [{"box": [62, 42, 301, 63], "text": "HANUMAN MEDICINE STORE ", "label": "vendor_name", "words": [{"text": "HANUMAN", "bbox": [62, 42, 301, 63]}, {"text": "MEDICINE", "bbox": [62, 42, 301, 63]}, {"text": "STORE", "bbox": [62, 42, 301, 63]}], "id": 0}, {"box": [62, 60, 304, 83], "text": "AT - RAGHUNATH NAGAR , P.O - DUMUDUMA PLOT NO . - 361 , BHUBANESWAR - 751019 ", "label": "vendor_address", "words": [{"text": "AT", "bbox": [62, 60, 304, 83]}, {"text": "-", "bbox": [62, 60, 304, 83]}, {"text": "RAGHUNATH", "bbox": [62, 60, 304, 83]}, {"text": "NAGAR", "bbox": [62, 60, 304, 83]}, {"text": ",", "bbox": [62, 60, 304, 83]}, {"text": "P.O", "bbox": [62, 60, 304, 83]}, {"text": "-", "bbox": [62, 60, 304, 83]}, {"text": "DUMUDUMA", "bbox": [62, 60, 304, 83]}, {"text": "PLOT", "bbox": [62, 60, 304, 83]}, {"text": "NO", "bbox": [62, 60, 304, 83]}, {"text": ".", "bbox": [62, 60, 304, 83]}, {"text": "-", "bbox": [62, 60, 304, 83]}, {"text": "361", "bbox": [62, 60, 304, 83]}, {"text": ",", "bbox": [62, 60, 304, 83]}, {"text": "BHUBANESWAR", "bbox": [62, 60, 304, 83]}, {"text": "-", "bbox": [62, 60, 304, 83]}, {"text": "751019", "bbox": [62, 60, 304, 83]}], "id": 1}, {"box": [168, 82, 230, 93], "text": "9437130890 ", "label": "vendor_address", "words": [{"text": "9437130890", "bbox": [168, 82, 230, 93]}], "id": 2}, {"box": [151, 104, 243, 113], "text": "21AHOPP9866G12S ", "label": "vendor_gst", "words": [{"text": "21AHOPP9866G12S", "bbox": [151, 104, 243, 113]}], "id": 3}, {"box": [89, 127, 175, 139], "text": "CASH ", "label": "customer_name", "words": [{"text": "CASH", "bbox": [89, 127, 175, 139]}], "id": 4}, {"box": [82, 139, 176, 149], "text": "", "label": "customer_phoneno", "words": [], "id": 5}, {"box": [253, 138, 295, 149], "text": "0007197 ", "label": "receipt_number", "words": [{"text": "0007197", "bbox": [253, 138, 295, 149]}], "id": 6}, {"box": [247, 147, 301, 161], "text": "23/03/2022 ", "label": "transaction_date", "words": [{"text": "23/03/2022", "bbox": [247, 147, 301, 161]}], "id": 7}, {"box": [107, 222, 146, 237], "text": "116.96 ", "label": "sub_total_amount", "words": [{"text": "116.96", "bbox": [107, 222, 146, 237]}], "id": 8}, {"box": [264, 269, 318, 283], "text": "115.00 ", "label": "total_amount", "words": [{"text": "115.00", "bbox": [264, 269, 318, 283]}], "id": 9}, {"box": [283, 237, 317, 253], "text": "15.72 ", "label": "savings", "words": [{"text": "15.72", "bbox": [283, 237, 317, 253]}], "id": 10}]}