{"form": [{"box": [103, 47, 255, 67], "text": "HOME CARE ", "label": "vendor_name", "words": [{"text": "HOME", "bbox": [103, 47, 255, 67]}, {"text": "CARE", "bbox": [103, 47, 255, 67]}], "id": 0}, {"box": [116, 65, 249, 93], "text": "MUKUNDA PRASAD MELAN PADIA ", "label": "vendor_address", "words": [{"text": "MUKUNDA", "bbox": [116, 65, 249, 93]}, {"text": "PRASAD", "bbox": [116, 65, 249, 93]}, {"text": "MELAN", "bbox": [116, 65, 249, 93]}, {"text": "PADIA", "bbox": [116, 65, 249, 93]}], "id": 1}, {"box": [166, 93, 230, 103], "text": "9439454006 ", "label": "vendor_phoneno", "words": [{"text": "9439454006", "bbox": [166, 93, 230, 103]}], "id": 2}, {"box": [126, 112, 223, 125], "text": "21GMAPS2777C1Z6 ", "label": "vendor_gst", "words": [{"text": "21GMAPS2777C1Z6", "bbox": [126, 112, 223, 125]}], "id": 3}, {"box": [87, 128, 187, 138], "text": "CASH ", "label": "customer_name", "words": [{"text": "CASH", "bbox": [87, 128, 187, 138]}], "id": 4}, {"box": [84, 141, 186, 148], "text": "", "label": "customer_phoneno", "words": [], "id": 5}, {"box": [260, 129, 306, 139], "text": "0001728 ", "label": "receipt_number", "words": [{"text": "0001728", "bbox": [260, 129, 306, 139]}], "id": 6}, {"box": [253, 138, 310, 149], "text": "01/05/2022 ", "label": "transaction_date", "words": [{"text": "01/05/2022", "bbox": [253, 138, 310, 149]}], "id": 7}, {"box": [255, 148, 285, 161], "text": "18:56 ", "label": "transaction_time", "words": [{"text": "18:56", "bbox": [255, 148, 285, 161]}], "id": 8}, {"box": [287, 284, 323, 296], "text": "630.11 ", "label": "sub_total_amount", "words": [{"text": "630.11", "bbox": [287, 284, 323, 296]}], "id": 9}, {"box": [285, 311, 322, 326], "text": "630.00 ", "label": "total_amount", "words": [{"text": "630.00", "bbox": [285, 311, 322, 326]}], "id": 10}, {"box": [207, 340, 241, 357], "text": "51.89 ", "label": "savings", "words": [{"text": "51.89", "bbox": [207, 340, 241, 357]}], "id": 11}]}