{"form": [{"box": [63, 75, 297, 95], "text": "SRI SATYASAI ENTERPRISE ", "label": "vendor_name", "words": [{"text": "SRI", "bbox": [63, 75, 297, 95]}, {"text": "SATYASAI", "bbox": [63, 75, 297, 95]}, {"text": "ENTERPRISE", "bbox": [63, 75, 297, 95]}], "id": 0}, {"box": [71, 93, 299, 120], "text": "B - 63 , RUPALI SQUARE , SAHEED NAGAR , BHUBANESWAR - 751007 ", "label": "vendor_address", "words": [{"text": "B", "bbox": [71, 93, 299, 120]}, {"text": "-", "bbox": [71, 93, 299, 120]}, {"text": "63", "bbox": [71, 93, 299, 120]}, {"text": ",", "bbox": [71, 93, 299, 120]}, {"text": "RUPALI", "bbox": [71, 93, 299, 120]}, {"text": "SQUARE", "bbox": [71, 93, 299, 120]}, {"text": ",", "bbox": [71, 93, 299, 120]}, {"text": "SAHEED", "bbox": [71, 93, 299, 120]}, {"text": "NAGAR", "bbox": [71, 93, 299, 120]}, {"text": ",", "bbox": [71, 93, 299, 120]}, {"text": "BHUBANESWAR", "bbox": [71, 93, 299, 120]}, {"text": "-", "bbox": [71, 93, 299, 120]}, {"text": "751007", "bbox": [71, 93, 299, 120]}], "id": 1}, {"box": [157, 119, 224, 133], "text": "9437055558 ", "label": "vendor_phoneno", "words": [{"text": "9437055558", "bbox": [157, 119, 224, 133]}], "id": 2}, {"box": [147, 134, 263, 153], "text": "-21AGVPS4577PIZB ", "label": "vendor_gst", "words": [{"text": "-21AGVPS4577PIZB", "bbox": [147, 134, 263, 153]}], "id": 3}, {"box": [221, 194, 315, 211], "text": "ho ", "label": "customer_name", "words": [{"text": "ho", "bbox": [221, 194, 315, 211]}], "id": 4}, {"box": [91, 197, 179, 211], "text": "", "label": "customer_phoneno", "words": [], "id": 5}, {"box": [119, 220, 190, 234], "text": "EATS11323 ", "label": "receipt_number", "words": [{"text": "EATS11323", "bbox": [119, 220, 190, 234]}], "id": 6}, {"box": [250, 219, 319, 236], "text": "12/03/2022 ", "label": "transaction_date", "words": [{"text": "12/03/2022", "bbox": [250, 219, 319, 236]}], "id": 7}, {"box": [247, 238, 291, 255], "text": "06:15 ", "label": "transaction_time", "words": [{"text": "06:15", "bbox": [247, 238, 291, 255]}], "id": 8}, {"box": [287, 342, 331, 357], "text": "344.00 ", "label": "total_amount", "words": [{"text": "344.00", "bbox": [287, 342, 331, 357]}], "id": 9}, {"box": [188, 430, 218, 447], "text": "0.00 ", "label": "savings", "words": [{"text": "0.00", "bbox": [188, 430, 218, 447]}], "id": 10}]}