{"form": [{"box": [107, 44, 282, 70], "text": "NEHA'S MART ", "label": "vendor_name", "words": [{"text": "NEHA'S", "bbox": [107, 44, 282, 70]}, {"text": "MART", "bbox": [107, 44, 282, 70]}], "id": 0}, {"box": [42, 68, 313, 92], "text": "1ST FLOOR , DWARIKA ENCLAVE NEAR SUREKHA REGENCY , PURI CANAL ROAD ", "label": "vendor_address", "words": [{"text": "1ST", "bbox": [42, 68, 313, 92]}, {"text": "FLOOR", "bbox": [42, 68, 313, 92]}, {"text": ",", "bbox": [42, 68, 313, 92]}, {"text": "DWARIKA", "bbox": [42, 68, 313, 92]}, {"text": "ENCLAVE", "bbox": [42, 68, 313, 92]}, {"text": "NEAR", "bbox": [42, 68, 313, 92]}, {"text": "SUREKHA", "bbox": [42, 68, 313, 92]}, {"text": "REGENCY", "bbox": [42, 68, 313, 92]}, {"text": ",", "bbox": [42, 68, 313, 92]}, {"text": "PURI", "bbox": [42, 68, 313, 92]}, {"text": "CANAL", "bbox": [42, 68, 313, 92]}, {"text": "ROAD", "bbox": [42, 68, 313, 92]}], "id": 1}, {"box": [163, 92, 232, 105], "text": "7008960240 ", "label": "vendor_phoneno", "words": [{"text": "7008960240", "bbox": [163, 92, 232, 105]}], "id": 2}, {"box": [127, 112, 223, 125], "text": "21CIUPP5534Q1ZF ", "label": "vendor_gst", "words": [{"text": "21CIUPP5534Q1ZF", "bbox": [127, 112, 223, 125]}], "id": 3}, {"box": [88, 128, 222, 139], "text": "MM BALIANTA ENCLAVE ", "label": "customer_name", "words": [{"text": "MM", "bbox": [88, 128, 222, 139]}, {"text": "BALIANTA", "bbox": [88, 128, 222, 139]}, {"text": "ENCLAVE", "bbox": [88, 128, 222, 139]}], "id": 4}, {"box": [79, 139, 166, 151], "text": "8280714959 ", "label": "customer_phoneno", "words": [{"text": "8280714959", "bbox": [79, 139, 166, 151]}], "id": 5}, {"box": [259, 128, 306, 138], "text": "0015120 ", "label": "receipt_number", "words": [{"text": "0015120", "bbox": [259, 128, 306, 138]}], "id": 6}, {"box": [252, 138, 309, 150], "text": "11/03/2022 ", "label": "transaction_date", "words": [{"text": "11/03/2022", "bbox": [252, 138, 309, 150]}], "id": 7}, {"box": [255, 147, 284, 159], "text": "10:14 ", "label": "transaction_time", "words": [{"text": "10:14", "bbox": [255, 147, 284, 159]}], "id": 8}, {"box": [285, 281, 324, 296], "text": "776.00 ", "label": "total_amount", "words": [{"text": "776.00", "bbox": [285, 281, 324, 296]}], "id": 9}, {"box": [129, 310, 158, 329], "text": "0.00 ", "label": "savings", "words": [{"text": "0.00", "bbox": [129, 310, 158, 329]}], "id": 10}]}