{"form": [{"box": [107, 44, 282, 70], "text": "HOME CARE ", "label": "vendor_name", "words": [{"text": "HOME", "bbox": [107, 44, 282, 70]}, {"text": "CARE", "bbox": [107, 44, 282, 70]}], "id": 0}, {"box": [42, 68, 313, 92], "text": "MUKUNDA PRASAD MELAN PADIA ", "label": "vendor_address", "words": [{"text": "MUKUNDA", "bbox": [42, 68, 313, 92]}, {"text": "PRASAD", "bbox": [42, 68, 313, 92]}, {"text": "MELAN", "bbox": [42, 68, 313, 92]}, {"text": "PADIA", "bbox": [42, 68, 313, 92]}], "id": 1}, {"box": [163, 92, 232, 105], "text": "9439454006 ", "label": "vendor_phoneno", "words": [{"text": "9439454006", "bbox": [163, 92, 232, 105]}], "id": 2}, {"box": [127, 112, 223, 125], "text": "21GMAPS2777C1Z6 ", "label": "vendor_gst", "words": [{"text": "21GMAPS2777C1Z6", "bbox": [127, 112, 223, 125]}], "id": 3}, {"box": [88, 128, 222, 139], "text": "CASH ", "label": "customer_name", "words": [{"text": "CASH", "bbox": [88, 128, 222, 139]}], "id": 4}, {"box": [79, 139, 166, 151], "text": "", "label": "customer_phoneno", "words": [], "id": 5}, {"box": [259, 128, 306, 138], "text": "0000834 ", "label": "receipt_number", "words": [{"text": "0000834", "bbox": [259, 128, 306, 138]}], "id": 6}, {"box": [252, 138, 309, 150], "text": "16/04/2022 ", "label": "transaction_date", "words": [{"text": "16/04/2022", "bbox": [252, 138, 309, 150]}], "id": 7}, {"box": [255, 147, 284, 159], "text": "11:58 ", "label": "transaction_time", "words": [{"text": "11:58", "bbox": [255, 147, 284, 159]}], "id": 8}, {"box": [285, 281, 324, 296], "text": "200.00 ", "label": "total_amount", "words": [{"text": "200.00", "bbox": [285, 281, 324, 296]}], "id": 9}, {"box": [204, 298, 240, 315], "text": "0.00 ", "label": "savings", "words": [{"text": "0.00", "bbox": [204, 298, 240, 315]}], "id": 10}]}