{"form": [{"box": [92, 58, 267, 87], "text": "MO GROCERY \u2122 ", "label": "vendor_name", "words": [{"text": "MO", "bbox": [92, 58, 267, 87]}, {"text": "GROCERY", "bbox": [92, 58, 267, 87]}, {"text": "\u2122", "bbox": [92, 58, 267, 87]}], "id": 0}, {"box": [49, 125, 311, 164], "text": "Plot no - D3 / 20 , Indira Gandhi Housing Colony Lingipur , Bhubaneshwar , Odisha - 751002 ", "label": "vendor_address", "words": [{"text": "Plot", "bbox": [49, 125, 311, 164]}, {"text": "no", "bbox": [49, 125, 311, 164]}, {"text": "-", "bbox": [49, 125, 311, 164]}, {"text": "D3", "bbox": [49, 125, 311, 164]}, {"text": "/", "bbox": [49, 125, 311, 164]}, {"text": "20", "bbox": [49, 125, 311, 164]}, {"text": ",", "bbox": [49, 125, 311, 164]}, {"text": "Indira", "bbox": [49, 125, 311, 164]}, {"text": "Gandhi", "bbox": [49, 125, 311, 164]}, {"text": "Housing", "bbox": [49, 125, 311, 164]}, {"text": "Colony", "bbox": [49, 125, 311, 164]}, {"text": "Lingipur", "bbox": [49, 125, 311, 164]}, {"text": ",", "bbox": [49, 125, 311, 164]}, {"text": "Bhubaneshwar", "bbox": [49, 125, 311, 164]}, {"text": ",", "bbox": [49, 125, 311, 164]}, {"text": "Odisha", "bbox": [49, 125, 311, 164]}, {"text": "-", "bbox": [49, 125, 311, 164]}, {"text": "751002", "bbox": [49, 125, 311, 164]}], "id": 1}, {"box": [148, 108, 257, 125], "text": "21IRBPS4454Q1Z6 ", "label": "vendor_gst", "words": [{"text": "21IRBPS4454Q1Z6", "bbox": [148, 108, 257, 125]}], "id": 2}, {"box": [70, 165, 152, 183], "text": "0674-2914169 ", "label": "vendor_phoneno", "words": [{"text": "0674-2914169", "bbox": [70, 165, 152, 183]}], "id": 3}, {"box": [161, 165, 233, 183], "text": "9861999321 ", "label": "vendor_phoneno", "words": [{"text": "9861999321", "bbox": [161, 165, 233, 183]}], "id": 4}, {"box": [242, 166, 314, 183], "text": "9881882449 ", "label": "vendor_phoneno", "words": [{"text": "9881882449", "bbox": [242, 166, 314, 183]}], "id": 5}, {"box": [181, 203, 288, 217], "text": "S // 2022-23 / AA1 / K2 / 782 ", "label": "receipt_number", "words": [{"text": "S", "bbox": [181, 203, 288, 217]}, {"text": "//", "bbox": [181, 203, 288, 217]}, {"text": "2022-23", "bbox": [181, 203, 288, 217]}, {"text": "/", "bbox": [181, 203, 288, 217]}, {"text": "AA1", "bbox": [181, 203, 288, 217]}, {"text": "/", "bbox": [181, 203, 288, 217]}, {"text": "K2", "bbox": [181, 203, 288, 217]}, {"text": "/", "bbox": [181, 203, 288, 217]}, {"text": "782", "bbox": [181, 203, 288, 217]}], "id": 6}, {"box": [178, 220, 252, 236], "text": "Tue May 17 2022 ", "label": "transaction_date", "words": [{"text": "Tue", "bbox": [178, 220, 252, 236]}, {"text": "May", "bbox": [178, 220, 252, 236]}, {"text": "17", "bbox": [178, 220, 252, 236]}, {"text": "2022", "bbox": [178, 220, 252, 236]}], "id": 7}, {"box": [251, 219, 292, 235], "text": "20:43:14 ", "label": "transaction_time", "words": [{"text": "20:43:14", "bbox": [251, 219, 292, 235]}], "id": 8}, {"box": [193, 238, 277, 257], "text": "Bhabatwas Routray ", "label": "customer_name", "words": [{"text": "Bhabatwas", "bbox": [193, 238, 277, 257]}, {"text": "Routray", "bbox": [193, 238, 277, 257]}], "id": 9}, {"box": [206, 258, 268, 273], "text": "7008744626 ", "label": "customer_phoneno", "words": [{"text": "7008744626", "bbox": [206, 258, 268, 273]}], "id": 10}, {"box": [268, 391, 286, 405], "text": "90 ", "label": "total_amount", "words": [{"text": "90", "bbox": [268, 391, 286, 405]}], "id": 11}]}