{"form": [{"box": [63, 75, 289, 96], "text": "SRI SATYASAI ENTERPRISE ", "label": "vendor_name", "words": [{"text": "SRI", "bbox": [63, 75, 289, 96]}, {"text": "SATYASAI", "bbox": [63, 75, 289, 96]}, {"text": "ENTERPRISE", "bbox": [63, 75, 289, 96]}], "id": 0}, {"box": [75, 96, 293, 121], "text": "B - 63 , RUPALI SQUARE , SAHEED NAGAR , BHUBANESWAR - 751007 ", "label": "vendor_address", "words": [{"text": "B", "bbox": [75, 96, 293, 121]}, {"text": "-", "bbox": [75, 96, 293, 121]}, {"text": "63", "bbox": [75, 96, 293, 121]}, {"text": ",", "bbox": [75, 96, 293, 121]}, {"text": "RUPALI", "bbox": [75, 96, 293, 121]}, {"text": "SQUARE", "bbox": [75, 96, 293, 121]}, {"text": ",", "bbox": [75, 96, 293, 121]}, {"text": "SAHEED", "bbox": [75, 96, 293, 121]}, {"text": "NAGAR", "bbox": [75, 96, 293, 121]}, {"text": ",", "bbox": [75, 96, 293, 121]}, {"text": "BHUBANESWAR", "bbox": [75, 96, 293, 121]}, {"text": "-", "bbox": [75, 96, 293, 121]}, {"text": "751007", "bbox": [75, 96, 293, 121]}], "id": 1}, {"box": [157, 120, 226, 133], "text": "9437055558 ", "label": "vendor_phoneno", "words": [{"text": "9437055558", "bbox": [157, 120, 226, 133]}], "id": 2}, {"box": [146, 136, 262, 153], "text": "-21AGVPS4577PIZB ", "label": "vendor_gst", "words": [{"text": "-21AGVPS4577PIZB", "bbox": [146, 136, 262, 153]}], "id": 3}, {"box": [121, 219, 189, 234], "text": "EATS11326 ", "label": "receipt_number", "words": [{"text": "EATS11326", "bbox": [121, 219, 189, 234]}], "id": 4}, {"box": [252, 219, 314, 237], "text": "13/03/2022 ", "label": "transaction_date", "words": [{"text": "13/03/2022", "bbox": [252, 219, 314, 237]}], "id": 5}, {"box": [252, 236, 286, 253], "text": "01:02 ", "label": "transaction_time", "words": [{"text": "01:02", "bbox": [252, 236, 286, 253]}], "id": 6}, {"box": [89, 194, 181, 212], "text": "", "label": "customer_phoneno", "words": [], "id": 7}, {"box": [222, 193, 254, 211], "text": "user2 ", "label": "customer_name", "words": [{"text": "user2", "bbox": [222, 193, 254, 211]}], "id": 8}, {"box": [281, 467, 325, 481], "text": "1184.00 ", "label": "total_amount", "words": [{"text": "1184.00", "bbox": [281, 467, 325, 481]}], "id": 9}, {"box": [178, 554, 217, 573], "text": "230.00 ", "label": "savings", "words": [{"text": "230.00", "bbox": [178, 554, 217, 573]}], "id": 10}]}