{"form": [{"box": [95, 144, 264, 167], "text": "MO GROCERY \u2122 ", "label": "vendor_name", "words": [{"text": "MO", "bbox": [95, 144, 264, 167]}, {"text": "GROCERY", "bbox": [95, 144, 264, 167]}, {"text": "\u2122", "bbox": [95, 144, 264, 167]}], "id": 0}, {"box": [149, 180, 257, 198], "text": "21IRBPS4454Q1Z6 ", "label": "vendor_gst", "words": [{"text": "21IRBPS4454Q1Z6", "bbox": [149, 180, 257, 198]}], "id": 1}, {"box": [50, 200, 308, 235], "text": "Plot no - D3 / 20 , Indira Gandhi Housing Colony Lingipur , Bhubaneshwar , Odisha - 751002 ", "label": "vendor_address", "words": [{"text": "Plot", "bbox": [50, 200, 308, 235]}, {"text": "no", "bbox": [50, 200, 308, 235]}, {"text": "-", "bbox": [50, 200, 308, 235]}, {"text": "D3", "bbox": [50, 200, 308, 235]}, {"text": "/", "bbox": [50, 200, 308, 235]}, {"text": "20", "bbox": [50, 200, 308, 235]}, {"text": ",", "bbox": [50, 200, 308, 235]}, {"text": "Indira", "bbox": [50, 200, 308, 235]}, {"text": "Gandhi", "bbox": [50, 200, 308, 235]}, {"text": "Housing", "bbox": [50, 200, 308, 235]}, {"text": "Colony", "bbox": [50, 200, 308, 235]}, {"text": "Lingipur", "bbox": [50, 200, 308, 235]}, {"text": ",", "bbox": [50, 200, 308, 235]}, {"text": "Bhubaneshwar", "bbox": [50, 200, 308, 235]}, {"text": ",", "bbox": [50, 200, 308, 235]}, {"text": "Odisha", "bbox": [50, 200, 308, 235]}, {"text": "-", "bbox": [50, 200, 308, 235]}, {"text": "751002", "bbox": [50, 200, 308, 235]}], "id": 2}, {"box": [70, 239, 154, 258], "text": "0674-2914169 ", "label": "vendor_phoneno", "words": [{"text": "0674-2914169", "bbox": [70, 239, 154, 258]}], "id": 3}, {"box": [161, 239, 233, 257], "text": "9861999321 ", "label": "vendor_phoneno", "words": [{"text": "9861999321", "bbox": [161, 239, 233, 257]}], "id": 4}, {"box": [242, 237, 314, 259], "text": "9881882449 ", "label": "vendor_phoneno", "words": [{"text": "9881882449", "bbox": [242, 237, 314, 259]}], "id": 5}, {"box": [199, 288, 272, 303], "text": "SI / AA1 / K1 / 3162 ", "label": "receipt_number", "words": [{"text": "SI", "bbox": [199, 288, 272, 303]}, {"text": "/", "bbox": [199, 288, 272, 303]}, {"text": "AA1", "bbox": [199, 288, 272, 303]}, {"text": "/", "bbox": [199, 288, 272, 303]}, {"text": "K1", "bbox": [199, 288, 272, 303]}, {"text": "/", "bbox": [199, 288, 272, 303]}, {"text": "3162", "bbox": [199, 288, 272, 303]}], "id": 6}, {"box": [178, 307, 253, 322], "text": "Thu Mar 31 2022 ", "label": "transaction_date", "words": [{"text": "Thu", "bbox": [178, 307, 253, 322]}, {"text": "Mar", "bbox": [178, 307, 253, 322]}, {"text": "31", "bbox": [178, 307, 253, 322]}, {"text": "2022", "bbox": [178, 307, 253, 322]}], "id": 7}, {"box": [252, 308, 293, 322], "text": "20:23:50 ", "label": "transaction_time", "words": [{"text": "20:23:50", "bbox": [252, 308, 293, 322]}], "id": 8}, {"box": [220, 325, 249, 342], "text": "Daya ", "label": "customer_name", "words": [{"text": "Daya", "bbox": [220, 325, 249, 342]}], "id": 9}, {"box": [206, 345, 264, 358], "text": "7381760574 ", "label": "customer_phoneno", "words": [{"text": "7381760574", "bbox": [206, 345, 264, 358]}], "id": 10}, {"box": [238, 761, 266, 779], "text": "2026 ", "label": "total_amount", "words": [{"text": "2026", "bbox": [238, 761, 266, 779]}], "id": 11}, {"box": [209, 816, 245, 834], "text": "224.1 ", "label": "savings", "words": [{"text": "224.1", "bbox": [209, 816, 245, 834]}], "id": 12}]}