{"form": [{"box": [95, 59, 264, 82], "text": "MO GROCERY \u2122 ", "label": "vendor_name", "words": [{"text": "MO", "bbox": [95, 59, 264, 82]}, {"text": "GROCERY", "bbox": [95, 59, 264, 82]}, {"text": "\u2122", "bbox": [95, 59, 264, 82]}], "id": 0}, {"box": [149, 106, 257, 124], "text": "21IRBPS4454Q1Z6 ", "label": "vendor_gst", "words": [{"text": "21IRBPS4454Q1Z6", "bbox": [149, 106, 257, 124]}], "id": 1}, {"box": [50, 125, 308, 160], "text": "Plot no - D3 / 20 , Indira Gandhi Housing Colony Lingipur , Bhubaneshwar , Odisha - 751002 ", "label": "vendor_address", "words": [{"text": "Plot", "bbox": [50, 125, 308, 160]}, {"text": "no", "bbox": [50, 125, 308, 160]}, {"text": "-", "bbox": [50, 125, 308, 160]}, {"text": "D3", "bbox": [50, 125, 308, 160]}, {"text": "/", "bbox": [50, 125, 308, 160]}, {"text": "20", "bbox": [50, 125, 308, 160]}, {"text": ",", "bbox": [50, 125, 308, 160]}, {"text": "Indira", "bbox": [50, 125, 308, 160]}, {"text": "Gandhi", "bbox": [50, 125, 308, 160]}, {"text": "Housing", "bbox": [50, 125, 308, 160]}, {"text": "Colony", "bbox": [50, 125, 308, 160]}, {"text": "Lingipur", "bbox": [50, 125, 308, 160]}, {"text": ",", "bbox": [50, 125, 308, 160]}, {"text": "Bhubaneshwar", "bbox": [50, 125, 308, 160]}, {"text": ",", "bbox": [50, 125, 308, 160]}, {"text": "Odisha", "bbox": [50, 125, 308, 160]}, {"text": "-", "bbox": [50, 125, 308, 160]}, {"text": "751002", "bbox": [50, 125, 308, 160]}], "id": 2}, {"box": [70, 165, 154, 184], "text": "0674-2914169 ", "label": "vendor_phoneno", "words": [{"text": "0674-2914169", "bbox": [70, 165, 154, 184]}], "id": 3}, {"box": [162, 166, 234, 184], "text": "9861999321 ", "label": "vendor_phoneno", "words": [{"text": "9861999321", "bbox": [162, 166, 234, 184]}], "id": 4}, {"box": [242, 167, 313, 182], "text": "9881882449 ", "label": "vendor_phoneno", "words": [{"text": "9881882449", "bbox": [242, 167, 313, 182]}], "id": 5}, {"box": [184, 201, 287, 217], "text": "5 / 2022-23 / AA1 / K1 / 427 ", "label": "receipt_number", "words": [{"text": "5", "bbox": [184, 201, 287, 217]}, {"text": "/", "bbox": [184, 201, 287, 217]}, {"text": "2022-23", "bbox": [184, 201, 287, 217]}, {"text": "/", "bbox": [184, 201, 287, 217]}, {"text": "AA1", "bbox": [184, 201, 287, 217]}, {"text": "/", "bbox": [184, 201, 287, 217]}, {"text": "K1", "bbox": [184, 201, 287, 217]}, {"text": "/", "bbox": [184, 201, 287, 217]}, {"text": "427", "bbox": [184, 201, 287, 217]}], "id": 6}, {"box": [180, 222, 253, 234], "text": "Sat Apr 16 2022 ", "label": "transaction_date", "words": [{"text": "Sat", "bbox": [180, 222, 253, 234]}, {"text": "Apr", "bbox": [180, 222, 253, 234]}, {"text": "16", "bbox": [180, 222, 253, 234]}, {"text": "2022", "bbox": [180, 222, 253, 234]}], "id": 7}, {"box": [251, 222, 290, 234], "text": "16:53:02 ", "label": "transaction_time", "words": [{"text": "16:53:02", "bbox": [251, 222, 290, 234]}], "id": 8}, {"box": [188, 240, 282, 254], "text": "Satyabhama Mahakud ", "label": "customer_name", "words": [{"text": "Satyabhama", "bbox": [188, 240, 282, 254]}, {"text": "Mahakud", "bbox": [188, 240, 282, 254]}], "id": 9}, {"box": [207, 259, 263, 272], "text": "9658572677 ", "label": "customer_phoneno", "words": [{"text": "9658572677", "bbox": [207, 259, 263, 272]}], "id": 10}, {"box": [260, 587, 283, 604], "text": "617 ", "label": "total_amount", "words": [{"text": "617", "bbox": [260, 587, 283, 604]}], "id": 11}, {"box": [209, 641, 246, 661], "text": "34.26 ", "label": "savings", "words": [{"text": "34.26", "bbox": [209, 641, 246, 661]}], "id": 12}]}