{"form": [{"box": [121, 46, 242, 66], "text": "HOME CARE ", "label": "vendor_name", "words": [{"text": "HOME", "bbox": [121, 46, 242, 66]}, {"text": "CARE", "bbox": [121, 46, 242, 66]}], "id": 0}, {"box": [165, 93, 223, 103], "text": "9439454006 ", "label": "vendor_phoneno", "words": [{"text": "9439454006", "bbox": [165, 93, 223, 103]}], "id": 1}, {"box": [127, 113, 223, 125], "text": "21GMAPS2777C1Z6 ", "label": "vendor_gst", "words": [{"text": "21GMAPS2777C1Z6", "bbox": [127, 113, 223, 125]}], "id": 2}, {"box": [89, 125, 182, 139], "text": "CASH ", "label": "customer_name", "words": [{"text": "CASH", "bbox": [89, 125, 182, 139]}], "id": 3}, {"box": [81, 139, 160, 149], "text": "", "label": "customer_phoneno", "words": [], "id": 4}, {"box": [259, 128, 302, 139], "text": "0013610 ", "label": "receipt_number", "words": [{"text": "0013610", "bbox": [259, 128, 302, 139]}], "id": 5}, {"box": [254, 138, 306, 149], "text": "29/03/2022 ", "label": "transaction_date", "words": [{"text": "29/03/2022", "bbox": [254, 138, 306, 149]}], "id": 6}, {"box": [255, 148, 285, 159], "text": "08:46 ", "label": "transaction_time", "words": [{"text": "08:46", "bbox": [255, 148, 285, 159]}], "id": 7}, {"box": [287, 298, 324, 311], "text": "245.92 ", "label": "sub_total_amount", "words": [{"text": "245.92", "bbox": [287, 298, 324, 311]}], "id": 8}, {"box": [280, 328, 326, 341], "text": "246.00 ", "label": "total_amount", "words": [{"text": "246.00", "bbox": [280, 328, 326, 341]}], "id": 9}, {"box": [209, 345, 237, 359], "text": "4.08 ", "label": "savings", "words": [{"text": "4.08", "bbox": [209, 345, 237, 359]}], "id": 10}]}