{"form": [{"box": [99, 57, 257, 82], "text": "MO GROCERY \u2122 ", "label": "vendor_name", "words": [{"text": "MO", "bbox": [99, 57, 257, 82]}, {"text": "GROCERY", "bbox": [99, 57, 257, 82]}, {"text": "\u2122", "bbox": [99, 57, 257, 82]}], "id": 0}, {"box": [151, 102, 250, 119], "text": "21IRBPS4454Q1Z6 ", "label": "vendor_gst", "words": [{"text": "21IRBPS4454Q1Z6", "bbox": [151, 102, 250, 119]}], "id": 1}, {"box": [58, 118, 299, 154], "text": "Plot no - D3 / 20 , Indira Gandhi Housing Colony Lingipur , Bhubaneshwar , Odisha - 751002 ", "label": "vendor_address", "words": [{"text": "Plot", "bbox": [58, 118, 299, 154]}, {"text": "no", "bbox": [58, 118, 299, 154]}, {"text": "-", "bbox": [58, 118, 299, 154]}, {"text": "D3", "bbox": [58, 118, 299, 154]}, {"text": "/", "bbox": [58, 118, 299, 154]}, {"text": "20", "bbox": [58, 118, 299, 154]}, {"text": ",", "bbox": [58, 118, 299, 154]}, {"text": "Indira", "bbox": [58, 118, 299, 154]}, {"text": "Gandhi", "bbox": [58, 118, 299, 154]}, {"text": "Housing", "bbox": [58, 118, 299, 154]}, {"text": "Colony", "bbox": [58, 118, 299, 154]}, {"text": "Lingipur", "bbox": [58, 118, 299, 154]}, {"text": ",", "bbox": [58, 118, 299, 154]}, {"text": "Bhubaneshwar", "bbox": [58, 118, 299, 154]}, {"text": ",", "bbox": [58, 118, 299, 154]}, {"text": "Odisha", "bbox": [58, 118, 299, 154]}, {"text": "-", "bbox": [58, 118, 299, 154]}, {"text": "751002", "bbox": [58, 118, 299, 154]}], "id": 2}, {"box": [162, 155, 229, 170], "text": "9861999321 ", "label": "vendor_phoneno", "words": [{"text": "9861999321", "bbox": [162, 155, 229, 170]}], "id": 3}, {"box": [78, 155, 155, 170], "text": "0674-2914169 ", "label": "vendor_phoneno", "words": [{"text": "0674-2914169", "bbox": [78, 155, 155, 170]}], "id": 4}, {"box": [237, 157, 303, 169], "text": "9881882449 ", "label": "vendor_phoneno", "words": [{"text": "9881882449", "bbox": [237, 157, 303, 169]}], "id": 5}, {"box": [191, 202, 281, 212], "text": "S / 2022-23 / AA1 / KZ / 23 ", "label": "receipt_number", "words": [{"text": "S", "bbox": [191, 202, 281, 212]}, {"text": "/", "bbox": [191, 202, 281, 212]}, {"text": "2022-23", "bbox": [191, 202, 281, 212]}, {"text": "/", "bbox": [191, 202, 281, 212]}, {"text": "AA1", "bbox": [191, 202, 281, 212]}, {"text": "/", "bbox": [191, 202, 281, 212]}, {"text": "KZ", "bbox": [191, 202, 281, 212]}, {"text": "/", "bbox": [191, 202, 281, 212]}, {"text": "23", "bbox": [191, 202, 281, 212]}], "id": 6}, {"box": [187, 219, 250, 231], "text": "Fri Apr 22 2022 ", "label": "transaction_date", "words": [{"text": "Fri", "bbox": [187, 219, 250, 231]}, {"text": "Apr", "bbox": [187, 219, 250, 231]}, {"text": "22", "bbox": [187, 219, 250, 231]}, {"text": "2022", "bbox": [187, 219, 250, 231]}], "id": 7}, {"box": [249, 219, 286, 230], "text": "21:01:30 ", "label": "transaction_time", "words": [{"text": "21:01:30", "bbox": [249, 219, 286, 230]}], "id": 8}, {"box": [213, 235, 261, 248], "text": "Tapan Baral ", "label": "customer_name", "words": [{"text": "Tapan", "bbox": [213, 235, 261, 248]}, {"text": "Baral", "bbox": [213, 235, 261, 248]}], "id": 9}, {"box": [209, 253, 265, 264], "text": "8093670456 ", "label": "customer_phoneno", "words": [{"text": "8093670456", "bbox": [209, 253, 265, 264]}], "id": 10}, {"box": [255, 404, 275, 416], "text": "730 ", "label": "total_amount", "words": [{"text": "730", "bbox": [255, 404, 275, 416]}], "id": 11}, {"box": [207, 464, 240, 480], "text": "95.01 ", "label": "savings", "words": [{"text": "95.01", "bbox": [207, 464, 240, 480]}], "id": 12}]}