{"form": [{"box": [94, 58, 264, 85], "text": "MO GROCERY \u2122 ", "label": "vendor_name", "words": [{"text": "MO", "bbox": [94, 58, 264, 85]}, {"text": "GROCERY", "bbox": [94, 58, 264, 85]}, {"text": "\u2122", "bbox": [94, 58, 264, 85]}], "id": 0}, {"box": [146, 107, 260, 123], "text": "21IRBPS4454Q1Z6 ", "label": "vendor_gst", "words": [{"text": "21IRBPS4454Q1Z6", "bbox": [146, 107, 260, 123]}], "id": 1}, {"box": [48, 122, 311, 161], "text": "Plot no - D3 / 20 , Indira Gandhi Housing Colony Lingipur , Bhubaneshwar , Odisha - 751002 ", "label": "vendor_address", "words": [{"text": "Plot", "bbox": [48, 122, 311, 161]}, {"text": "no", "bbox": [48, 122, 311, 161]}, {"text": "-", "bbox": [48, 122, 311, 161]}, {"text": "D3", "bbox": [48, 122, 311, 161]}, {"text": "/", "bbox": [48, 122, 311, 161]}, {"text": "20", "bbox": [48, 122, 311, 161]}, {"text": ",", "bbox": [48, 122, 311, 161]}, {"text": "Indira", "bbox": [48, 122, 311, 161]}, {"text": "Gandhi", "bbox": [48, 122, 311, 161]}, {"text": "Housing", "bbox": [48, 122, 311, 161]}, {"text": "Colony", "bbox": [48, 122, 311, 161]}, {"text": "Lingipur", "bbox": [48, 122, 311, 161]}, {"text": ",", "bbox": [48, 122, 311, 161]}, {"text": "Bhubaneshwar", "bbox": [48, 122, 311, 161]}, {"text": ",", "bbox": [48, 122, 311, 161]}, {"text": "Odisha", "bbox": [48, 122, 311, 161]}, {"text": "-", "bbox": [48, 122, 311, 161]}, {"text": "751002", "bbox": [48, 122, 311, 161]}], "id": 2}, {"box": [162, 167, 232, 182], "text": "9861999321 ", "label": "vendor_phoneno", "words": [{"text": "9861999321", "bbox": [162, 167, 232, 182]}], "id": 3}, {"box": [71, 167, 153, 182], "text": "0674-2914169 ", "label": "vendor_phoneno", "words": [{"text": "0674-2914169", "bbox": [71, 167, 153, 182]}], "id": 4}, {"box": [243, 167, 313, 182], "text": "9881882449 ", "label": "vendor_phoneno", "words": [{"text": "9881882449", "bbox": [243, 167, 313, 182]}], "id": 5}, {"box": [200, 204, 269, 215], "text": "SI / AA1 / K1 / 2760 ", "label": "receipt_number", "words": [{"text": "SI", "bbox": [200, 204, 269, 215]}, {"text": "/", "bbox": [200, 204, 269, 215]}, {"text": "AA1", "bbox": [200, 204, 269, 215]}, {"text": "/", "bbox": [200, 204, 269, 215]}, {"text": "K1", "bbox": [200, 204, 269, 215]}, {"text": "/", "bbox": [200, 204, 269, 215]}, {"text": "2760", "bbox": [200, 204, 269, 215]}], "id": 6}, {"box": [179, 222, 253, 234], "text": "Thu Mar 17 2022 ", "label": "transaction_date", "words": [{"text": "Thu", "bbox": [179, 222, 253, 234]}, {"text": "Mar", "bbox": [179, 222, 253, 234]}, {"text": "17", "bbox": [179, 222, 253, 234]}, {"text": "2022", "bbox": [179, 222, 253, 234]}], "id": 7}, {"box": [252, 222, 291, 233], "text": "13:46:50 ", "label": "transaction_time", "words": [{"text": "13:46:50", "bbox": [252, 222, 291, 233]}], "id": 8}, {"box": [199, 241, 269, 252], "text": "Sunil Sabo RDX ", "label": "customer_name", "words": [{"text": "Sunil", "bbox": [199, 241, 269, 252]}, {"text": "Sabo", "bbox": [199, 241, 269, 252]}, {"text": "RDX", "bbox": [199, 241, 269, 252]}], "id": 9}, {"box": [206, 249, 263, 258], "text": "6370242306 ", "label": "customer_phoneno", "words": [{"text": "6370242306", "bbox": [206, 249, 263, 258]}], "id": 10}, {"box": [263, 380, 281, 393], "text": "180 ", "label": "total_amount", "words": [{"text": "180", "bbox": [263, 380, 281, 393]}], "id": 11}, {"box": [217, 434, 239, 450], "text": "44 ", "label": "savings", "words": [{"text": "44", "bbox": [217, 434, 239, 450]}], "id": 12}]}