{"form": [{"box": [95, 145, 264, 169], "text": "MO GROCERY \u2122 ", "label": "vendor_name", "words": [{"text": "MO", "bbox": [95, 145, 264, 169]}, {"text": "GROCERY", "bbox": [95, 145, 264, 169]}, {"text": "\u2122", "bbox": [95, 145, 264, 169]}], "id": 0}, {"box": [149, 182, 257, 198], "text": "21IRBPS4454Q1Z6 ", "label": "vendor_gst", "words": [{"text": "21IRBPS4454Q1Z6", "bbox": [149, 182, 257, 198]}], "id": 1}, {"box": [49, 199, 310, 236], "text": "Plot no - D3 / 20 , Indira Gandhi Housing Colony Lingipur , Bhubaneshwar , Odisha - 751002 ", "label": "vendor_address", "words": [{"text": "Plot", "bbox": [49, 199, 310, 236]}, {"text": "no", "bbox": [49, 199, 310, 236]}, {"text": "-", "bbox": [49, 199, 310, 236]}, {"text": "D3", "bbox": [49, 199, 310, 236]}, {"text": "/", "bbox": [49, 199, 310, 236]}, {"text": "20", "bbox": [49, 199, 310, 236]}, {"text": ",", "bbox": [49, 199, 310, 236]}, {"text": "Indira", "bbox": [49, 199, 310, 236]}, {"text": "Gandhi", "bbox": [49, 199, 310, 236]}, {"text": "Housing", "bbox": [49, 199, 310, 236]}, {"text": "Colony", "bbox": [49, 199, 310, 236]}, {"text": "Lingipur", "bbox": [49, 199, 310, 236]}, {"text": ",", "bbox": [49, 199, 310, 236]}, {"text": "Bhubaneshwar", "bbox": [49, 199, 310, 236]}, {"text": ",", "bbox": [49, 199, 310, 236]}, {"text": "Odisha", "bbox": [49, 199, 310, 236]}, {"text": "-", "bbox": [49, 199, 310, 236]}, {"text": "751002", "bbox": [49, 199, 310, 236]}], "id": 2}, {"box": [71, 241, 152, 254], "text": "0674-2914169 ", "label": "vendor_phoneno", "words": [{"text": "0674-2914169", "bbox": [71, 241, 152, 254]}], "id": 3}, {"box": [163, 241, 233, 255], "text": "9861999321 ", "label": "vendor_phoneno", "words": [{"text": "9861999321", "bbox": [163, 241, 233, 255]}], "id": 4}, {"box": [243, 240, 313, 255], "text": "9881882449 ", "label": "vendor_phoneno", "words": [{"text": "9881882449", "bbox": [243, 240, 313, 255]}], "id": 5}, {"box": [182, 289, 285, 302], "text": "S // 2022-23 / AA1 / K1 / 157 ", "label": "receipt_number", "words": [{"text": "S", "bbox": [182, 289, 285, 302]}, {"text": "//", "bbox": [182, 289, 285, 302]}, {"text": "2022-23", "bbox": [182, 289, 285, 302]}, {"text": "/", "bbox": [182, 289, 285, 302]}, {"text": "AA1", "bbox": [182, 289, 285, 302]}, {"text": "/", "bbox": [182, 289, 285, 302]}, {"text": "K1", "bbox": [182, 289, 285, 302]}, {"text": "/", "bbox": [182, 289, 285, 302]}, {"text": "157", "bbox": [182, 289, 285, 302]}], "id": 6}, {"box": [175, 308, 253, 322], "text": "Wed Apr 06 2022 ", "label": "transaction_date", "words": [{"text": "Wed", "bbox": [175, 308, 253, 322]}, {"text": "Apr", "bbox": [175, 308, 253, 322]}, {"text": "06", "bbox": [175, 308, 253, 322]}, {"text": "2022", "bbox": [175, 308, 253, 322]}], "id": 7}, {"box": [253, 308, 292, 322], "text": "19:06:03 ", "label": "transaction_time", "words": [{"text": "19:06:03", "bbox": [253, 308, 292, 322]}], "id": 8}, {"box": [198, 327, 269, 340], "text": "Narottam Mishra ", "label": "customer_name", "words": [{"text": "Narottam", "bbox": [198, 327, 269, 340]}, {"text": "Mishra", "bbox": [198, 327, 269, 340]}], "id": 9}, {"box": [205, 346, 262, 357], "text": "9090004905 ", "label": "customer_phoneno", "words": [{"text": "9090004905", "bbox": [205, 346, 262, 357]}], "id": 10}, {"box": [244, 739, 266, 751], "text": "356 ", "label": "total_amount", "words": [{"text": "356", "bbox": [244, 739, 266, 751]}], "id": 11}, {"box": [211, 790, 245, 807], "text": "16.55 ", "label": "savings", "words": [{"text": "16.55", "bbox": [211, 790, 245, 807]}], "id": 12}]}