{"form": [{"box": [94, 145, 265, 168], "text": "MO GROCERY \u2122 ", "label": "vendor_name", "words": [{"text": "MO", "bbox": [94, 145, 265, 168]}, {"text": "GROCERY", "bbox": [94, 145, 265, 168]}, {"text": "\u2122", "bbox": [94, 145, 265, 168]}], "id": 0}, {"box": [50, 199, 307, 236], "text": "Plot no - D3 / 20 , Indira Gandhi Housing Colony Lingipur , Bhubaneshwar , Odisha - 751002 ", "label": "vendor_address", "words": [{"text": "Plot", "bbox": [50, 199, 307, 236]}, {"text": "no", "bbox": [50, 199, 307, 236]}, {"text": "-", "bbox": [50, 199, 307, 236]}, {"text": "D3", "bbox": [50, 199, 307, 236]}, {"text": "/", "bbox": [50, 199, 307, 236]}, {"text": "20", "bbox": [50, 199, 307, 236]}, {"text": ",", "bbox": [50, 199, 307, 236]}, {"text": "Indira", "bbox": [50, 199, 307, 236]}, {"text": "Gandhi", "bbox": [50, 199, 307, 236]}, {"text": "Housing", "bbox": [50, 199, 307, 236]}, {"text": "Colony", "bbox": [50, 199, 307, 236]}, {"text": "Lingipur", "bbox": [50, 199, 307, 236]}, {"text": ",", "bbox": [50, 199, 307, 236]}, {"text": "Bhubaneshwar", "bbox": [50, 199, 307, 236]}, {"text": ",", "bbox": [50, 199, 307, 236]}, {"text": "Odisha", "bbox": [50, 199, 307, 236]}, {"text": "-", "bbox": [50, 199, 307, 236]}, {"text": "751002", "bbox": [50, 199, 307, 236]}], "id": 1}, {"box": [150, 182, 257, 197], "text": "21IRBPS4454Q1Z6 ", "label": "vendor_gst", "words": [{"text": "21IRBPS4454Q1Z6", "bbox": [150, 182, 257, 197]}], "id": 2}, {"box": [70, 241, 154, 256], "text": "0674-2914169 ", "label": "vendor_phoneno", "words": [{"text": "0674-2914169", "bbox": [70, 241, 154, 256]}], "id": 3}, {"box": [163, 240, 233, 256], "text": "9861999321 ", "label": "vendor_phoneno", "words": [{"text": "9861999321", "bbox": [163, 240, 233, 256]}], "id": 4}, {"box": [242, 241, 314, 255], "text": "9881882449 ", "label": "vendor_phoneno", "words": [{"text": "9881882449", "bbox": [242, 241, 314, 255]}], "id": 5}, {"box": [202, 289, 272, 303], "text": "SVAA1 / K1 / 2974 ", "label": "receipt_number", "words": [{"text": "SVAA1", "bbox": [202, 289, 272, 303]}, {"text": "/", "bbox": [202, 289, 272, 303]}, {"text": "K1", "bbox": [202, 289, 272, 303]}, {"text": "/", "bbox": [202, 289, 272, 303]}, {"text": "2974", "bbox": [202, 289, 272, 303]}], "id": 6}, {"box": [183, 308, 251, 321], "text": "Fri Mar 25 2022 ", "label": "transaction_date", "words": [{"text": "Fri", "bbox": [183, 308, 251, 321]}, {"text": "Mar", "bbox": [183, 308, 251, 321]}, {"text": "25", "bbox": [183, 308, 251, 321]}, {"text": "2022", "bbox": [183, 308, 251, 321]}], "id": 7}, {"box": [250, 308, 291, 321], "text": "17:29:36 ", "label": "transaction_time", "words": [{"text": "17:29:36", "bbox": [250, 308, 291, 321]}], "id": 8}, {"box": [207, 327, 265, 340], "text": "subrat nayak ", "label": "customer_name", "words": [{"text": "subrat", "bbox": [207, 327, 265, 340]}, {"text": "nayak", "bbox": [207, 327, 265, 340]}], "id": 9}, {"box": [208, 347, 265, 358], "text": "9437945089 ", "label": "customer_phoneno", "words": [{"text": "9437945089", "bbox": [208, 347, 265, 358]}], "id": 10}, {"box": [262, 640, 283, 653], "text": "528 ", "label": "total_amount", "words": [{"text": "528", "bbox": [262, 640, 283, 653]}], "id": 11}, {"box": [209, 692, 246, 708], "text": "32.82 ", "label": "savings", "words": [{"text": "32.82", "bbox": [209, 692, 246, 708]}], "id": 12}]}