{"form": [{"box": [93, 57, 264, 84], "text": "MO GROCERY \u2122 ", "label": "vendor_name", "words": [{"text": "MO", "bbox": [93, 57, 264, 84]}, {"text": "GROCERY", "bbox": [93, 57, 264, 84]}, {"text": "\u2122", "bbox": [93, 57, 264, 84]}], "id": 0}, {"box": [149, 108, 257, 124], "text": "21IRBPS4454Q1Z6 ", "label": "vendor_gst", "words": [{"text": "21IRBPS4454Q1Z6", "bbox": [149, 108, 257, 124]}], "id": 1}, {"box": [50, 126, 308, 161], "text": "Plot no - D3 / 20 , Indira Gandhi Housing Colony Lingipur , Bhubaneshwar , Odisha - 751002 ", "label": "vendor_address", "words": [{"text": "Plot", "bbox": [50, 126, 308, 161]}, {"text": "no", "bbox": [50, 126, 308, 161]}, {"text": "-", "bbox": [50, 126, 308, 161]}, {"text": "D3", "bbox": [50, 126, 308, 161]}, {"text": "/", "bbox": [50, 126, 308, 161]}, {"text": "20", "bbox": [50, 126, 308, 161]}, {"text": ",", "bbox": [50, 126, 308, 161]}, {"text": "Indira", "bbox": [50, 126, 308, 161]}, {"text": "Gandhi", "bbox": [50, 126, 308, 161]}, {"text": "Housing", "bbox": [50, 126, 308, 161]}, {"text": "Colony", "bbox": [50, 126, 308, 161]}, {"text": "Lingipur", "bbox": [50, 126, 308, 161]}, {"text": ",", "bbox": [50, 126, 308, 161]}, {"text": "Bhubaneshwar", "bbox": [50, 126, 308, 161]}, {"text": ",", "bbox": [50, 126, 308, 161]}, {"text": "Odisha", "bbox": [50, 126, 308, 161]}, {"text": "-", "bbox": [50, 126, 308, 161]}, {"text": "751002", "bbox": [50, 126, 308, 161]}], "id": 2}, {"box": [71, 167, 152, 182], "text": "0674-2914169 ", "label": "vendor_phoneno", "words": [{"text": "0674-2914169", "bbox": [71, 167, 152, 182]}], "id": 3}, {"box": [162, 167, 233, 182], "text": "9861999321 ", "label": "vendor_phoneno", "words": [{"text": "9861999321", "bbox": [162, 167, 233, 182]}], "id": 4}, {"box": [243, 167, 313, 182], "text": "9881882449 ", "label": "vendor_phoneno", "words": [{"text": "9881882449", "bbox": [243, 167, 313, 182]}], "id": 5}, {"box": [183, 203, 286, 217], "text": "S // 2022-23 / AA1 / K2 / 668 ", "label": "receipt_number", "words": [{"text": "S", "bbox": [183, 203, 286, 217]}, {"text": "//", "bbox": [183, 203, 286, 217]}, {"text": "2022-23", "bbox": [183, 203, 286, 217]}, {"text": "/", "bbox": [183, 203, 286, 217]}, {"text": "AA1", "bbox": [183, 203, 286, 217]}, {"text": "/", "bbox": [183, 203, 286, 217]}, {"text": "K2", "bbox": [183, 203, 286, 217]}, {"text": "/", "bbox": [183, 203, 286, 217]}, {"text": "668", "bbox": [183, 203, 286, 217]}], "id": 6}, {"box": [179, 223, 252, 234], "text": "Sat May 14 2022 ", "label": "transaction_date", "words": [{"text": "Sat", "bbox": [179, 223, 252, 234]}, {"text": "May", "bbox": [179, 223, 252, 234]}, {"text": "14", "bbox": [179, 223, 252, 234]}, {"text": "2022", "bbox": [179, 223, 252, 234]}], "id": 7}, {"box": [250, 223, 291, 234], "text": "15:15:01 ", "label": "transaction_time", "words": [{"text": "15:15:01", "bbox": [250, 223, 291, 234]}], "id": 8}, {"box": [218, 242, 251, 251], "text": "dlenka ", "label": "customer_name", "words": [{"text": "dlenka", "bbox": [218, 242, 251, 251]}], "id": 9}, {"box": [206, 249, 264, 259], "text": "9853137436 ", "label": "customer_phoneno", "words": [{"text": "9853137436", "bbox": [206, 249, 264, 259]}], "id": 10}, {"box": [252, 820, 277, 834], "text": "1305 ", "label": "total_amount", "words": [{"text": "1305", "bbox": [252, 820, 277, 834]}], "id": 11}, {"box": [210, 875, 247, 891], "text": "156.3 ", "label": "savings", "words": [{"text": "156.3", "bbox": [210, 875, 247, 891]}], "id": 12}]}