{"form": [{"box": [62, 46, 296, 63], "text": "HANUMAN MEDICINE STORE ", "label": "vendor_name", "words": [{"text": "HANUMAN", "bbox": [62, 46, 296, 63]}, {"text": "MEDICINE", "bbox": [62, 46, 296, 63]}, {"text": "STORE", "bbox": [62, 46, 296, 63]}], "id": 0}, {"box": [65, 63, 291, 83], "text": "AT - RAGHUNATH NAGAR , P.O - DUMUDUMA PLOT NO . - 361 , BHUBANESWAR - 751019 ", "label": "vendor_address", "words": [{"text": "AT", "bbox": [65, 63, 291, 83]}, {"text": "-", "bbox": [65, 63, 291, 83]}, {"text": "RAGHUNATH", "bbox": [65, 63, 291, 83]}, {"text": "NAGAR", "bbox": [65, 63, 291, 83]}, {"text": ",", "bbox": [65, 63, 291, 83]}, {"text": "P.O", "bbox": [65, 63, 291, 83]}, {"text": "-", "bbox": [65, 63, 291, 83]}, {"text": "DUMUDUMA", "bbox": [65, 63, 291, 83]}, {"text": "PLOT", "bbox": [65, 63, 291, 83]}, {"text": "NO", "bbox": [65, 63, 291, 83]}, {"text": ".", "bbox": [65, 63, 291, 83]}, {"text": "-", "bbox": [65, 63, 291, 83]}, {"text": "361", "bbox": [65, 63, 291, 83]}, {"text": ",", "bbox": [65, 63, 291, 83]}, {"text": "BHUBANESWAR", "bbox": [65, 63, 291, 83]}, {"text": "-", "bbox": [65, 63, 291, 83]}, {"text": "751019", "bbox": [65, 63, 291, 83]}], "id": 1}, {"box": [169, 83, 226, 93], "text": "9437130890 ", "label": "vendor_phoneno", "words": [{"text": "9437130890", "bbox": [169, 83, 226, 93]}], "id": 2}, {"box": [149, 103, 244, 115], "text": "21AHOPP9866G12S ", "label": "vendor_gst", "words": [{"text": "21AHOPP9866G12S", "bbox": [149, 103, 244, 115]}], "id": 3}, {"box": [87, 126, 172, 138], "text": "CASH ", "label": "customer_name", "words": [{"text": "CASH", "bbox": [87, 126, 172, 138]}], "id": 4}, {"box": [79, 140, 149, 149], "text": "", "label": "customer_phoneno", "words": [], "id": 5}, {"box": [253, 137, 294, 150], "text": "0007231 ", "label": "receipt_number", "words": [{"text": "0007231", "bbox": [253, 137, 294, 150]}], "id": 6}, {"box": [247, 148, 299, 160], "text": "25/03/2022 ", "label": "transaction_date", "words": [{"text": "25/03/2022", "bbox": [247, 148, 299, 160]}], "id": 7}, {"box": [272, 268, 314, 284], "text": "212.00 ", "label": "total_amount", "words": [{"text": "212.00", "bbox": [272, 268, 314, 284]}], "id": 8}, {"box": [284, 238, 315, 253], "text": "23.60 ", "label": "savings", "words": [{"text": "23.60", "bbox": [284, 238, 315, 253]}], "id": 9}]}