{"form": [{"box": [121, 46, 243, 67], "text": "HOME CARE ", "label": "vendor_name", "words": [{"text": "HOME", "bbox": [121, 46, 243, 67]}, {"text": "CARE", "bbox": [121, 46, 243, 67]}], "id": 0}, {"box": [166, 93, 224, 104], "text": "9439454006 ", "label": "vendor_phoneno", "words": [{"text": "9439454006", "bbox": [166, 93, 224, 104]}], "id": 1}, {"box": [127, 113, 223, 125], "text": "21GMAPS2777C1Z6 ", "label": "vendor_gst", "words": [{"text": "21GMAPS2777C1Z6", "bbox": [127, 113, 223, 125]}], "id": 2}, {"box": [89, 126, 172, 140], "text": "CASH ", "label": "customer_name", "words": [{"text": "CASH", "bbox": [89, 126, 172, 140]}], "id": 3}, {"box": [81, 139, 150, 149], "text": "", "label": "customer_phoneno", "words": [], "id": 4}, {"box": [261, 127, 302, 139], "text": "0002693 ", "label": "receipt_number", "words": [{"text": "0002693", "bbox": [261, 127, 302, 139]}], "id": 5}, {"box": [253, 138, 308, 150], "text": "17/05/2022 ", "label": "transaction_date", "words": [{"text": "17/05/2022", "bbox": [253, 138, 308, 150]}], "id": 6}, {"box": [255, 148, 285, 160], "text": "14:21 ", "label": "transaction_time", "words": [{"text": "14:21", "bbox": [255, 148, 285, 160]}], "id": 7}, {"box": [283, 267, 323, 282], "text": "284.00 ", "label": "total_amount", "words": [{"text": "284.00", "bbox": [283, 267, 323, 282]}], "id": 8}, {"box": [288, 238, 323, 250], "text": "283.54 ", "label": "sub_total_amount", "words": [{"text": "283.54", "bbox": [288, 238, 323, 250]}], "id": 9}, {"box": [206, 286, 240, 299], "text": "44.46 ", "label": "savings", "words": [{"text": "44.46", "bbox": [206, 286, 240, 299]}], "id": 10}]}