{"form": [{"box": [62, 43, 296, 64], "text": "HANUMAN MEDICINE STORE ", "label": "vendor_name", "words": [{"text": "HANUMAN", "bbox": [62, 43, 296, 64]}, {"text": "MEDICINE", "bbox": [62, 43, 296, 64]}, {"text": "STORE", "bbox": [62, 43, 296, 64]}], "id": 0}, {"box": [169, 83, 227, 94], "text": "9437130890 ", "label": "vendor_phoneno", "words": [{"text": "9437130890", "bbox": [169, 83, 227, 94]}], "id": 1}, {"box": [127, 113, 223, 125], "text": "PU237-95 , KH - 11628 , ", "label": "vendor_gst", "words": [{"text": "PU237-95", "bbox": [127, 113, 223, 125]}, {"text": ",", "bbox": [127, 113, 223, 125]}, {"text": "KH", "bbox": [127, 113, 223, 125]}, {"text": "-", "bbox": [127, 113, 223, 125]}, {"text": "11628", "bbox": [127, 113, 223, 125]}, {"text": ",", "bbox": [127, 113, 223, 125]}], "id": 2}, {"box": [89, 125, 180, 140], "text": "CASH ", "label": "customer_name", "words": [{"text": "CASH", "bbox": [89, 125, 180, 140]}], "id": 3}, {"box": [81, 139, 150, 149], "text": "", "label": "customer_phoneno", "words": [], "id": 4}, {"box": [261, 127, 302, 139], "text": "", "label": "receipt_number", "words": [], "id": 5}, {"box": [253, 138, 308, 150], "text": "0007284 ", "label": "transaction_date", "words": [{"text": "0007284", "bbox": [253, 138, 308, 150]}], "id": 6}, {"box": [255, 148, 285, 160], "text": "", "label": "transaction_time", "words": [], "id": 7}, {"box": [272, 326, 313, 343], "text": "734.00 ", "label": "total_amount", "words": [{"text": "734.00", "bbox": [272, 326, 313, 343]}], "id": 8}, {"box": [108, 283, 143, 295], "text": "690.19 ", "label": "sub_total_amount", "words": [{"text": "690.19", "bbox": [108, 283, 143, 295]}], "id": 9}, {"box": [281, 298, 315, 311], "text": "38.66 ", "label": "savings", "words": [{"text": "38.66", "bbox": [281, 298, 315, 311]}], "id": 10}, {"box": [66, 62, 291, 84], "text": "AT - RAGHUNATH NAGAR , P.O - DUMUDUMA PLOT NO . - 361 , BHUBANESWAR - 751019 ", "label": "vendor_address", "words": [{"text": "AT", "bbox": [66, 62, 291, 84]}, {"text": "-", "bbox": [66, 62, 291, 84]}, {"text": "RAGHUNATH", "bbox": [66, 62, 291, 84]}, {"text": "NAGAR", "bbox": [66, 62, 291, 84]}, {"text": ",", "bbox": [66, 62, 291, 84]}, {"text": "P.O", "bbox": [66, 62, 291, 84]}, {"text": "-", "bbox": [66, 62, 291, 84]}, {"text": "DUMUDUMA", "bbox": [66, 62, 291, 84]}, {"text": "PLOT", "bbox": [66, 62, 291, 84]}, {"text": "NO", "bbox": [66, 62, 291, 84]}, {"text": ".", "bbox": [66, 62, 291, 84]}, {"text": "-", "bbox": [66, 62, 291, 84]}, {"text": "361", "bbox": [66, 62, 291, 84]}, {"text": ",", "bbox": [66, 62, 291, 84]}, {"text": "BHUBANESWAR", "bbox": [66, 62, 291, 84]}, {"text": "-", "bbox": [66, 62, 291, 84]}, {"text": "751019", "bbox": [66, 62, 291, 84]}], "id": 11}]}