{"form": [{"box": [64, 77, 285, 96], "text": "SRI SATYASAI ENTERPRISE ", "label": "vendor_name", "words": [{"text": "SRI", "bbox": [64, 77, 285, 96]}, {"text": "SATYASAI", "bbox": [64, 77, 285, 96]}, {"text": "ENTERPRISE", "bbox": [64, 77, 285, 96]}], "id": 0}, {"box": [72, 95, 293, 121], "text": "B - 63 , RUPALI SQUARE , SAHEED NAGAR , BHUBANESWAR - 751007 ", "label": "vendor_address", "words": [{"text": "B", "bbox": [72, 95, 293, 121]}, {"text": "-", "bbox": [72, 95, 293, 121]}, {"text": "63", "bbox": [72, 95, 293, 121]}, {"text": ",", "bbox": [72, 95, 293, 121]}, {"text": "RUPALI", "bbox": [72, 95, 293, 121]}, {"text": "SQUARE", "bbox": [72, 95, 293, 121]}, {"text": ",", "bbox": [72, 95, 293, 121]}, {"text": "SAHEED", "bbox": [72, 95, 293, 121]}, {"text": "NAGAR", "bbox": [72, 95, 293, 121]}, {"text": ",", "bbox": [72, 95, 293, 121]}, {"text": "BHUBANESWAR", "bbox": [72, 95, 293, 121]}, {"text": "-", "bbox": [72, 95, 293, 121]}, {"text": "751007", "bbox": [72, 95, 293, 121]}], "id": 1}, {"box": [158, 119, 225, 132], "text": "9437055558 ", "label": "vendor_phoneno", "words": [{"text": "9437055558", "bbox": [158, 119, 225, 132]}], "id": 2}, {"box": [146, 136, 258, 151], "text": "-21AGVPS4577PIZB ", "label": "vendor_gst", "words": [{"text": "-21AGVPS4577PIZB", "bbox": [146, 136, 258, 151]}], "id": 3}, {"box": [221, 194, 293, 209], "text": "ho ", "label": "customer_name", "words": [{"text": "ho", "bbox": [221, 194, 293, 209]}], "id": 4}, {"box": [88, 196, 183, 210], "text": "", "label": "customer_phoneno", "words": [], "id": 5}, {"box": [121, 218, 188, 234], "text": "EATS11321 ", "label": "receipt_number", "words": [{"text": "EATS11321", "bbox": [121, 218, 188, 234]}], "id": 6}, {"box": [252, 219, 314, 235], "text": "12/03/2022 ", "label": "transaction_date", "words": [{"text": "12/03/2022", "bbox": [252, 219, 314, 235]}], "id": 7}, {"box": [251, 237, 287, 254], "text": "03:02 ", "label": "transaction_time", "words": [{"text": "03:02", "bbox": [251, 237, 287, 254]}], "id": 8}, {"box": [288, 368, 324, 380], "text": "380.00 ", "label": "total_amount", "words": [{"text": "380.00", "bbox": [288, 368, 324, 380]}], "id": 9}, {"box": [190, 456, 217, 470], "text": "0.00 ", "label": "savings", "words": [{"text": "0.00", "bbox": [190, 456, 217, 470]}], "id": 10}]}