{"form": [{"box": [45, 46, 291, 62], "text": "JAY HANUMAN MEDICINE STORE ", "label": "vendor_name", "words": [{"text": "JAY", "bbox": [45, 46, 291, 62]}, {"text": "HANUMAN", "bbox": [45, 46, 291, 62]}, {"text": "MEDICINE", "bbox": [45, 46, 291, 62]}, {"text": "STORE", "bbox": [45, 46, 291, 62]}], "id": 0}, {"box": [76, 61, 261, 84], "text": "PLOT NO - 1154 / 1657 , P.O - DUMUDUMA , BHUBANESWAR - 751019 ", "label": "vendor_address", "words": [{"text": "PLOT", "bbox": [76, 61, 261, 84]}, {"text": "NO", "bbox": [76, 61, 261, 84]}, {"text": "-", "bbox": [76, 61, 261, 84]}, {"text": "1154", "bbox": [76, 61, 261, 84]}, {"text": "/", "bbox": [76, 61, 261, 84]}, {"text": "1657", "bbox": [76, 61, 261, 84]}, {"text": ",", "bbox": [76, 61, 261, 84]}, {"text": "P.O", "bbox": [76, 61, 261, 84]}, {"text": "-", "bbox": [76, 61, 261, 84]}, {"text": "DUMUDUMA", "bbox": [76, 61, 261, 84]}, {"text": ",", "bbox": [76, 61, 261, 84]}, {"text": "BHUBANESWAR", "bbox": [76, 61, 261, 84]}, {"text": "-", "bbox": [76, 61, 261, 84]}, {"text": "751019", "bbox": [76, 61, 261, 84]}], "id": 1}, {"box": [159, 83, 212, 93], "text": "9437130890 ", "label": "vendor_phoneno", "words": [{"text": "9437130890", "bbox": [159, 83, 212, 93]}], "id": 2}, {"box": [142, 103, 228, 114], "text": "21BMSPP1108B1ZJ ", "label": "vendor_gst", "words": [{"text": "21BMSPP1108B1ZJ", "bbox": [142, 103, 228, 114]}], "id": 3}, {"box": [85, 127, 210, 139], "text": "CWK LOPAMUDRA RATH ", "label": "customer_name", "words": [{"text": "CWK", "bbox": [85, 127, 210, 139]}, {"text": "LOPAMUDRA", "bbox": [85, 127, 210, 139]}, {"text": "RATH", "bbox": [85, 127, 210, 139]}], "id": 4}, {"box": [76, 139, 190, 150], "text": "", "label": "customer_phoneno", "words": [], "id": 5}, {"box": [237, 138, 278, 150], "text": "A000256 ", "label": "receipt_number", "words": [{"text": "A000256", "bbox": [237, 138, 278, 150]}], "id": 6}, {"box": [231, 149, 279, 160], "text": "14/04/2022 ", "label": "transaction_date", "words": [{"text": "14/04/2022", "bbox": [231, 149, 279, 160]}], "id": 7}, {"box": [254, 328, 294, 341], "text": "955.00 ", "label": "total_amount", "words": [{"text": "955.00", "bbox": [254, 328, 294, 341]}], "id": 8}, {"box": [265, 298, 293, 312], "text": "50.25 ", "label": "savings", "words": [{"text": "50.25", "bbox": [265, 298, 293, 312]}], "id": 9}, {"box": [103, 281, 135, 296], "text": "897.15 ", "label": "sub_total_amount", "words": [{"text": "897.15", "bbox": [103, 281, 135, 296]}], "id": 10}]}