{"form": [{"box": [121, 45, 243, 66], "text": "HOME CARE ", "label": "vendor_name", "words": [{"text": "HOME", "bbox": [121, 45, 243, 66]}, {"text": "CARE", "bbox": [121, 45, 243, 66]}], "id": 0}, {"box": [166, 93, 223, 104], "text": "9439454006 ", "label": "vendor_phoneno", "words": [{"text": "9439454006", "bbox": [166, 93, 223, 104]}], "id": 1}, {"box": [127, 114, 223, 125], "text": "21GMAPS2777C1Z6 ", "label": "vendor_gst", "words": [{"text": "21GMAPS2777C1Z6", "bbox": [127, 114, 223, 125]}], "id": 2}, {"box": [260, 128, 302, 139], "text": "0001029 ", "label": "receipt_number", "words": [{"text": "0001029", "bbox": [260, 128, 302, 139]}], "id": 3}, {"box": [254, 138, 307, 150], "text": "19/04/2022 ", "label": "transaction_date", "words": [{"text": "19/04/2022", "bbox": [254, 138, 307, 150]}], "id": 4}, {"box": [256, 149, 284, 159], "text": "17:56 ", "label": "transaction_time", "words": [{"text": "17:56", "bbox": [256, 149, 284, 159]}], "id": 5}, {"box": [88, 128, 165, 139], "text": "CASH ", "label": "customer_name", "words": [{"text": "CASH", "bbox": [88, 128, 165, 139]}], "id": 6}, {"box": [81, 139, 167, 149], "text": "", "label": "customer_phoneno", "words": [], "id": 7}, {"box": [207, 282, 239, 296], "text": "10.57 ", "label": "savings", "words": [{"text": "10.57", "bbox": [207, 282, 239, 296]}], "id": 8}, {"box": [289, 224, 322, 236], "text": "375.43 ", "label": "sub_total_amount", "words": [{"text": "375.43", "bbox": [289, 224, 322, 236]}], "id": 9}, {"box": [284, 254, 323, 267], "text": "375.00 ", "label": "total_amount", "words": [{"text": "375.00", "bbox": [284, 254, 323, 267]}], "id": 10}]}