{"form": [{"box": [102, 45, 217, 63], "text": "WHITE SAND ", "label": "vendor_name", "words": [{"text": "WHITE", "bbox": [102, 45, 217, 63]}, {"text": "SAND", "bbox": [102, 45, 217, 63]}], "id": 0}, {"box": [71, 61, 248, 100], "text": "Shiraz Golden Restaurant Madhusudan Nagar , Unit - 4 , Bhubaneswar ", "label": "vendor_address", "words": [{"text": "Shiraz", "bbox": [71, 61, 248, 100]}, {"text": "Golden", "bbox": [71, 61, 248, 100]}, {"text": "Restaurant", "bbox": [71, 61, 248, 100]}, {"text": "Madhusudan", "bbox": [71, 61, 248, 100]}, {"text": "Nagar", "bbox": [71, 61, 248, 100]}, {"text": ",", "bbox": [71, 61, 248, 100]}, {"text": "Unit", "bbox": [71, 61, 248, 100]}, {"text": "-", "bbox": [71, 61, 248, 100]}, {"text": "4", "bbox": [71, 61, 248, 100]}, {"text": ",", "bbox": [71, 61, 248, 100]}, {"text": "Bhubaneswar", "bbox": [71, 61, 248, 100]}], "id": 1}, {"box": [91, 102, 172, 116], "text": "", "label": "vendor_phoneno", "words": [], "id": 2}, {"box": [175, 102, 257, 117], "text": "", "label": "vendor_phoneno", "words": [], "id": 3}, {"box": [120, 117, 248, 131], "text": "21AABFW3989K1ZS ", "label": "vendor_gst", "words": [{"text": "21AABFW3989K1ZS", "bbox": [120, 117, 248, 131]}], "id": 4}, {"box": [76, 139, 250, 156], "text": "", "label": "customer_name", "words": [], "id": 5}, {"box": [72, 166, 135, 182], "text": "22/05/22 ", "label": "transaction_date", "words": [{"text": "22/05/22", "bbox": [72, 166, 135, 182]}], "id": 6}, {"box": [214, 179, 256, 193], "text": "89475 ", "label": "receipt_number", "words": [{"text": "89475", "bbox": [214, 179, 256, 193]}], "id": 7}, {"box": [229, 394, 285, 409], "text": "970.00 ", "label": "total_amount", "words": [{"text": "970.00", "bbox": [229, 394, 285, 409]}], "id": 8}]}