{"form": [{"box": [120, 46, 244, 66], "text": "HOME CARE ", "label": "vendor_name", "words": [{"text": "HOME", "bbox": [120, 46, 244, 66]}, {"text": "CARE", "bbox": [120, 46, 244, 66]}], "id": 0}, {"box": [165, 93, 224, 105], "text": "9439454006 ", "label": "vendor_phoneno", "words": [{"text": "9439454006", "bbox": [165, 93, 224, 105]}], "id": 1}, {"box": [127, 114, 223, 127], "text": "21GMAPS2777C1Z6 ", "label": "vendor_gst", "words": [{"text": "21GMAPS2777C1Z6", "bbox": [127, 114, 223, 127]}], "id": 2}, {"box": [88, 127, 175, 139], "text": "CASH ", "label": "customer_name", "words": [{"text": "CASH", "bbox": [88, 127, 175, 139]}], "id": 3}, {"box": [81, 138, 173, 149], "text": "", "label": "customer_phoneno", "words": [], "id": 4}, {"box": [261, 127, 301, 138], "text": "0013620 ", "label": "receipt_number", "words": [{"text": "0013620", "bbox": [261, 127, 301, 138]}], "id": 5}, {"box": [254, 138, 305, 149], "text": "29/03/2022 ", "label": "transaction_date", "words": [{"text": "29/03/2022", "bbox": [254, 138, 305, 149]}], "id": 6}, {"box": [256, 148, 283, 159], "text": "12:47 ", "label": "transaction_time", "words": [{"text": "12:47", "bbox": [256, 148, 283, 159]}], "id": 7}, {"box": [288, 266, 323, 282], "text": "98.00 ", "label": "total_amount", "words": [{"text": "98.00", "bbox": [288, 266, 323, 282]}], "id": 8}, {"box": [294, 239, 322, 249], "text": "98.00 ", "label": "sub_total_amount", "words": [{"text": "98.00", "bbox": [294, 239, 322, 249]}], "id": 9}, {"box": [208, 285, 235, 301], "text": "3.00 ", "label": "savings", "words": [{"text": "3.00", "bbox": [208, 285, 235, 301]}], "id": 10}]}