{"form": [{"box": [121, 46, 243, 68], "text": "HOME CARE ", "label": "vendor_name", "words": [{"text": "HOME", "bbox": [121, 46, 243, 68]}, {"text": "CARE", "bbox": [121, 46, 243, 68]}], "id": 0}, {"box": [166, 93, 223, 103], "text": "9439454006 ", "label": "vendor_phoneno", "words": [{"text": "9439454006", "bbox": [166, 93, 223, 103]}], "id": 1}, {"box": [127, 113, 222, 126], "text": "21GMAPS2777C1Z6 ", "label": "vendor_gst", "words": [{"text": "21GMAPS2777C1Z6", "bbox": [127, 113, 222, 126]}], "id": 2}, {"box": [89, 128, 195, 138], "text": "CASH ", "label": "customer_name", "words": [{"text": "CASH", "bbox": [89, 128, 195, 138]}], "id": 3}, {"box": [81, 137, 193, 148], "text": "", "label": "customer_phoneno", "words": [], "id": 4}, {"box": [260, 128, 302, 138], "text": "0013480 ", "label": "receipt_number", "words": [{"text": "0013480", "bbox": [260, 128, 302, 138]}], "id": 5}, {"box": [254, 138, 307, 150], "text": "26/03/2022 ", "label": "transaction_date", "words": [{"text": "26/03/2022", "bbox": [254, 138, 307, 150]}], "id": 6}, {"box": [257, 148, 283, 160], "text": "16:41 ", "label": "transaction_time", "words": [{"text": "16:41", "bbox": [257, 148, 283, 160]}], "id": 7}, {"box": [288, 283, 322, 295], "text": "174.00 ", "label": "sub_total_amount", "words": [{"text": "174.00", "bbox": [288, 283, 322, 295]}], "id": 8}, {"box": [284, 312, 322, 327], "text": "174.00 ", "label": "total_amount", "words": [{"text": "174.00", "bbox": [284, 312, 322, 327]}], "id": 9}, {"box": [209, 341, 236, 356], "text": "2.00 ", "label": "savings", "words": [{"text": "2.00", "bbox": [209, 341, 236, 356]}], "id": 10}]}