{"form": [{"box": [94, 142, 263, 167], "text": "MO GROCERY \u2122 ", "label": "vendor_name", "words": [{"text": "MO", "bbox": [94, 142, 263, 167]}, {"text": "GROCERY", "bbox": [94, 142, 263, 167]}, {"text": "\u2122", "bbox": [94, 142, 263, 167]}], "id": 0}, {"box": [148, 182, 256, 197], "text": "21IRBPS4454Q1Z6 ", "label": "vendor_gst", "words": [{"text": "21IRBPS4454Q1Z6", "bbox": [148, 182, 256, 197]}], "id": 1}, {"box": [50, 198, 308, 236], "text": "Plot no - D3 / 20 , Indira Gandhi Housing Colony Lingipur , Bhubaneshwar , Odisha - 751002 ", "label": "vendor_address", "words": [{"text": "Plot", "bbox": [50, 198, 308, 236]}, {"text": "no", "bbox": [50, 198, 308, 236]}, {"text": "-", "bbox": [50, 198, 308, 236]}, {"text": "D3", "bbox": [50, 198, 308, 236]}, {"text": "/", "bbox": [50, 198, 308, 236]}, {"text": "20", "bbox": [50, 198, 308, 236]}, {"text": ",", "bbox": [50, 198, 308, 236]}, {"text": "Indira", "bbox": [50, 198, 308, 236]}, {"text": "Gandhi", "bbox": [50, 198, 308, 236]}, {"text": "Housing", "bbox": [50, 198, 308, 236]}, {"text": "Colony", "bbox": [50, 198, 308, 236]}, {"text": "Lingipur", "bbox": [50, 198, 308, 236]}, {"text": ",", "bbox": [50, 198, 308, 236]}, {"text": "Bhubaneshwar", "bbox": [50, 198, 308, 236]}, {"text": ",", "bbox": [50, 198, 308, 236]}, {"text": "Odisha", "bbox": [50, 198, 308, 236]}, {"text": "-", "bbox": [50, 198, 308, 236]}, {"text": "751002", "bbox": [50, 198, 308, 236]}], "id": 2}, {"box": [70, 240, 153, 257], "text": "0674-2914169 ", "label": "vendor_phoneno", "words": [{"text": "0674-2914169", "bbox": [70, 240, 153, 257]}], "id": 3}, {"box": [163, 240, 233, 256], "text": "9861999321 ", "label": "vendor_phoneno", "words": [{"text": "9861999321", "bbox": [163, 240, 233, 256]}], "id": 4}, {"box": [242, 240, 313, 257], "text": "9881882449 ", "label": "vendor_phoneno", "words": [{"text": "9881882449", "bbox": [242, 240, 313, 257]}], "id": 5}, {"box": [198, 288, 268, 303], "text": "SI / AA1 / K1 / 2921 ", "label": "receipt_number", "words": [{"text": "SI", "bbox": [198, 288, 268, 303]}, {"text": "/", "bbox": [198, 288, 268, 303]}, {"text": "AA1", "bbox": [198, 288, 268, 303]}, {"text": "/", "bbox": [198, 288, 268, 303]}, {"text": "K1", "bbox": [198, 288, 268, 303]}, {"text": "/", "bbox": [198, 288, 268, 303]}, {"text": "2921", "bbox": [198, 288, 268, 303]}], "id": 6}, {"box": [175, 307, 253, 320], "text": "Wed Mar 23 2022 ", "label": "transaction_date", "words": [{"text": "Wed", "bbox": [175, 307, 253, 320]}, {"text": "Mar", "bbox": [175, 307, 253, 320]}, {"text": "23", "bbox": [175, 307, 253, 320]}, {"text": "2022", "bbox": [175, 307, 253, 320]}], "id": 7}, {"box": [252, 308, 292, 320], "text": "18:39:59 ", "label": "transaction_time", "words": [{"text": "18:39:59", "bbox": [252, 308, 292, 320]}], "id": 8}, {"box": [191, 326, 276, 339], "text": "Harshita Mohapatra ", "label": "customer_name", "words": [{"text": "Harshita", "bbox": [191, 326, 276, 339]}, {"text": "Mohapatra", "bbox": [191, 326, 276, 339]}], "id": 9}, {"box": [205, 345, 263, 358], "text": "3178156886 ", "label": "customer_phoneno", "words": [{"text": "3178156886", "bbox": [205, 345, 263, 358]}], "id": 10}, {"box": [281, 440, 301, 453], "text": "179 ", "label": "total_amount", "words": [{"text": "179", "bbox": [281, 440, 301, 453]}], "id": 11}, {"box": [214, 494, 242, 509], "text": "19.9 ", "label": "savings", "words": [{"text": "19.9", "bbox": [214, 494, 242, 509]}], "id": 12}]}