{"form": [{"box": [93, 58, 265, 85], "text": "MO GROCERY \u2122 ", "label": "vendor_name", "words": [{"text": "MO", "bbox": [93, 58, 265, 85]}, {"text": "GROCERY", "bbox": [93, 58, 265, 85]}, {"text": "\u2122", "bbox": [93, 58, 265, 85]}], "id": 0}, {"box": [149, 107, 257, 123], "text": "21IRBPS4454Q1Z6 ", "label": "vendor_gst", "words": [{"text": "21IRBPS4454Q1Z6", "bbox": [149, 107, 257, 123]}], "id": 1}, {"box": [51, 125, 309, 163], "text": "Plot no - D3 / 20 , Indira Gandhi Housing Colony Lingipur , Bhubaneshwar , Odisha - 751002 ", "label": "vendor_address", "words": [{"text": "Plot", "bbox": [51, 125, 309, 163]}, {"text": "no", "bbox": [51, 125, 309, 163]}, {"text": "-", "bbox": [51, 125, 309, 163]}, {"text": "D3", "bbox": [51, 125, 309, 163]}, {"text": "/", "bbox": [51, 125, 309, 163]}, {"text": "20", "bbox": [51, 125, 309, 163]}, {"text": ",", "bbox": [51, 125, 309, 163]}, {"text": "Indira", "bbox": [51, 125, 309, 163]}, {"text": "Gandhi", "bbox": [51, 125, 309, 163]}, {"text": "Housing", "bbox": [51, 125, 309, 163]}, {"text": "Colony", "bbox": [51, 125, 309, 163]}, {"text": "Lingipur", "bbox": [51, 125, 309, 163]}, {"text": ",", "bbox": [51, 125, 309, 163]}, {"text": "Bhubaneshwar", "bbox": [51, 125, 309, 163]}, {"text": ",", "bbox": [51, 125, 309, 163]}, {"text": "Odisha", "bbox": [51, 125, 309, 163]}, {"text": "-", "bbox": [51, 125, 309, 163]}, {"text": "751002", "bbox": [51, 125, 309, 163]}], "id": 2}, {"box": [70, 166, 153, 183], "text": "0674-2914169 ", "label": "vendor_phoneno", "words": [{"text": "0674-2914169", "bbox": [70, 166, 153, 183]}], "id": 3}, {"box": [163, 166, 233, 182], "text": "9861999321 ", "label": "vendor_phoneno", "words": [{"text": "9861999321", "bbox": [163, 166, 233, 182]}], "id": 4}, {"box": [243, 165, 314, 182], "text": "9881882449 ", "label": "vendor_phoneno", "words": [{"text": "9881882449", "bbox": [243, 165, 314, 182]}], "id": 5}, {"box": [182, 201, 286, 217], "text": "SI / 2022-23 / AA1 / K2 / 387 ", "label": "receipt_number", "words": [{"text": "SI", "bbox": [182, 201, 286, 217]}, {"text": "/", "bbox": [182, 201, 286, 217]}, {"text": "2022-23", "bbox": [182, 201, 286, 217]}, {"text": "/", "bbox": [182, 201, 286, 217]}, {"text": "AA1", "bbox": [182, 201, 286, 217]}, {"text": "/", "bbox": [182, 201, 286, 217]}, {"text": "K2", "bbox": [182, 201, 286, 217]}, {"text": "/", "bbox": [182, 201, 286, 217]}, {"text": "387", "bbox": [182, 201, 286, 217]}], "id": 6}, {"box": [175, 221, 253, 234], "text": "Thu May 05 2022 ", "label": "transaction_date", "words": [{"text": "Thu", "bbox": [175, 221, 253, 234]}, {"text": "May", "bbox": [175, 221, 253, 234]}, {"text": "05", "bbox": [175, 221, 253, 234]}, {"text": "2022", "bbox": [175, 221, 253, 234]}], "id": 7}, {"box": [252, 222, 292, 234], "text": "19:57:12 ", "label": "transaction_time", "words": [{"text": "19:57:12", "bbox": [252, 222, 292, 234]}], "id": 8}, {"box": [181, 241, 286, 254], "text": "Bipul Biswaranjan Swain ", "label": "customer_name", "words": [{"text": "Bipul", "bbox": [181, 241, 286, 254]}, {"text": "Biswaranjan", "bbox": [181, 241, 286, 254]}, {"text": "Swain", "bbox": [181, 241, 286, 254]}], "id": 9}, {"box": [206, 259, 264, 272], "text": "7205170755 ", "label": "customer_phoneno", "words": [{"text": "7205170755", "bbox": [206, 259, 264, 272]}], "id": 10}, {"box": [265, 394, 279, 405], "text": "52 ", "label": "total_amount", "words": [{"text": "52", "bbox": [265, 394, 279, 405]}], "id": 11}]}