{"form": [{"box": [113, 34, 235, 52], "text": "NIRMAL STORE ", "label": "vendor_name", "words": [{"text": "NIRMAL", "bbox": [113, 34, 235, 52]}, {"text": "STORE", "bbox": [113, 34, 235, 52]}], "id": 0}, {"box": [35, 52, 308, 67], "text": "432 , GANESH MANDAP CHHAK , JHARPADA , BBSR - 6 . ", "label": "vendor_address", "words": [{"text": "432", "bbox": [35, 52, 308, 67]}, {"text": ",", "bbox": [35, 52, 308, 67]}, {"text": "GANESH", "bbox": [35, 52, 308, 67]}, {"text": "MANDAP", "bbox": [35, 52, 308, 67]}, {"text": "CHHAK", "bbox": [35, 52, 308, 67]}, {"text": ",", "bbox": [35, 52, 308, 67]}, {"text": "JHARPADA", "bbox": [35, 52, 308, 67]}, {"text": ",", "bbox": [35, 52, 308, 67]}, {"text": "BBSR", "bbox": [35, 52, 308, 67]}, {"text": "-", "bbox": [35, 52, 308, 67]}, {"text": "6", "bbox": [35, 52, 308, 67]}, {"text": ".", "bbox": [35, 52, 308, 67]}], "id": 1}, {"box": [70, 80, 174, 93], "text": "", "label": "vendor_gst", "words": [], "id": 2}, {"box": [69, 93, 138, 106], "text": "", "label": "vendor_phoneno", "words": [], "id": 3}, {"box": [103, 121, 244, 134], "text": "01/03/2022 to 31/03/2022 ", "label": "transaction_date", "words": [{"text": "01/03/2022", "bbox": [103, 121, 244, 134]}, {"text": "to", "bbox": [103, 121, 244, 134]}, {"text": "31/03/2022", "bbox": [103, 121, 244, 134]}], "id": 4}, {"box": [94, 134, 191, 146], "text": "BAIKUNTHA SAHU ", "label": "customer_name", "words": [{"text": "BAIKUNTHA", "bbox": [94, 134, 191, 146]}, {"text": "SAHU", "bbox": [94, 134, 191, 146]}], "id": 5}, {"box": [194, 134, 260, 147], "text": "9938983310 ", "label": "customer_phoneno", "words": [{"text": "9938983310", "bbox": [194, 134, 260, 147]}], "id": 6}, {"box": [263, 501, 310, 518], "text": "4240.00 ", "label": "total_amount", "words": [{"text": "4240.00", "bbox": [263, 501, 310, 518]}], "id": 7}]}