{"form": [{"box": [92, 142, 265, 167], "text": "MO GROCERY \u2122 ", "label": "vendor_name", "words": [{"text": "MO", "bbox": [92, 142, 265, 167]}, {"text": "GROCERY", "bbox": [92, 142, 265, 167]}, {"text": "\u2122", "bbox": [92, 142, 265, 167]}], "id": 0}, {"box": [149, 181, 257, 198], "text": "21IRBPS4454Q1Z6 ", "label": "vendor_gst", "words": [{"text": "21IRBPS4454Q1Z6", "bbox": [149, 181, 257, 198]}], "id": 1}, {"box": [48, 200, 311, 236], "text": "Plot no - D3 / 20 , Indira Gandhi Housing Colony Lingipur , Bhubaneshwar , Odisha - 751002 ", "label": "vendor_address", "words": [{"text": "Plot", "bbox": [48, 200, 311, 236]}, {"text": "no", "bbox": [48, 200, 311, 236]}, {"text": "-", "bbox": [48, 200, 311, 236]}, {"text": "D3", "bbox": [48, 200, 311, 236]}, {"text": "/", "bbox": [48, 200, 311, 236]}, {"text": "20", "bbox": [48, 200, 311, 236]}, {"text": ",", "bbox": [48, 200, 311, 236]}, {"text": "Indira", "bbox": [48, 200, 311, 236]}, {"text": "Gandhi", "bbox": [48, 200, 311, 236]}, {"text": "Housing", "bbox": [48, 200, 311, 236]}, {"text": "Colony", "bbox": [48, 200, 311, 236]}, {"text": "Lingipur", "bbox": [48, 200, 311, 236]}, {"text": ",", "bbox": [48, 200, 311, 236]}, {"text": "Bhubaneshwar", "bbox": [48, 200, 311, 236]}, {"text": ",", "bbox": [48, 200, 311, 236]}, {"text": "Odisha", "bbox": [48, 200, 311, 236]}, {"text": "-", "bbox": [48, 200, 311, 236]}, {"text": "751002", "bbox": [48, 200, 311, 236]}], "id": 2}, {"box": [70, 241, 154, 257], "text": "0674-2914169 ", "label": "vendor_phoneno", "words": [{"text": "0674-2914169", "bbox": [70, 241, 154, 257]}], "id": 3}, {"box": [162, 241, 233, 257], "text": "9861999321 ", "label": "vendor_phoneno", "words": [{"text": "9861999321", "bbox": [162, 241, 233, 257]}], "id": 4}, {"box": [243, 241, 313, 256], "text": "9881882449 ", "label": "vendor_phoneno", "words": [{"text": "9881882449", "bbox": [243, 241, 313, 256]}], "id": 5}, {"box": [182, 290, 285, 301], "text": "SI / 2022-23 / AA1 / K1 / 302 ", "label": "receipt_number", "words": [{"text": "SI", "bbox": [182, 290, 285, 301]}, {"text": "/", "bbox": [182, 290, 285, 301]}, {"text": "2022-23", "bbox": [182, 290, 285, 301]}, {"text": "/", "bbox": [182, 290, 285, 301]}, {"text": "AA1", "bbox": [182, 290, 285, 301]}, {"text": "/", "bbox": [182, 290, 285, 301]}, {"text": "K1", "bbox": [182, 290, 285, 301]}, {"text": "/", "bbox": [182, 290, 285, 301]}, {"text": "302", "bbox": [182, 290, 285, 301]}], "id": 6}, {"box": [177, 308, 252, 320], "text": "Mon Apr 11 2022 ", "label": "transaction_date", "words": [{"text": "Mon", "bbox": [177, 308, 252, 320]}, {"text": "Apr", "bbox": [177, 308, 252, 320]}, {"text": "11", "bbox": [177, 308, 252, 320]}, {"text": "2022", "bbox": [177, 308, 252, 320]}], "id": 7}, {"box": [251, 308, 292, 321], "text": "10:38:16 ", "label": "transaction_time", "words": [{"text": "10:38:16", "bbox": [251, 308, 292, 321]}], "id": 8}, {"box": [174, 328, 292, 339], "text": "", "label": "customer_name", "words": [], "id": 9}, {"box": [172, 345, 294, 355], "text": "", "label": "customer_phoneno", "words": [], "id": 10}, {"box": [257, 496, 281, 509], "text": "400 ", "label": "total_amount", "words": [{"text": "400", "bbox": [257, 496, 281, 509]}], "id": 11}, {"box": [213, 551, 243, 565], "text": "44.4 ", "label": "savings", "words": [{"text": "44.4", "bbox": [213, 551, 243, 565]}], "id": 12}]}