{"form": [{"box": [102, 45, 215, 63], "text": "WHITE SAND ", "label": "vendor_name", "words": [{"text": "WHITE", "bbox": [102, 45, 215, 63]}, {"text": "SAND", "bbox": [102, 45, 215, 63]}], "id": 0}, {"box": [71, 72, 250, 98], "text": "Madhusudan Nagar , Unit - 4 , Bhubaneswar ", "label": "vendor_address", "words": [{"text": "Madhusudan", "bbox": [71, 72, 250, 98]}, {"text": "Nagar", "bbox": [71, 72, 250, 98]}, {"text": ",", "bbox": [71, 72, 250, 98]}, {"text": "Unit", "bbox": [71, 72, 250, 98]}, {"text": "-", "bbox": [71, 72, 250, 98]}, {"text": "4", "bbox": [71, 72, 250, 98]}, {"text": ",", "bbox": [71, 72, 250, 98]}, {"text": "Bhubaneswar", "bbox": [71, 72, 250, 98]}], "id": 1}, {"box": [93, 97, 171, 110], "text": "", "label": "vendor_phoneno", "words": [], "id": 2}, {"box": [175, 96, 256, 109], "text": "", "label": "vendor_phoneno", "words": [], "id": 3}, {"box": [121, 108, 250, 120], "text": "21AABFW3989K1ZS ", "label": "vendor_gst", "words": [{"text": "21AABFW3989K1ZS", "bbox": [121, 108, 250, 120]}], "id": 4}, {"box": [77, 127, 235, 143], "text": "", "label": "customer_name", "words": [], "id": 5}, {"box": [73, 155, 133, 170], "text": "15/05/22 ", "label": "transaction_date", "words": [{"text": "15/05/22", "bbox": [73, 155, 133, 170]}], "id": 6}, {"box": [214, 168, 258, 181], "text": "89155 ", "label": "receipt_number", "words": [{"text": "89155", "bbox": [214, 168, 258, 181]}], "id": 7}, {"box": [231, 381, 287, 397], "text": "1790.49 ", "label": "sub_total_amount", "words": [{"text": "1790.49", "bbox": [231, 381, 287, 397]}], "id": 8}, {"box": [221, 442, 286, 458], "text": "1880.00 ", "label": "total_amount", "words": [{"text": "1880.00", "bbox": [221, 442, 286, 458]}], "id": 9}]}