{"form": [{"box": [95, 144, 263, 168], "text": "MO GROCERY \u2122 ", "label": "vendor_name", "words": [{"text": "MO", "bbox": [95, 144, 263, 168]}, {"text": "GROCERY", "bbox": [95, 144, 263, 168]}, {"text": "\u2122", "bbox": [95, 144, 263, 168]}], "id": 0}, {"box": [149, 182, 259, 198], "text": "21IRBPS4454Q1Z6 ", "label": "vendor_gst", "words": [{"text": "21IRBPS4454Q1Z6", "bbox": [149, 182, 259, 198]}], "id": 1}, {"box": [50, 199, 308, 236], "text": "Plot no - D3 / 20 , Indira Gandhi Housing Colony Lingipur , Bhubaneshwar , Odisha - 751002 ", "label": "vendor_address", "words": [{"text": "Plot", "bbox": [50, 199, 308, 236]}, {"text": "no", "bbox": [50, 199, 308, 236]}, {"text": "-", "bbox": [50, 199, 308, 236]}, {"text": "D3", "bbox": [50, 199, 308, 236]}, {"text": "/", "bbox": [50, 199, 308, 236]}, {"text": "20", "bbox": [50, 199, 308, 236]}, {"text": ",", "bbox": [50, 199, 308, 236]}, {"text": "Indira", "bbox": [50, 199, 308, 236]}, {"text": "Gandhi", "bbox": [50, 199, 308, 236]}, {"text": "Housing", "bbox": [50, 199, 308, 236]}, {"text": "Colony", "bbox": [50, 199, 308, 236]}, {"text": "Lingipur", "bbox": [50, 199, 308, 236]}, {"text": ",", "bbox": [50, 199, 308, 236]}, {"text": "Bhubaneshwar", "bbox": [50, 199, 308, 236]}, {"text": ",", "bbox": [50, 199, 308, 236]}, {"text": "Odisha", "bbox": [50, 199, 308, 236]}, {"text": "-", "bbox": [50, 199, 308, 236]}, {"text": "751002", "bbox": [50, 199, 308, 236]}], "id": 2}, {"box": [70, 241, 153, 256], "text": "0674-2914169 ", "label": "vendor_phoneno", "words": [{"text": "0674-2914169", "bbox": [70, 241, 153, 256]}], "id": 3}, {"box": [162, 240, 233, 256], "text": "9861999321 ", "label": "vendor_phoneno", "words": [{"text": "9861999321", "bbox": [162, 240, 233, 256]}], "id": 4}, {"box": [242, 241, 314, 256], "text": "9881882449 ", "label": "vendor_phoneno", "words": [{"text": "9881882449", "bbox": [242, 241, 314, 256]}], "id": 5}, {"box": [198, 290, 272, 302], "text": "SVAA1 / K1 / 2973 ", "label": "receipt_number", "words": [{"text": "SVAA1", "bbox": [198, 290, 272, 302]}, {"text": "/", "bbox": [198, 290, 272, 302]}, {"text": "K1", "bbox": [198, 290, 272, 302]}, {"text": "/", "bbox": [198, 290, 272, 302]}, {"text": "2973", "bbox": [198, 290, 272, 302]}], "id": 6}, {"box": [182, 307, 252, 319], "text": "Fri Mar 25 2022 ", "label": "transaction_date", "words": [{"text": "Fri", "bbox": [182, 307, 252, 319]}, {"text": "Mar", "bbox": [182, 307, 252, 319]}, {"text": "25", "bbox": [182, 307, 252, 319]}, {"text": "2022", "bbox": [182, 307, 252, 319]}], "id": 7}, {"box": [250, 308, 290, 320], "text": "17:24:47 ", "label": "transaction_time", "words": [{"text": "17:24:47", "bbox": [250, 308, 290, 320]}], "id": 8}, {"box": [177, 326, 293, 338], "text": "", "label": "customer_name", "words": [], "id": 9}, {"box": [177, 345, 293, 356], "text": "", "label": "customer_phoneno", "words": [], "id": 10}, {"box": [257, 471, 281, 485], "text": "212 ", "label": "total_amount", "words": [{"text": "212", "bbox": [257, 471, 281, 485]}], "id": 11}]}