{"form": [{"box": [101, 44, 218, 63], "text": "WHITE SAND ", "label": "vendor_name", "words": [{"text": "WHITE", "bbox": [101, 44, 218, 63]}, {"text": "SAND", "bbox": [101, 44, 218, 63]}], "id": 0}, {"box": [67, 72, 250, 101], "text": "Madhusudan Nagar , Unit - 4 , Bhubaneswar ", "label": "vendor_address", "words": [{"text": "Madhusudan", "bbox": [67, 72, 250, 101]}, {"text": "Nagar", "bbox": [67, 72, 250, 101]}, {"text": ",", "bbox": [67, 72, 250, 101]}, {"text": "Unit", "bbox": [67, 72, 250, 101]}, {"text": "-", "bbox": [67, 72, 250, 101]}, {"text": "4", "bbox": [67, 72, 250, 101]}, {"text": ",", "bbox": [67, 72, 250, 101]}, {"text": "Bhubaneswar", "bbox": [67, 72, 250, 101]}], "id": 1}, {"box": [91, 100, 174, 117], "text": "", "label": "vendor_phoneno", "words": [], "id": 2}, {"box": [175, 100, 257, 116], "text": "", "label": "vendor_phoneno", "words": [], "id": 3}, {"box": [119, 116, 250, 132], "text": "21AABFW3989K1ZS ", "label": "vendor_gst", "words": [{"text": "21AABFW3989K1ZS", "bbox": [119, 116, 250, 132]}], "id": 4}, {"box": [72, 165, 134, 184], "text": "17/05/22 ", "label": "transaction_date", "words": [{"text": "17/05/22", "bbox": [72, 165, 134, 184]}], "id": 5}, {"box": [78, 140, 239, 156], "text": "", "label": "customer_name", "words": [], "id": 6}, {"box": [214, 180, 255, 193], "text": "89231 ", "label": "receipt_number", "words": [{"text": "89231", "bbox": [214, 180, 255, 193]}], "id": 7}, {"box": [230, 347, 286, 362], "text": "540.00 ", "label": "total_amount", "words": [{"text": "540.00", "bbox": [230, 347, 286, 362]}], "id": 8}]}