{"form": [{"box": [65, 78, 286, 94], "text": "SRI SATYASAI ENTERPRISE ", "label": "vendor_name", "words": [{"text": "SRI", "bbox": [65, 78, 286, 94]}, {"text": "SATYASAI", "bbox": [65, 78, 286, 94]}, {"text": "ENTERPRISE", "bbox": [65, 78, 286, 94]}], "id": 0}, {"box": [75, 96, 292, 122], "text": "B - 63 , RUPALI SQUARE , SAHEED NAGAR , BHUBANESWAR - 751007 ", "label": "vendor_address", "words": [{"text": "B", "bbox": [75, 96, 292, 122]}, {"text": "-", "bbox": [75, 96, 292, 122]}, {"text": "63", "bbox": [75, 96, 292, 122]}, {"text": ",", "bbox": [75, 96, 292, 122]}, {"text": "RUPALI", "bbox": [75, 96, 292, 122]}, {"text": "SQUARE", "bbox": [75, 96, 292, 122]}, {"text": ",", "bbox": [75, 96, 292, 122]}, {"text": "SAHEED", "bbox": [75, 96, 292, 122]}, {"text": "NAGAR", "bbox": [75, 96, 292, 122]}, {"text": ",", "bbox": [75, 96, 292, 122]}, {"text": "BHUBANESWAR", "bbox": [75, 96, 292, 122]}, {"text": "-", "bbox": [75, 96, 292, 122]}, {"text": "751007", "bbox": [75, 96, 292, 122]}], "id": 1}, {"box": [157, 120, 225, 134], "text": "9437055558 ", "label": "vendor_phoneno", "words": [{"text": "9437055558", "bbox": [157, 120, 225, 134]}], "id": 2}, {"box": [146, 137, 261, 152], "text": "-21AGVPS4577PIZB ", "label": "vendor_gst", "words": [{"text": "-21AGVPS4577PIZB", "bbox": [146, 137, 261, 152]}], "id": 3}, {"box": [89, 195, 182, 211], "text": "", "label": "customer_phoneno", "words": [], "id": 4}, {"box": [221, 193, 306, 209], "text": "ho ", "label": "customer_name", "words": [{"text": "ho", "bbox": [221, 193, 306, 209]}], "id": 5}, {"box": [121, 219, 190, 233], "text": "EATS11394 ", "label": "receipt_number", "words": [{"text": "EATS11394", "bbox": [121, 219, 190, 233]}], "id": 6}, {"box": [251, 220, 312, 234], "text": "28/03/2022 ", "label": "transaction_date", "words": [{"text": "28/03/2022", "bbox": [251, 220, 312, 234]}], "id": 7}, {"box": [252, 238, 286, 253], "text": "05:43 ", "label": "transaction_time", "words": [{"text": "05:43", "bbox": [252, 238, 286, 253]}], "id": 8}, {"box": [287, 417, 326, 431], "text": "285.00 ", "label": "total_amount", "words": [{"text": "285.00", "bbox": [287, 417, 326, 431]}], "id": 9}, {"box": [191, 507, 216, 519], "text": "0.00 ", "label": "savings", "words": [{"text": "0.00", "bbox": [191, 507, 216, 519]}], "id": 10}]}