{"form": [{"box": [102, 45, 215, 62], "text": "WHITE SAND ", "label": "vendor_name", "words": [{"text": "WHITE", "bbox": [102, 45, 215, 62]}, {"text": "SAND", "bbox": [102, 45, 215, 62]}], "id": 0}, {"box": [71, 72, 247, 101], "text": "Madhusudan Nagar , Unit - 4 , Bhubaneswar ", "label": "vendor_address", "words": [{"text": "Madhusudan", "bbox": [71, 72, 247, 101]}, {"text": "Nagar", "bbox": [71, 72, 247, 101]}, {"text": ",", "bbox": [71, 72, 247, 101]}, {"text": "Unit", "bbox": [71, 72, 247, 101]}, {"text": "-", "bbox": [71, 72, 247, 101]}, {"text": "4", "bbox": [71, 72, 247, 101]}, {"text": ",", "bbox": [71, 72, 247, 101]}, {"text": "Bhubaneswar", "bbox": [71, 72, 247, 101]}], "id": 1}, {"box": [92, 101, 171, 116], "text": "", "label": "vendor_phoneno", "words": [], "id": 2}, {"box": [175, 102, 256, 116], "text": "", "label": "vendor_phoneno", "words": [], "id": 3}, {"box": [120, 116, 249, 131], "text": "21AABFW3989K1ZS ", "label": "vendor_gst", "words": [{"text": "21AABFW3989K1ZS", "bbox": [120, 116, 249, 131]}], "id": 4}, {"box": [76, 141, 223, 155], "text": "", "label": "customer_name", "words": [], "id": 5}, {"box": [74, 167, 135, 182], "text": "13/05/22 ", "label": "transaction_date", "words": [{"text": "13/05/22", "bbox": [74, 167, 135, 182]}], "id": 6}, {"box": [214, 180, 254, 193], "text": "89073 ", "label": "receipt_number", "words": [{"text": "89073", "bbox": [214, 180, 254, 193]}], "id": 7}, {"box": [228, 357, 287, 373], "text": "880.00 ", "label": "total_amount", "words": [{"text": "880.00", "bbox": [228, 357, 287, 373]}], "id": 8}]}