{"form": [{"box": [120, 46, 244, 68], "text": "HOME CARE ", "label": "vendor_name", "words": [{"text": "HOME", "bbox": [120, 46, 244, 68]}, {"text": "CARE", "bbox": [120, 46, 244, 68]}], "id": 0}, {"box": [166, 93, 224, 103], "text": "9439454006 ", "label": "vendor_phoneno", "words": [{"text": "9439454006", "bbox": [166, 93, 224, 103]}], "id": 1}, {"box": [126, 114, 223, 126], "text": "21GMAPS2777C1Z6 ", "label": "vendor_gst", "words": [{"text": "21GMAPS2777C1Z6", "bbox": [126, 114, 223, 126]}], "id": 2}, {"box": [89, 127, 170, 139], "text": "CASH ", "label": "customer_name", "words": [{"text": "CASH", "bbox": [89, 127, 170, 139]}], "id": 3}, {"box": [81, 139, 167, 149], "text": "", "label": "vendor_phoneno", "words": [], "id": 4}, {"box": [257, 127, 316, 139], "text": "", "label": "receipt_number", "words": [], "id": 5}, {"box": [253, 138, 308, 149], "text": "", "label": "transaction_date", "words": [], "id": 6}, {"box": [256, 149, 285, 159], "text": "08:52 ", "label": "transaction_time", "words": [{"text": "08:52", "bbox": [256, 149, 285, 159]}], "id": 7}, {"box": [284, 253, 322, 268], "text": "235.00 ", "label": "total_amount", "words": [{"text": "235.00", "bbox": [284, 253, 322, 268]}], "id": 8}, {"box": [289, 224, 324, 236], "text": "235.00 ", "label": "sub_total_amount", "words": [{"text": "235.00", "bbox": [289, 224, 324, 236]}], "id": 9}, {"box": [209, 283, 236, 296], "text": "0.00 ", "label": "savings", "words": [{"text": "0.00", "bbox": [209, 283, 236, 296]}], "id": 10}]}