{"form": [{"box": [99, 56, 258, 81], "text": "MO GROCERY \u2122 ", "label": "vendor_name", "words": [{"text": "MO", "bbox": [99, 56, 258, 81]}, {"text": "GROCERY", "bbox": [99, 56, 258, 81]}, {"text": "\u2122", "bbox": [99, 56, 258, 81]}], "id": 0}, {"box": [151, 103, 250, 116], "text": "21IRBPS4454Q1Z6 ", "label": "vendor_gst", "words": [{"text": "21IRBPS4454Q1Z6", "bbox": [151, 103, 250, 116]}], "id": 1}, {"box": [60, 119, 299, 151], "text": "Plot no - D3 / 20 , Indira Gandhi Housing Colony Lingipur , Bhubaneshwar , Odisha - 751002 ", "label": "vendor_address", "words": [{"text": "Plot", "bbox": [60, 119, 299, 151]}, {"text": "no", "bbox": [60, 119, 299, 151]}, {"text": "-", "bbox": [60, 119, 299, 151]}, {"text": "D3", "bbox": [60, 119, 299, 151]}, {"text": "/", "bbox": [60, 119, 299, 151]}, {"text": "20", "bbox": [60, 119, 299, 151]}, {"text": ",", "bbox": [60, 119, 299, 151]}, {"text": "Indira", "bbox": [60, 119, 299, 151]}, {"text": "Gandhi", "bbox": [60, 119, 299, 151]}, {"text": "Housing", "bbox": [60, 119, 299, 151]}, {"text": "Colony", "bbox": [60, 119, 299, 151]}, {"text": "Lingipur", "bbox": [60, 119, 299, 151]}, {"text": ",", "bbox": [60, 119, 299, 151]}, {"text": "Bhubaneshwar", "bbox": [60, 119, 299, 151]}, {"text": ",", "bbox": [60, 119, 299, 151]}, {"text": "Odisha", "bbox": [60, 119, 299, 151]}, {"text": "-", "bbox": [60, 119, 299, 151]}, {"text": "751002", "bbox": [60, 119, 299, 151]}], "id": 2}, {"box": [78, 155, 156, 171], "text": "0674-2914169 ", "label": "vendor_phoneno", "words": [{"text": "0674-2914169", "bbox": [78, 155, 156, 171]}], "id": 3}, {"box": [164, 156, 230, 170], "text": "9861999321 ", "label": "vendor_phoneno", "words": [{"text": "9861999321", "bbox": [164, 156, 230, 170]}], "id": 4}, {"box": [237, 157, 302, 170], "text": "9881882449 ", "label": "vendor_phoneno", "words": [{"text": "9881882449", "bbox": [237, 157, 302, 170]}], "id": 5}, {"box": [191, 202, 282, 214], "text": "S / 2022-23 / AA1 / KZ / ZZ ", "label": "receipt_number", "words": [{"text": "S", "bbox": [191, 202, 282, 214]}, {"text": "/", "bbox": [191, 202, 282, 214]}, {"text": "2022-23", "bbox": [191, 202, 282, 214]}, {"text": "/", "bbox": [191, 202, 282, 214]}, {"text": "AA1", "bbox": [191, 202, 282, 214]}, {"text": "/", "bbox": [191, 202, 282, 214]}, {"text": "KZ", "bbox": [191, 202, 282, 214]}, {"text": "/", "bbox": [191, 202, 282, 214]}, {"text": "ZZ", "bbox": [191, 202, 282, 214]}], "id": 6}, {"box": [187, 219, 250, 230], "text": "Fri Apr 22 2022 ", "label": "transaction_date", "words": [{"text": "Fri", "bbox": [187, 219, 250, 230]}, {"text": "Apr", "bbox": [187, 219, 250, 230]}, {"text": "22", "bbox": [187, 219, 250, 230]}, {"text": "2022", "bbox": [187, 219, 250, 230]}], "id": 7}, {"box": [249, 218, 285, 231], "text": "20:53:51 ", "label": "transaction_time", "words": [{"text": "20:53:51", "bbox": [249, 218, 285, 231]}], "id": 8}, {"box": [204, 236, 269, 248], "text": "Sagar Ku Nayak ", "label": "customer_name", "words": [{"text": "Sagar", "bbox": [204, 236, 269, 248]}, {"text": "Ku", "bbox": [204, 236, 269, 248]}, {"text": "Nayak", "bbox": [204, 236, 269, 248]}], "id": 9}, {"box": [209, 253, 262, 264], "text": "9778000000 ", "label": "customer_phoneno", "words": [{"text": "9778000000", "bbox": [209, 253, 262, 264]}], "id": 10}, {"box": [245, 541, 267, 553], "text": "685 ", "label": "total_amount", "words": [{"text": "685", "bbox": [245, 541, 267, 553]}], "id": 11}, {"box": [210, 600, 236, 616], "text": "28.5 ", "label": "savings", "words": [{"text": "28.5", "bbox": [210, 600, 236, 616]}], "id": 12}]}