{"form": [{"box": [63, 76, 287, 95], "text": "SRI SATYASAI ENTERPRISE ", "label": "vendor_name", "words": [{"text": "SRI", "bbox": [63, 76, 287, 95]}, {"text": "SATYASAI", "bbox": [63, 76, 287, 95]}, {"text": "ENTERPRISE", "bbox": [63, 76, 287, 95]}], "id": 0}, {"box": [75, 95, 292, 121], "text": "B - 63 , RUPALI SQUARE , SAHEED NAGAR , BHUBANESWAR - 751007 ", "label": "vendor_address", "words": [{"text": "B", "bbox": [75, 95, 292, 121]}, {"text": "-", "bbox": [75, 95, 292, 121]}, {"text": "63", "bbox": [75, 95, 292, 121]}, {"text": ",", "bbox": [75, 95, 292, 121]}, {"text": "RUPALI", "bbox": [75, 95, 292, 121]}, {"text": "SQUARE", "bbox": [75, 95, 292, 121]}, {"text": ",", "bbox": [75, 95, 292, 121]}, {"text": "SAHEED", "bbox": [75, 95, 292, 121]}, {"text": "NAGAR", "bbox": [75, 95, 292, 121]}, {"text": ",", "bbox": [75, 95, 292, 121]}, {"text": "BHUBANESWAR", "bbox": [75, 95, 292, 121]}, {"text": "-", "bbox": [75, 95, 292, 121]}, {"text": "751007", "bbox": [75, 95, 292, 121]}], "id": 1}, {"box": [156, 120, 227, 134], "text": "9437055558 , ", "label": "vendor_phoneno", "words": [{"text": "9437055558", "bbox": [156, 120, 227, 134]}, {"text": ",", "bbox": [156, 120, 227, 134]}], "id": 2}, {"box": [146, 138, 259, 151], "text": "-21AGVPS4577PIZB ", "label": "vendor_gst", "words": [{"text": "-21AGVPS4577PIZB", "bbox": [146, 138, 259, 151]}], "id": 3}, {"box": [221, 195, 301, 209], "text": "ho ", "label": "customer_name", "words": [{"text": "ho", "bbox": [221, 195, 301, 209]}], "id": 4}, {"box": [88, 197, 175, 211], "text": "", "label": "customer_phoneno", "words": [], "id": 5}, {"box": [121, 219, 189, 234], "text": "EATS11373 ", "label": "receipt_number", "words": [{"text": "EATS11373", "bbox": [121, 219, 189, 234]}], "id": 6}, {"box": [251, 220, 313, 235], "text": "23/03/2022 ", "label": "transaction_date", "words": [{"text": "23/03/2022", "bbox": [251, 220, 313, 235]}], "id": 7}, {"box": [251, 237, 286, 253], "text": "04:55 ", "label": "transaction_time", "words": [{"text": "04:55", "bbox": [251, 237, 286, 253]}], "id": 8}, {"box": [289, 393, 323, 404], "text": "575.00 ", "label": "total_amount", "words": [{"text": "575.00", "bbox": [289, 393, 323, 404]}], "id": 9}, {"box": [190, 480, 216, 494], "text": "0.00 ", "label": "savings", "words": [{"text": "0.00", "bbox": [190, 480, 216, 494]}], "id": 10}]}