{"form": [{"box": [101, 44, 219, 62], "text": "WHITE SAND ", "label": "vendor_name", "words": [{"text": "WHITE", "bbox": [101, 44, 219, 62]}, {"text": "SAND", "bbox": [101, 44, 219, 62]}], "id": 0}, {"box": [70, 71, 250, 100], "text": "Madhusudan Nagar , Unit - 4 , Bhubaneswar ", "label": "vendor_address", "words": [{"text": "Madhusudan", "bbox": [70, 71, 250, 100]}, {"text": "Nagar", "bbox": [70, 71, 250, 100]}, {"text": ",", "bbox": [70, 71, 250, 100]}, {"text": "Unit", "bbox": [70, 71, 250, 100]}, {"text": "-", "bbox": [70, 71, 250, 100]}, {"text": "4", "bbox": [70, 71, 250, 100]}, {"text": ",", "bbox": [70, 71, 250, 100]}, {"text": "Bhubaneswar", "bbox": [70, 71, 250, 100]}], "id": 1}, {"box": [91, 101, 171, 116], "text": "", "label": "vendor_phoneno", "words": [], "id": 2}, {"box": [175, 101, 257, 116], "text": "", "label": "vendor_phoneno", "words": [], "id": 3}, {"box": [120, 117, 250, 132], "text": "21AABFW3989K1ZS ", "label": "vendor_gst", "words": [{"text": "21AABFW3989K1ZS", "bbox": [120, 117, 250, 132]}], "id": 4}, {"box": [75, 141, 200, 156], "text": "", "label": "customer_name", "words": [], "id": 5}, {"box": [73, 167, 133, 181], "text": "17/05/22 ", "label": "transaction_date", "words": [{"text": "17/05/22", "bbox": [73, 167, 133, 181]}], "id": 6}, {"box": [213, 178, 257, 193], "text": "89223 ", "label": "receipt_number", "words": [{"text": "89223", "bbox": [213, 178, 257, 193]}], "id": 7}, {"box": [239, 261, 286, 276], "text": "552.38 ", "label": "sub_total_amount", "words": [{"text": "552.38", "bbox": [239, 261, 286, 276]}], "id": 8}, {"box": [229, 309, 286, 324], "text": "580.00 ", "label": "total_amount", "words": [{"text": "580.00", "bbox": [229, 309, 286, 324]}], "id": 9}]}