{"form": [{"box": [44, 44, 292, 63], "text": "JAY HANUMAN MEDICINE STORE ", "label": "vendor_name", "words": [{"text": "JAY", "bbox": [44, 44, 292, 63]}, {"text": "HANUMAN", "bbox": [44, 44, 292, 63]}, {"text": "MEDICINE", "bbox": [44, 44, 292, 63]}, {"text": "STORE", "bbox": [44, 44, 292, 63]}], "id": 0}, {"box": [75, 62, 264, 84], "text": "PLOT NO - 1154 / 1657 , P.O - DUMUDUMA , BHUBANESWAR - 751019 ", "label": "vendor_address", "words": [{"text": "PLOT", "bbox": [75, 62, 264, 84]}, {"text": "NO", "bbox": [75, 62, 264, 84]}, {"text": "-", "bbox": [75, 62, 264, 84]}, {"text": "1154", "bbox": [75, 62, 264, 84]}, {"text": "/", "bbox": [75, 62, 264, 84]}, {"text": "1657", "bbox": [75, 62, 264, 84]}, {"text": ",", "bbox": [75, 62, 264, 84]}, {"text": "P.O", "bbox": [75, 62, 264, 84]}, {"text": "-", "bbox": [75, 62, 264, 84]}, {"text": "DUMUDUMA", "bbox": [75, 62, 264, 84]}, {"text": ",", "bbox": [75, 62, 264, 84]}, {"text": "BHUBANESWAR", "bbox": [75, 62, 264, 84]}, {"text": "-", "bbox": [75, 62, 264, 84]}, {"text": "751019", "bbox": [75, 62, 264, 84]}], "id": 1}, {"box": [159, 82, 212, 93], "text": "9437130890 ", "label": "vendor_phoneno", "words": [{"text": "9437130890", "bbox": [159, 82, 212, 93]}], "id": 2}, {"box": [142, 104, 228, 114], "text": "21BMSPP1108B1ZJ ", "label": "vendor_gst", "words": [{"text": "21BMSPP1108B1ZJ", "bbox": [142, 104, 228, 114]}], "id": 3}, {"box": [85, 129, 186, 139], "text": "CASH ", "label": "customer_name", "words": [{"text": "CASH", "bbox": [85, 129, 186, 139]}], "id": 4}, {"box": [77, 138, 155, 149], "text": "", "label": "customer_phoneno", "words": [], "id": 5}, {"box": [238, 138, 277, 149], "text": "A000226 ", "label": "receipt_number", "words": [{"text": "A000226", "bbox": [238, 138, 277, 149]}], "id": 6}, {"box": [232, 149, 280, 160], "text": "12/04/2022 ", "label": "transaction_date", "words": [{"text": "12/04/2022", "bbox": [232, 149, 280, 160]}], "id": 7}, {"box": [254, 268, 293, 283], "text": "776.00 ", "label": "total_amount", "words": [{"text": "776.00", "bbox": [254, 268, 293, 283]}], "id": 8}, {"box": [103, 223, 135, 236], "text": "761.16 ", "label": "sub_total_amount", "words": [{"text": "761.16", "bbox": [103, 223, 135, 236]}], "id": 9}]}