{"form": [{"box": [119, 45, 243, 67], "text": "HOME CARE ", "label": "vendor_name", "words": [{"text": "HOME", "bbox": [119, 45, 243, 67]}, {"text": "CARE", "bbox": [119, 45, 243, 67]}], "id": 0}, {"box": [165, 93, 223, 104], "text": "9439454006 ", "label": "vendor_phoneno", "words": [{"text": "9439454006", "bbox": [165, 93, 223, 104]}], "id": 1}, {"box": [126, 112, 224, 126], "text": "21GMAPS2777C1Z6 ", "label": "vendor_gst", "words": [{"text": "21GMAPS2777C1Z6", "bbox": [126, 112, 224, 126]}], "id": 2}, {"box": [259, 127, 302, 138], "text": "0002898 ", "label": "receipt_number", "words": [{"text": "0002898", "bbox": [259, 127, 302, 138]}], "id": 3}, {"box": [253, 137, 307, 150], "text": "20/05/2022 ", "label": "transaction_date", "words": [{"text": "20/05/2022", "bbox": [253, 137, 307, 150]}], "id": 4}, {"box": [256, 149, 284, 160], "text": "22:08 ", "label": "transaction_time", "words": [{"text": "22:08", "bbox": [256, 149, 284, 160]}], "id": 5}, {"box": [88, 128, 162, 138], "text": "CASH ", "label": "customer_name", "words": [{"text": "CASH", "bbox": [88, 128, 162, 138]}], "id": 6}, {"box": [81, 138, 159, 148], "text": "", "label": "customer_phoneno", "words": [], "id": 7}, {"box": [288, 283, 323, 295], "text": "233.00 ", "label": "sub_total_amount", "words": [{"text": "233.00", "bbox": [288, 283, 323, 295]}], "id": 8}, {"box": [283, 313, 323, 327], "text": "233.00 ", "label": "total_amount", "words": [{"text": "233.00", "bbox": [283, 313, 323, 327]}], "id": 9}, {"box": [210, 342, 236, 356], "text": "0.00 ", "label": "savings", "words": [{"text": "0.00", "bbox": [210, 342, 236, 356]}], "id": 10}]}