{"form": [{"box": [95, 146, 267, 168], "text": "MO GROCERY \u2122 ", "label": "vendor_name", "words": [{"text": "MO", "bbox": [95, 146, 267, 168]}, {"text": "GROCERY", "bbox": [95, 146, 267, 168]}, {"text": "\u2122", "bbox": [95, 146, 267, 168]}], "id": 0}, {"box": [150, 183, 256, 197], "text": "21IRBPS4454Q1Z6 ", "label": "vendor_gst", "words": [{"text": "21IRBPS4454Q1Z6", "bbox": [150, 183, 256, 197]}], "id": 1}, {"box": [49, 199, 309, 237], "text": "Plot no - D3 / 20 , Indira Gandhi Housing Colony Lingipur , Bhubaneshwar , Odisha - 751002 ", "label": "vendor_address", "words": [{"text": "Plot", "bbox": [49, 199, 309, 237]}, {"text": "no", "bbox": [49, 199, 309, 237]}, {"text": "-", "bbox": [49, 199, 309, 237]}, {"text": "D3", "bbox": [49, 199, 309, 237]}, {"text": "/", "bbox": [49, 199, 309, 237]}, {"text": "20", "bbox": [49, 199, 309, 237]}, {"text": ",", "bbox": [49, 199, 309, 237]}, {"text": "Indira", "bbox": [49, 199, 309, 237]}, {"text": "Gandhi", "bbox": [49, 199, 309, 237]}, {"text": "Housing", "bbox": [49, 199, 309, 237]}, {"text": "Colony", "bbox": [49, 199, 309, 237]}, {"text": "Lingipur", "bbox": [49, 199, 309, 237]}, {"text": ",", "bbox": [49, 199, 309, 237]}, {"text": "Bhubaneshwar", "bbox": [49, 199, 309, 237]}, {"text": ",", "bbox": [49, 199, 309, 237]}, {"text": "Odisha", "bbox": [49, 199, 309, 237]}, {"text": "-", "bbox": [49, 199, 309, 237]}, {"text": "751002", "bbox": [49, 199, 309, 237]}], "id": 2}, {"box": [69, 241, 152, 256], "text": "0674-2914169 ", "label": "vendor_phoneno", "words": [{"text": "0674-2914169", "bbox": [69, 241, 152, 256]}], "id": 3}, {"box": [163, 241, 233, 257], "text": "9861999321 ", "label": "vendor_phoneno", "words": [{"text": "9861999321", "bbox": [163, 241, 233, 257]}], "id": 4}, {"box": [242, 241, 313, 256], "text": "9881882449 ", "label": "vendor_phoneno", "words": [{"text": "9881882449", "bbox": [242, 241, 313, 256]}], "id": 5}, {"box": [201, 289, 272, 303], "text": "SVAA1 / K1 / 2962 ", "label": "receipt_number", "words": [{"text": "SVAA1", "bbox": [201, 289, 272, 303]}, {"text": "/", "bbox": [201, 289, 272, 303]}, {"text": "K1", "bbox": [201, 289, 272, 303]}, {"text": "/", "bbox": [201, 289, 272, 303]}, {"text": "2962", "bbox": [201, 289, 272, 303]}], "id": 6}, {"box": [182, 308, 251, 321], "text": "Fri Mar 25 2022 ", "label": "transaction_date", "words": [{"text": "Fri", "bbox": [182, 308, 251, 321]}, {"text": "Mar", "bbox": [182, 308, 251, 321]}, {"text": "25", "bbox": [182, 308, 251, 321]}, {"text": "2022", "bbox": [182, 308, 251, 321]}], "id": 7}, {"box": [250, 308, 290, 323], "text": "11:23:36 ", "label": "transaction_time", "words": [{"text": "11:23:36", "bbox": [250, 308, 290, 323]}], "id": 8}, {"box": [214, 326, 259, 340], "text": "Sourav Sir ", "label": "customer_name", "words": [{"text": "Sourav", "bbox": [214, 326, 259, 340]}, {"text": "Sir", "bbox": [214, 326, 259, 340]}], "id": 9}, {"box": [206, 345, 267, 358], "text": "8895553123 ", "label": "customer_phoneno", "words": [{"text": "8895553123", "bbox": [206, 345, 267, 358]}], "id": 10}, {"box": [259, 440, 277, 454], "text": "72 ", "label": "total_amount", "words": [{"text": "72", "bbox": [259, 440, 277, 454]}], "id": 11}, {"box": [210, 494, 246, 510], "text": "12.75 ", "label": "savings", "words": [{"text": "12.75", "bbox": [210, 494, 246, 510]}], "id": 12}]}