{"form": [{"box": [101, 46, 216, 63], "text": "WHITE SAND ", "label": "vendor_name", "words": [{"text": "WHITE", "bbox": [101, 46, 216, 63]}, {"text": "SAND", "bbox": [101, 46, 216, 63]}], "id": 0}, {"box": [70, 72, 246, 100], "text": "Madhusudan Nagar , Unit - 4 , Bhubaneswar ", "label": "vendor_address", "words": [{"text": "Madhusudan", "bbox": [70, 72, 246, 100]}, {"text": "Nagar", "bbox": [70, 72, 246, 100]}, {"text": ",", "bbox": [70, 72, 246, 100]}, {"text": "Unit", "bbox": [70, 72, 246, 100]}, {"text": "-", "bbox": [70, 72, 246, 100]}, {"text": "4", "bbox": [70, 72, 246, 100]}, {"text": ",", "bbox": [70, 72, 246, 100]}, {"text": "Bhubaneswar", "bbox": [70, 72, 246, 100]}], "id": 1}, {"box": [92, 102, 173, 117], "text": "", "label": "vendor_phoneno", "words": [], "id": 2}, {"box": [176, 100, 256, 116], "text": "", "label": "vendor_phoneno", "words": [], "id": 3}, {"box": [119, 116, 248, 131], "text": "21AABFW3989K1ZS ", "label": "vendor_gst", "words": [{"text": "21AABFW3989K1ZS", "bbox": [119, 116, 248, 131]}], "id": 4}, {"box": [76, 141, 207, 155], "text": "", "label": "customer_name", "words": [], "id": 5}, {"box": [73, 167, 134, 183], "text": "14/05/22 ", "label": "transaction_date", "words": [{"text": "14/05/22", "bbox": [73, 167, 134, 183]}], "id": 6}, {"box": [213, 179, 255, 193], "text": "89122 ", "label": "receipt_number", "words": [{"text": "89122", "bbox": [213, 179, 255, 193]}], "id": 7}, {"box": [228, 334, 284, 349], "text": "530.00 ", "label": "total_amount", "words": [{"text": "530.00", "bbox": [228, 334, 284, 349]}], "id": 8}, {"box": [238, 274, 286, 288], "text": "504.75 ", "label": "sub_total_amount", "words": [{"text": "504.75", "bbox": [238, 274, 286, 288]}], "id": 9}]}