{"form": [{"box": [119, 45, 244, 67], "text": "HOME CARE ", "label": "vendor_name", "words": [{"text": "HOME", "bbox": [119, 45, 244, 67]}, {"text": "CARE", "bbox": [119, 45, 244, 67]}], "id": 0}, {"box": [166, 93, 224, 103], "text": "9439454006 ", "label": "vendor_phoneno", "words": [{"text": "9439454006", "bbox": [166, 93, 224, 103]}], "id": 1}, {"box": [127, 112, 223, 126], "text": "21GMAPS2777C1Z6 ", "label": "vendor_gst", "words": [{"text": "21GMAPS2777C1Z6", "bbox": [127, 112, 223, 126]}], "id": 2}, {"box": [89, 126, 170, 140], "text": "CASH ", "label": "customer_name", "words": [{"text": "CASH", "bbox": [89, 126, 170, 140]}], "id": 3}, {"box": [80, 139, 165, 149], "text": "", "label": "customer_phoneno", "words": [], "id": 4}, {"box": [260, 127, 301, 138], "text": "0013698 ", "label": "receipt_number", "words": [{"text": "0013698", "bbox": [260, 127, 301, 138]}], "id": 5}, {"box": [253, 137, 308, 149], "text": "30/03/2022 ", "label": "transaction_date", "words": [{"text": "30/03/2022", "bbox": [253, 137, 308, 149]}], "id": 6}, {"box": [256, 148, 284, 160], "text": "18:36 ", "label": "transaction_time", "words": [{"text": "18:36", "bbox": [256, 148, 284, 160]}], "id": 7}, {"box": [288, 267, 323, 280], "text": "250.00 ", "label": "sub_total_amount", "words": [{"text": "250.00", "bbox": [288, 267, 323, 280]}], "id": 8}, {"box": [282, 297, 324, 312], "text": "250.00 ", "label": "total_amount", "words": [{"text": "250.00", "bbox": [282, 297, 324, 312]}], "id": 9}, {"box": [207, 314, 240, 331], "text": "0.00 ", "label": "savings", "words": [{"text": "0.00", "bbox": [207, 314, 240, 331]}], "id": 10}]}