{"form": [{"box": [119, 45, 244, 67], "text": "HOME CARE ", "label": "vendor_name", "words": [{"text": "HOME", "bbox": [119, 45, 244, 67]}, {"text": "CARE", "bbox": [119, 45, 244, 67]}], "id": 0}, {"box": [166, 93, 224, 103], "text": "9439454006 ", "label": "vendor_phoneno", "words": [{"text": "9439454006", "bbox": [166, 93, 224, 103]}], "id": 1}, {"box": [127, 112, 223, 126], "text": "21GMAPS2777C1Z6 ", "label": "vendor_gst", "words": [{"text": "21GMAPS2777C1Z6", "bbox": [127, 112, 223, 126]}], "id": 2}, {"box": [89, 126, 170, 140], "text": "CASH ", "label": "customer_name", "words": [{"text": "CASH", "bbox": [89, 126, 170, 140]}], "id": 3}, {"box": [80, 139, 165, 149], "text": "", "label": "customer_phoneno", "words": [], "id": 4}, {"box": [260, 127, 301, 138], "text": "0000066 ", "label": "receipt_number", "words": [{"text": "0000066", "bbox": [260, 127, 301, 138]}], "id": 5}, {"box": [253, 137, 308, 149], "text": "02/04/2022 ", "label": "transaction_date", "words": [{"text": "02/04/2022", "bbox": [253, 137, 308, 149]}], "id": 6}, {"box": [256, 148, 284, 160], "text": "11:29 ", "label": "transaction_time", "words": [{"text": "11:29", "bbox": [256, 148, 284, 160]}], "id": 7}, {"box": [288, 253, 323, 266], "text": "594.37 ", "label": "sub_total_amount", "words": [{"text": "594.37", "bbox": [288, 253, 323, 266]}], "id": 8}, {"box": [282, 283, 324, 298], "text": "594.00 ", "label": "total_amount", "words": [{"text": "594.00", "bbox": [282, 283, 324, 298]}], "id": 9}, {"box": [207, 300, 240, 317], "text": "16.63 ", "label": "savings", "words": [{"text": "16.63", "bbox": [207, 300, 240, 317]}], "id": 10}]}