{"form": [{"box": [44, 44, 292, 62], "text": "JAY HANUMAN MEDICINE STORE ", "label": "vendor_name", "words": [{"text": "JAY", "bbox": [44, 44, 292, 62]}, {"text": "HANUMAN", "bbox": [44, 44, 292, 62]}, {"text": "MEDICINE", "bbox": [44, 44, 292, 62]}, {"text": "STORE", "bbox": [44, 44, 292, 62]}], "id": 0}, {"box": [75, 61, 260, 83], "text": "PLOT NO - 1154 / 1657 , P.O - DUMUDUMA , BHUBANESWAR - 751019 ", "label": "vendor_address", "words": [{"text": "PLOT", "bbox": [75, 61, 260, 83]}, {"text": "NO", "bbox": [75, 61, 260, 83]}, {"text": "-", "bbox": [75, 61, 260, 83]}, {"text": "1154", "bbox": [75, 61, 260, 83]}, {"text": "/", "bbox": [75, 61, 260, 83]}, {"text": "1657", "bbox": [75, 61, 260, 83]}, {"text": ",", "bbox": [75, 61, 260, 83]}, {"text": "P.O", "bbox": [75, 61, 260, 83]}, {"text": "-", "bbox": [75, 61, 260, 83]}, {"text": "DUMUDUMA", "bbox": [75, 61, 260, 83]}, {"text": ",", "bbox": [75, 61, 260, 83]}, {"text": "BHUBANESWAR", "bbox": [75, 61, 260, 83]}, {"text": "-", "bbox": [75, 61, 260, 83]}, {"text": "751019", "bbox": [75, 61, 260, 83]}], "id": 1}, {"box": [159, 82, 213, 94], "text": "9437130890 ", "label": "vendor_phoneno", "words": [{"text": "9437130890", "bbox": [159, 82, 213, 94]}], "id": 2}, {"box": [141, 103, 229, 114], "text": "21BMSPP1108B1ZJ ", "label": "vendor_gst", "words": [{"text": "21BMSPP1108B1ZJ", "bbox": [141, 103, 229, 114]}], "id": 3}, {"box": [84, 128, 175, 138], "text": "CASH ", "label": "customer_name", "words": [{"text": "CASH", "bbox": [84, 128, 175, 138]}], "id": 4}, {"box": [75, 139, 173, 149], "text": "", "label": "vendor_phoneno", "words": [], "id": 5}, {"box": [237, 138, 277, 149], "text": "A000361 ", "label": "receipt_number", "words": [{"text": "A000361", "bbox": [237, 138, 277, 149]}], "id": 6}, {"box": [232, 148, 281, 160], "text": "19/04/2022 ", "label": "transaction_date", "words": [{"text": "19/04/2022", "bbox": [232, 148, 281, 160]}], "id": 7}, {"box": [255, 341, 294, 357], "text": "721.00 ", "label": "total_amount", "words": [{"text": "721.00", "bbox": [255, 341, 294, 357]}], "id": 8}, {"box": [103, 296, 135, 310], "text": "630.45 ", "label": "sub_total_amount", "words": [{"text": "630.45", "bbox": [103, 296, 135, 310]}], "id": 9}]}