{"form": [{"box": [120, 45, 242, 68], "text": "HOME CARE ", "label": "vendor_name", "words": [{"text": "HOME", "bbox": [120, 45, 242, 68]}, {"text": "CARE", "bbox": [120, 45, 242, 68]}], "id": 0}, {"box": [164, 93, 225, 105], "text": "9439454006 ", "label": "vendor_phoneno", "words": [{"text": "9439454006", "bbox": [164, 93, 225, 105]}], "id": 1}, {"box": [126, 113, 223, 126], "text": "21GMAPS2777C1Z6 ", "label": "vendor_gst", "words": [{"text": "21GMAPS2777C1Z6", "bbox": [126, 113, 223, 126]}], "id": 2}, {"box": [88, 128, 178, 140], "text": "CASH ", "label": "customer_name", "words": [{"text": "CASH", "bbox": [88, 128, 178, 140]}], "id": 3}, {"box": [82, 139, 178, 150], "text": "", "label": "customer_phoneno", "words": [], "id": 4}, {"box": [260, 127, 304, 139], "text": "0000464 ", "label": "receipt_number", "words": [{"text": "0000464", "bbox": [260, 127, 304, 139]}], "id": 5}, {"box": [254, 137, 308, 150], "text": "09/04/2022 ", "label": "transaction_date", "words": [{"text": "09/04/2022", "bbox": [254, 137, 308, 150]}], "id": 6}, {"box": [255, 149, 283, 160], "text": "09:27 ", "label": "transaction_time", "words": [{"text": "09:27", "bbox": [255, 149, 283, 160]}], "id": 7}, {"box": [289, 268, 324, 280], "text": "258.00 ", "label": "sub_total_amount", "words": [{"text": "258.00", "bbox": [289, 268, 324, 280]}], "id": 8}, {"box": [282, 298, 323, 312], "text": "258.00 ", "label": "total_amount", "words": [{"text": "258.00", "bbox": [282, 298, 323, 312]}], "id": 9}, {"box": [207, 314, 238, 330], "text": "7.00 ", "label": "savings", "words": [{"text": "7.00", "bbox": [207, 314, 238, 330]}], "id": 10}]}