{"form": [{"box": [101, 46, 216, 63], "text": "WHITE SAND ", "label": "vendor_name", "words": [{"text": "WHITE", "bbox": [101, 46, 216, 63]}, {"text": "SAND", "bbox": [101, 46, 216, 63]}], "id": 0}, {"box": [71, 72, 250, 100], "text": "Madhusudan Nagar , Unit - 4 , Bhubaneswar ", "label": "vendor_address", "words": [{"text": "Madhusudan", "bbox": [71, 72, 250, 100]}, {"text": "Nagar", "bbox": [71, 72, 250, 100]}, {"text": ",", "bbox": [71, 72, 250, 100]}, {"text": "Unit", "bbox": [71, 72, 250, 100]}, {"text": "-", "bbox": [71, 72, 250, 100]}, {"text": "4", "bbox": [71, 72, 250, 100]}, {"text": ",", "bbox": [71, 72, 250, 100]}, {"text": "Bhubaneswar", "bbox": [71, 72, 250, 100]}], "id": 1}, {"box": [92, 101, 171, 117], "text": "", "label": "vendor_phoneno", "words": [], "id": 2}, {"box": [175, 100, 257, 117], "text": "", "label": "vendor_phoneno", "words": [], "id": 3}, {"box": [121, 117, 249, 132], "text": "21AABFW3989K1ZS ", "label": "vendor_gst", "words": [{"text": "21AABFW3989K1ZS", "bbox": [121, 117, 249, 132]}], "id": 4}, {"box": [75, 140, 210, 156], "text": "", "label": "customer_name", "words": [], "id": 5}, {"box": [73, 167, 136, 182], "text": "18/05/22 ", "label": "transaction_date", "words": [{"text": "18/05/22", "bbox": [73, 167, 136, 182]}], "id": 6}, {"box": [214, 180, 257, 193], "text": "89286 ", "label": "receipt_number", "words": [{"text": "89286", "bbox": [214, 180, 257, 193]}], "id": 7}, {"box": [232, 321, 285, 336], "text": "1128.59 ", "label": "sub_total_amount", "words": [{"text": "1128.59", "bbox": [232, 321, 285, 336]}], "id": 8}, {"box": [219, 382, 286, 397], "text": "1185.00 ", "label": "total_amount", "words": [{"text": "1185.00", "bbox": [219, 382, 286, 397]}], "id": 9}]}