{"form": [{"box": [92, 144, 264, 168], "text": "MO GROCERY \u2122 ", "label": "vendor_name", "words": [{"text": "MO", "bbox": [92, 144, 264, 168]}, {"text": "GROCERY", "bbox": [92, 144, 264, 168]}, {"text": "\u2122", "bbox": [92, 144, 264, 168]}], "id": 0}, {"box": [149, 182, 257, 197], "text": "21IRBPS4454Q1Z6 ", "label": "vendor_gst", "words": [{"text": "21IRBPS4454Q1Z6", "bbox": [149, 182, 257, 197]}], "id": 1}, {"box": [49, 200, 309, 235], "text": "Plot no - D3 / 20 , Indira Gandhi Housing Colony Lingipur , Bhubaneshwar , Odisha - 751002 ", "label": "vendor_address", "words": [{"text": "Plot", "bbox": [49, 200, 309, 235]}, {"text": "no", "bbox": [49, 200, 309, 235]}, {"text": "-", "bbox": [49, 200, 309, 235]}, {"text": "D3", "bbox": [49, 200, 309, 235]}, {"text": "/", "bbox": [49, 200, 309, 235]}, {"text": "20", "bbox": [49, 200, 309, 235]}, {"text": ",", "bbox": [49, 200, 309, 235]}, {"text": "Indira", "bbox": [49, 200, 309, 235]}, {"text": "Gandhi", "bbox": [49, 200, 309, 235]}, {"text": "Housing", "bbox": [49, 200, 309, 235]}, {"text": "Colony", "bbox": [49, 200, 309, 235]}, {"text": "Lingipur", "bbox": [49, 200, 309, 235]}, {"text": ",", "bbox": [49, 200, 309, 235]}, {"text": "Bhubaneshwar", "bbox": [49, 200, 309, 235]}, {"text": ",", "bbox": [49, 200, 309, 235]}, {"text": "Odisha", "bbox": [49, 200, 309, 235]}, {"text": "-", "bbox": [49, 200, 309, 235]}, {"text": "751002", "bbox": [49, 200, 309, 235]}], "id": 2}, {"box": [70, 241, 152, 256], "text": "0674-2914169 ", "label": "vendor_phoneno", "words": [{"text": "0674-2914169", "bbox": [70, 241, 152, 256]}], "id": 3}, {"box": [162, 241, 234, 256], "text": "9861999321 ", "label": "vendor_phoneno", "words": [{"text": "9861999321", "bbox": [162, 241, 234, 256]}], "id": 4}, {"box": [243, 241, 313, 255], "text": "9881882449 ", "label": "vendor_phoneno", "words": [{"text": "9881882449", "bbox": [243, 241, 313, 255]}], "id": 5}, {"box": [182, 290, 285, 301], "text": "SI / 2022-23 / AA1 / K1 / 105 ", "label": "receipt_number", "words": [{"text": "SI", "bbox": [182, 290, 285, 301]}, {"text": "/", "bbox": [182, 290, 285, 301]}, {"text": "2022-23", "bbox": [182, 290, 285, 301]}, {"text": "/", "bbox": [182, 290, 285, 301]}, {"text": "AA1", "bbox": [182, 290, 285, 301]}, {"text": "/", "bbox": [182, 290, 285, 301]}, {"text": "K1", "bbox": [182, 290, 285, 301]}, {"text": "/", "bbox": [182, 290, 285, 301]}, {"text": "105", "bbox": [182, 290, 285, 301]}], "id": 6}, {"box": [176, 308, 252, 320], "text": "Mon Apr 04 2022 ", "label": "transaction_date", "words": [{"text": "Mon", "bbox": [176, 308, 252, 320]}, {"text": "Apr", "bbox": [176, 308, 252, 320]}, {"text": "04", "bbox": [176, 308, 252, 320]}, {"text": "2022", "bbox": [176, 308, 252, 320]}], "id": 7}, {"box": [251, 307, 289, 320], "text": "18:27:21 ", "label": "transaction_time", "words": [{"text": "18:27:21", "bbox": [251, 307, 289, 320]}], "id": 8}, {"box": [174, 327, 291, 338], "text": "", "label": "customer_name", "words": [], "id": 9}, {"box": [173, 342, 293, 353], "text": "", "label": "customer_phoneno", "words": [], "id": 10}, {"box": [260, 471, 277, 484], "text": "88 ", "label": "total_amount", "words": [{"text": "88", "bbox": [260, 471, 277, 484]}], "id": 11}]}