{"form": [{"box": [117, 44, 244, 67], "text": "HOME CARE ", "label": "vendor_name", "words": [{"text": "HOME", "bbox": [117, 44, 244, 67]}, {"text": "CARE", "bbox": [117, 44, 244, 67]}], "id": 0}, {"box": [165, 93, 225, 105], "text": "9439454006 ", "label": "vendor_phoneno", "words": [{"text": "9439454006", "bbox": [165, 93, 225, 105]}], "id": 1}, {"box": [126, 114, 221, 125], "text": "21GMAPS2777C1Z6 ", "label": "vendor_gst", "words": [{"text": "21GMAPS2777C1Z6", "bbox": [126, 114, 221, 125]}], "id": 2}, {"box": [88, 127, 188, 138], "text": "CASH ", "label": "customer_name", "words": [{"text": "CASH", "bbox": [88, 127, 188, 138]}], "id": 3}, {"box": [80, 138, 171, 148], "text": "", "label": "vendor_phoneno", "words": [], "id": 4}, {"box": [259, 128, 304, 139], "text": "0002750 ", "label": "receipt_number", "words": [{"text": "0002750", "bbox": [259, 128, 304, 139]}], "id": 5}, {"box": [254, 138, 308, 149], "text": "18/05/2022 ", "label": "transaction_date", "words": [{"text": "18/05/2022", "bbox": [254, 138, 308, 149]}], "id": 6}, {"box": [256, 148, 283, 160], "text": "11:29 ", "label": "transaction_time", "words": [{"text": "11:29", "bbox": [256, 148, 283, 160]}], "id": 7}, {"box": [289, 209, 323, 222], "text": "230.00 ", "label": "sub_total_amount", "words": [{"text": "230.00", "bbox": [289, 209, 323, 222]}], "id": 8}, {"box": [283, 239, 322, 252], "text": "230.00 ", "label": "total_amount", "words": [{"text": "230.00", "bbox": [283, 239, 322, 252]}], "id": 9}, {"box": [209, 256, 237, 269], "text": "0.00 ", "label": "savings", "words": [{"text": "0.00", "bbox": [209, 256, 237, 269]}], "id": 10}]}