{"form": [{"box": [117, 46, 276, 70], "text": "NEHA'S MART ", "label": "vendor_name", "words": [{"text": "NEHA'S", "bbox": [117, 46, 276, 70]}, {"text": "MART", "bbox": [117, 46, 276, 70]}], "id": 0}, {"box": [55, 69, 282, 94], "text": "1ST FLOOR , DWARIKA ENCLAVE NEAR SUREKHA REGENCY , PURI CANAL ROAD ", "label": "vendor_address", "words": [{"text": "1ST", "bbox": [55, 69, 282, 94]}, {"text": "FLOOR", "bbox": [55, 69, 282, 94]}, {"text": ",", "bbox": [55, 69, 282, 94]}, {"text": "DWARIKA", "bbox": [55, 69, 282, 94]}, {"text": "ENCLAVE", "bbox": [55, 69, 282, 94]}, {"text": "NEAR", "bbox": [55, 69, 282, 94]}, {"text": "SUREKHA", "bbox": [55, 69, 282, 94]}, {"text": "REGENCY", "bbox": [55, 69, 282, 94]}, {"text": ",", "bbox": [55, 69, 282, 94]}, {"text": "PURI", "bbox": [55, 69, 282, 94]}, {"text": "CANAL", "bbox": [55, 69, 282, 94]}, {"text": "ROAD", "bbox": [55, 69, 282, 94]}], "id": 1}, {"box": [163, 92, 223, 104], "text": "7008960240 ", "label": "vendor_phoneno", "words": [{"text": "7008960240", "bbox": [163, 92, 223, 104]}], "id": 2}, {"box": [129, 113, 218, 125], "text": "21CIUPP5534Q1ZF ", "label": "vendor_gst", "words": [{"text": "21CIUPP5534Q1ZF", "bbox": [129, 113, 218, 125]}], "id": 3}, {"box": [88, 128, 199, 139], "text": "METRO B 307 ", "label": "customer_name", "words": [{"text": "METRO", "bbox": [88, 128, 199, 139]}, {"text": "B", "bbox": [88, 128, 199, 139]}, {"text": "307", "bbox": [88, 128, 199, 139]}], "id": 4}, {"box": [78, 138, 136, 150], "text": "9861981588 ", "label": "customer_phoneno", "words": [{"text": "9861981588", "bbox": [78, 138, 136, 150]}], "id": 5}, {"box": [259, 127, 300, 138], "text": "0014905 ", "label": "receipt_number", "words": [{"text": "0014905", "bbox": [259, 127, 300, 138]}], "id": 6}, {"box": [252, 138, 305, 150], "text": "05/03/2022 ", "label": "transaction_date", "words": [{"text": "05/03/2022", "bbox": [252, 138, 305, 150]}], "id": 7}, {"box": [254, 149, 283, 160], "text": "18:50 ", "label": "transaction_time", "words": [{"text": "18:50", "bbox": [254, 149, 283, 160]}], "id": 8}, {"box": [292, 239, 323, 251], "text": "86.00 ", "label": "total_amount", "words": [{"text": "86.00", "bbox": [292, 239, 323, 251]}], "id": 9}, {"box": [129, 268, 156, 282], "text": "4.50 ", "label": "savings", "words": [{"text": "4.50", "bbox": [129, 268, 156, 282]}], "id": 10}]}