{"form": [{"box": [93, 59, 263, 84], "text": "MO GROCERY \u2122 ", "label": "vendor_name", "words": [{"text": "MO", "bbox": [93, 59, 263, 84]}, {"text": "GROCERY", "bbox": [93, 59, 263, 84]}, {"text": "\u2122", "bbox": [93, 59, 263, 84]}], "id": 0}, {"box": [148, 107, 259, 124], "text": "21IRBPS4454Q1Z6 ", "label": "vendor_gst", "words": [{"text": "21IRBPS4454Q1Z6", "bbox": [148, 107, 259, 124]}], "id": 1}, {"box": [48, 126, 310, 161], "text": "Plot no - D3 / 20 , Indira Gandhi Housing Colony Lingipur , Bhubaneshwar , Odisha - 751002 ", "label": "vendor_address", "words": [{"text": "Plot", "bbox": [48, 126, 310, 161]}, {"text": "no", "bbox": [48, 126, 310, 161]}, {"text": "-", "bbox": [48, 126, 310, 161]}, {"text": "D3", "bbox": [48, 126, 310, 161]}, {"text": "/", "bbox": [48, 126, 310, 161]}, {"text": "20", "bbox": [48, 126, 310, 161]}, {"text": ",", "bbox": [48, 126, 310, 161]}, {"text": "Indira", "bbox": [48, 126, 310, 161]}, {"text": "Gandhi", "bbox": [48, 126, 310, 161]}, {"text": "Housing", "bbox": [48, 126, 310, 161]}, {"text": "Colony", "bbox": [48, 126, 310, 161]}, {"text": "Lingipur", "bbox": [48, 126, 310, 161]}, {"text": ",", "bbox": [48, 126, 310, 161]}, {"text": "Bhubaneshwar", "bbox": [48, 126, 310, 161]}, {"text": ",", "bbox": [48, 126, 310, 161]}, {"text": "Odisha", "bbox": [48, 126, 310, 161]}, {"text": "-", "bbox": [48, 126, 310, 161]}, {"text": "751002", "bbox": [48, 126, 310, 161]}], "id": 2}, {"box": [70, 166, 153, 183], "text": "0674-2914169 ", "label": "vendor_phoneno", "words": [{"text": "0674-2914169", "bbox": [70, 166, 153, 183]}], "id": 3}, {"box": [162, 167, 232, 182], "text": "9861999321 ", "label": "vendor_phoneno", "words": [{"text": "9861999321", "bbox": [162, 167, 232, 182]}], "id": 4}, {"box": [240, 167, 316, 183], "text": "9881882449 ", "label": "vendor_phoneno", "words": [{"text": "9881882449", "bbox": [240, 167, 316, 183]}], "id": 5}, {"box": [183, 204, 286, 216], "text": "S // 2022-23 / AA1 / K2 / 538 ", "label": "receipt_number", "words": [{"text": "S", "bbox": [183, 204, 286, 216]}, {"text": "//", "bbox": [183, 204, 286, 216]}, {"text": "2022-23", "bbox": [183, 204, 286, 216]}, {"text": "/", "bbox": [183, 204, 286, 216]}, {"text": "AA1", "bbox": [183, 204, 286, 216]}, {"text": "/", "bbox": [183, 204, 286, 216]}, {"text": "K2", "bbox": [183, 204, 286, 216]}, {"text": "/", "bbox": [183, 204, 286, 216]}, {"text": "538", "bbox": [183, 204, 286, 216]}], "id": 6}, {"box": [178, 221, 253, 235], "text": "Tue May 10 2022 ", "label": "transaction_date", "words": [{"text": "Tue", "bbox": [178, 221, 253, 235]}, {"text": "May", "bbox": [178, 221, 253, 235]}, {"text": "10", "bbox": [178, 221, 253, 235]}, {"text": "2022", "bbox": [178, 221, 253, 235]}], "id": 7}, {"box": [252, 221, 293, 235], "text": "19:48:55 ", "label": "transaction_time", "words": [{"text": "19:48:55", "bbox": [252, 221, 293, 235]}], "id": 8}, {"box": [213, 241, 257, 251], "text": "Tushar sic ", "label": "customer_name", "words": [{"text": "Tushar", "bbox": [213, 241, 257, 251]}, {"text": "sic", "bbox": [213, 241, 257, 251]}], "id": 9}, {"box": [205, 249, 263, 259], "text": "8763578471 ", "label": "customer_phoneno", "words": [{"text": "8763578471", "bbox": [205, 249, 263, 259]}], "id": 10}, {"box": [261, 324, 282, 338], "text": "358 ", "label": "total_amount", "words": [{"text": "358", "bbox": [261, 324, 282, 338]}], "id": 11}, {"box": [209, 389, 245, 404], "text": "61.99 ", "label": "savings", "words": [{"text": "61.99", "bbox": [209, 389, 245, 404]}], "id": 12}]}