{"form": [{"box": [117, 116, 251, 132], "text": "21AABFW3989K1ZS ", "label": "vendor_gst", "words": [{"text": "21AABFW3989K1ZS", "bbox": [117, 116, 251, 132]}], "id": 0}, {"box": [70, 60, 247, 100], "text": "Shiraz Golden Restaurant Madhusudan Nagar , Unit - 4 , Bhubaneswar ", "label": "vendor_address", "words": [{"text": "Shiraz", "bbox": [70, 60, 247, 100]}, {"text": "Golden", "bbox": [70, 60, 247, 100]}, {"text": "Restaurant", "bbox": [70, 60, 247, 100]}, {"text": "Madhusudan", "bbox": [70, 60, 247, 100]}, {"text": "Nagar", "bbox": [70, 60, 247, 100]}, {"text": ",", "bbox": [70, 60, 247, 100]}, {"text": "Unit", "bbox": [70, 60, 247, 100]}, {"text": "-", "bbox": [70, 60, 247, 100]}, {"text": "4", "bbox": [70, 60, 247, 100]}, {"text": ",", "bbox": [70, 60, 247, 100]}, {"text": "Bhubaneswar", "bbox": [70, 60, 247, 100]}], "id": 1}, {"box": [70, 166, 136, 182], "text": "18/05/22 ", "label": "transaction_date", "words": [{"text": "18/05/22", "bbox": [70, 166, 136, 182]}], "id": 2}, {"box": [91, 102, 173, 115], "text": "", "label": "vendor_phoneno", "words": [], "id": 3}, {"box": [172, 99, 258, 117], "text": "", "label": "vendor_phoneno", "words": [], "id": 4}, {"box": [211, 178, 256, 195], "text": "89257 ", "label": "receipt_number", "words": [{"text": "89257", "bbox": [211, 178, 256, 195]}], "id": 5}, {"box": [76, 142, 185, 155], "text": "", "label": "customer_name", "words": [], "id": 6}, {"box": [228, 322, 286, 337], "text": "285.00 ", "label": "total_amount", "words": [{"text": "285.00", "bbox": [228, 322, 286, 337]}], "id": 7}, {"box": [209, 389, 245, 404], "text": "", "label": "savings", "words": [], "id": 8}, {"box": [239, 259, 288, 276], "text": "271.43 ", "label": "sub_total_amount", "words": [{"text": "271.43", "bbox": [239, 259, 288, 276]}], "id": 9}]}