{"form": [{"box": [119, 45, 242, 67], "text": "HOME CARE ", "label": "vendor_name", "words": [{"text": "HOME", "bbox": [119, 45, 242, 67]}, {"text": "CARE", "bbox": [119, 45, 242, 67]}], "id": 0}, {"box": [119, 68, 241, 93], "text": "MUKUNDA PRASAD MELAN PADIA ", "label": "vendor_address", "words": [{"text": "MUKUNDA", "bbox": [119, 68, 241, 93]}, {"text": "PRASAD", "bbox": [119, 68, 241, 93]}, {"text": "MELAN", "bbox": [119, 68, 241, 93]}, {"text": "PADIA", "bbox": [119, 68, 241, 93]}], "id": 1}, {"box": [164, 93, 225, 105], "text": "9439454006 ", "label": "vendor_phoneno", "words": [{"text": "9439454006", "bbox": [164, 93, 225, 105]}], "id": 2}, {"box": [126, 113, 224, 125], "text": "21GMAPS2777C1Z6 ", "label": "vendor_gst", "words": [{"text": "21GMAPS2777C1Z6", "bbox": [126, 113, 224, 125]}], "id": 3}, {"box": [259, 127, 303, 139], "text": "0013464 ", "label": "receipt_number", "words": [{"text": "0013464", "bbox": [259, 127, 303, 139]}], "id": 4}, {"box": [88, 127, 168, 139], "text": "CASH ", "label": "customer_name", "words": [{"text": "CASH", "bbox": [88, 127, 168, 139]}], "id": 5}, {"box": [80, 139, 170, 150], "text": "", "label": "customer_phoneno", "words": [], "id": 6}, {"box": [254, 138, 307, 150], "text": "26/03/2022 ", "label": "transaction_date", "words": [{"text": "26/03/2022", "bbox": [254, 138, 307, 150]}], "id": 7}, {"box": [256, 149, 285, 160], "text": "12:11 ", "label": "transaction_time", "words": [{"text": "12:11", "bbox": [256, 149, 285, 160]}], "id": 8}, {"box": [287, 253, 323, 266], "text": "171.00 ", "label": "sub_total_amount", "words": [{"text": "171.00", "bbox": [287, 253, 323, 266]}], "id": 9}, {"box": [284, 282, 322, 298], "text": "171.00 ", "label": "total_amount", "words": [{"text": "171.00", "bbox": [284, 282, 322, 298]}], "id": 10}, {"box": [209, 300, 237, 315], "text": "0.00 ", "label": "savings", "words": [{"text": "0.00", "bbox": [209, 300, 237, 315]}], "id": 11}]}