{"form": [{"box": [89, 57, 264, 85], "text": "MO GROCERY \u2122 ", "label": "vendor_name", "words": [{"text": "MO", "bbox": [89, 57, 264, 85]}, {"text": "GROCERY", "bbox": [89, 57, 264, 85]}, {"text": "\u2122", "bbox": [89, 57, 264, 85]}], "id": 0}, {"box": [49, 123, 309, 163], "text": "Plot no - D3 / 20 , Indira Gandhi Housing Colony Lingipur , Bhubaneshwar , Odisha - 751002 ", "label": "vendor_address", "words": [{"text": "Plot", "bbox": [49, 123, 309, 163]}, {"text": "no", "bbox": [49, 123, 309, 163]}, {"text": "-", "bbox": [49, 123, 309, 163]}, {"text": "D3", "bbox": [49, 123, 309, 163]}, {"text": "/", "bbox": [49, 123, 309, 163]}, {"text": "20", "bbox": [49, 123, 309, 163]}, {"text": ",", "bbox": [49, 123, 309, 163]}, {"text": "Indira", "bbox": [49, 123, 309, 163]}, {"text": "Gandhi", "bbox": [49, 123, 309, 163]}, {"text": "Housing", "bbox": [49, 123, 309, 163]}, {"text": "Colony", "bbox": [49, 123, 309, 163]}, {"text": "Lingipur", "bbox": [49, 123, 309, 163]}, {"text": ",", "bbox": [49, 123, 309, 163]}, {"text": "Bhubaneshwar", "bbox": [49, 123, 309, 163]}, {"text": ",", "bbox": [49, 123, 309, 163]}, {"text": "Odisha", "bbox": [49, 123, 309, 163]}, {"text": "-", "bbox": [49, 123, 309, 163]}, {"text": "751002", "bbox": [49, 123, 309, 163]}], "id": 1}, {"box": [148, 105, 259, 123], "text": "21IRBPS4454Q1Z6 ", "label": "vendor_gst", "words": [{"text": "21IRBPS4454Q1Z6", "bbox": [148, 105, 259, 123]}], "id": 2}, {"box": [70, 166, 154, 183], "text": "0674-2914169 ", "label": "vendor_phoneno", "words": [{"text": "0674-2914169", "bbox": [70, 166, 154, 183]}], "id": 3}, {"box": [161, 166, 234, 183], "text": "9861999321 ", "label": "vendor_phoneno", "words": [{"text": "9861999321", "bbox": [161, 166, 234, 183]}], "id": 4}, {"box": [242, 166, 314, 182], "text": "9881882449 ", "label": "vendor_phoneno", "words": [{"text": "9881882449", "bbox": [242, 166, 314, 182]}], "id": 5}, {"box": [197, 203, 269, 216], "text": "SI / AA1 / K1 / 2570 ", "label": "receipt_number", "words": [{"text": "SI", "bbox": [197, 203, 269, 216]}, {"text": "/", "bbox": [197, 203, 269, 216]}, {"text": "AA1", "bbox": [197, 203, 269, 216]}, {"text": "/", "bbox": [197, 203, 269, 216]}, {"text": "K1", "bbox": [197, 203, 269, 216]}, {"text": "/", "bbox": [197, 203, 269, 216]}, {"text": "2570", "bbox": [197, 203, 269, 216]}], "id": 6}, {"box": [176, 220, 253, 235], "text": "Wed Mar 09 2022 ", "label": "transaction_date", "words": [{"text": "Wed", "bbox": [176, 220, 253, 235]}, {"text": "Mar", "bbox": [176, 220, 253, 235]}, {"text": "09", "bbox": [176, 220, 253, 235]}, {"text": "2022", "bbox": [176, 220, 253, 235]}], "id": 7}, {"box": [252, 219, 293, 236], "text": "21:36:17 ", "label": "transaction_time", "words": [{"text": "21:36:17", "bbox": [252, 219, 293, 236]}], "id": 8}, {"box": [201, 240, 266, 254], "text": "Niranjan Panda ", "label": "customer_name", "words": [{"text": "Niranjan", "bbox": [201, 240, 266, 254]}, {"text": "Panda", "bbox": [201, 240, 266, 254]}], "id": 9}, {"box": [205, 258, 262, 271], "text": "7008373963 ", "label": "customer_phoneno", "words": [{"text": "7008373963", "bbox": [205, 258, 262, 271]}], "id": 10}, {"box": [257, 393, 278, 404], "text": "291 ", "label": "total_amount", "words": [{"text": "291", "bbox": [257, 393, 278, 404]}], "id": 11}, {"box": [217, 446, 239, 462], "text": "46 ", "label": "savings", "words": [{"text": "46", "bbox": [217, 446, 239, 462]}], "id": 12}]}