{"form": [{"box": [89, 57, 264, 85], "text": "MO GROCERY \u2122 ", "label": "vendor_name", "words": [{"text": "MO", "bbox": [89, 57, 264, 85]}, {"text": "GROCERY", "bbox": [89, 57, 264, 85]}, {"text": "\u2122", "bbox": [89, 57, 264, 85]}], "id": 0}, {"box": [49, 123, 309, 163], "text": "Plot no - D3 / 20 , Indira Gandhi Housing Colony Lingipur , Bhubaneshwar , Odisha - 751002 ", "label": "vendor_address", "words": [{"text": "Plot", "bbox": [49, 123, 309, 163]}, {"text": "no", "bbox": [49, 123, 309, 163]}, {"text": "-", "bbox": [49, 123, 309, 163]}, {"text": "D3", "bbox": [49, 123, 309, 163]}, {"text": "/", "bbox": [49, 123, 309, 163]}, {"text": "20", "bbox": [49, 123, 309, 163]}, {"text": ",", "bbox": [49, 123, 309, 163]}, {"text": "Indira", "bbox": [49, 123, 309, 163]}, {"text": "Gandhi", "bbox": [49, 123, 309, 163]}, {"text": "Housing", "bbox": [49, 123, 309, 163]}, {"text": "Colony", "bbox": [49, 123, 309, 163]}, {"text": "Lingipur", "bbox": [49, 123, 309, 163]}, {"text": ",", "bbox": [49, 123, 309, 163]}, {"text": "Bhubaneshwar", "bbox": [49, 123, 309, 163]}, {"text": ",", "bbox": [49, 123, 309, 163]}, {"text": "Odisha", "bbox": [49, 123, 309, 163]}, {"text": "-", "bbox": [49, 123, 309, 163]}, {"text": "751002", "bbox": [49, 123, 309, 163]}], "id": 1}, {"box": [148, 105, 259, 123], "text": "21IRBPS4454Q1Z6 ", "label": "vendor_gst", "words": [{"text": "21IRBPS4454Q1Z6", "bbox": [148, 105, 259, 123]}], "id": 2}, {"box": [70, 166, 154, 183], "text": "0674-2914169 ", "label": "vendor_phoneno", "words": [{"text": "0674-2914169", "bbox": [70, 166, 154, 183]}], "id": 3}, {"box": [161, 166, 234, 183], "text": "9861999321 ", "label": "vendor_phoneno", "words": [{"text": "9861999321", "bbox": [161, 166, 234, 183]}], "id": 4}, {"box": [242, 166, 314, 182], "text": "9881882449 ", "label": "vendor_phoneno", "words": [{"text": "9881882449", "bbox": [242, 166, 314, 182]}], "id": 5}, {"box": [197, 203, 269, 216], "text": "SVAA1 / K1 / 2803 ", "label": "receipt_number", "words": [{"text": "SVAA1", "bbox": [197, 203, 269, 216]}, {"text": "/", "bbox": [197, 203, 269, 216]}, {"text": "K1", "bbox": [197, 203, 269, 216]}, {"text": "/", "bbox": [197, 203, 269, 216]}, {"text": "2803", "bbox": [197, 203, 269, 216]}], "id": 6}, {"box": [176, 220, 253, 235], "text": "Sat Mar 19 2022 ", "label": "transaction_date", "words": [{"text": "Sat", "bbox": [176, 220, 253, 235]}, {"text": "Mar", "bbox": [176, 220, 253, 235]}, {"text": "19", "bbox": [176, 220, 253, 235]}, {"text": "2022", "bbox": [176, 220, 253, 235]}], "id": 7}, {"box": [252, 219, 293, 236], "text": "19:32:00 ", "label": "transaction_time", "words": [{"text": "19:32:00", "bbox": [252, 219, 293, 236]}], "id": 8}, {"box": [212, 240, 256, 252], "text": "CRMalu ", "label": "customer_name", "words": [{"text": "CRMalu", "bbox": [212, 240, 256, 252]}], "id": 9}, {"box": [207, 248, 264, 261], "text": "7504263227 ", "label": "customer_phoneno", "words": [{"text": "7504263227", "bbox": [207, 248, 264, 261]}], "id": 10}, {"box": [252, 416, 276, 429], "text": "821 ", "label": "total_amount", "words": [{"text": "821", "bbox": [252, 416, 276, 429]}], "id": 11}, {"box": [216, 468, 238, 488], "text": "1.1 ", "label": "savings", "words": [{"text": "1.1", "bbox": [216, 468, 238, 488]}], "id": 12}]}