{"form": [{"box": [120, 45, 243, 68], "text": "HOME CARE ", "label": "vendor_name", "words": [{"text": "HOME", "bbox": [120, 45, 243, 68]}, {"text": "CARE", "bbox": [120, 45, 243, 68]}], "id": 0}, {"box": [123, 67, 237, 94], "text": "MUKUNDA PRASAD MELAN PADIA ", "label": "vendor_address", "words": [{"text": "MUKUNDA", "bbox": [123, 67, 237, 94]}, {"text": "PRASAD", "bbox": [123, 67, 237, 94]}, {"text": "MELAN", "bbox": [123, 67, 237, 94]}, {"text": "PADIA", "bbox": [123, 67, 237, 94]}], "id": 1}, {"box": [165, 93, 225, 104], "text": "9439454006 ", "label": "vendor_phoneno", "words": [{"text": "9439454006", "bbox": [165, 93, 225, 104]}], "id": 2}, {"box": [126, 113, 222, 124], "text": "21GMAPS2777C1Z6 ", "label": "vendor_gst", "words": [{"text": "21GMAPS2777C1Z6", "bbox": [126, 113, 222, 124]}], "id": 3}, {"box": [89, 127, 187, 140], "text": "CASH ", "label": "customer_name", "words": [{"text": "CASH", "bbox": [89, 127, 187, 140]}], "id": 4}, {"box": [80, 138, 178, 149], "text": "", "label": "customer_phoneno", "words": [], "id": 5}, {"box": [259, 127, 301, 138], "text": "0002438 ", "label": "receipt_number", "words": [{"text": "0002438", "bbox": [259, 127, 301, 138]}], "id": 6}, {"box": [255, 138, 306, 149], "text": "13/05/2022 ", "label": "transaction_date", "words": [{"text": "13/05/2022", "bbox": [255, 138, 306, 149]}], "id": 7}, {"box": [256, 148, 285, 160], "text": "18:43 ", "label": "transaction_time", "words": [{"text": "18:43", "bbox": [256, 148, 285, 160]}], "id": 8}, {"box": [292, 238, 323, 251], "text": "80.00 ", "label": "sub_total_amount", "words": [{"text": "80.00", "bbox": [292, 238, 323, 251]}], "id": 9}, {"box": [289, 268, 322, 282], "text": "80.00 ", "label": "total_amount", "words": [{"text": "80.00", "bbox": [289, 268, 322, 282]}], "id": 10}, {"box": [209, 284, 236, 301], "text": "0.00 ", "label": "savings", "words": [{"text": "0.00", "bbox": [209, 284, 236, 301]}], "id": 11}]}