{"form": [{"box": [45, 45, 290, 62], "text": "JAY HANUMAN MEDICINE STORE ", "label": "vendor_name", "words": [{"text": "JAY", "bbox": [45, 45, 290, 62]}, {"text": "HANUMAN", "bbox": [45, 45, 290, 62]}, {"text": "MEDICINE", "bbox": [45, 45, 290, 62]}, {"text": "STORE", "bbox": [45, 45, 290, 62]}], "id": 0}, {"box": [76, 62, 259, 83], "text": "PLOT NO - 1154 / 1657 , P.O - DUMUDUMA , BHUBANESWAR - 751019 ", "label": "vendor_address", "words": [{"text": "PLOT", "bbox": [76, 62, 259, 83]}, {"text": "NO", "bbox": [76, 62, 259, 83]}, {"text": "-", "bbox": [76, 62, 259, 83]}, {"text": "1154", "bbox": [76, 62, 259, 83]}, {"text": "/", "bbox": [76, 62, 259, 83]}, {"text": "1657", "bbox": [76, 62, 259, 83]}, {"text": ",", "bbox": [76, 62, 259, 83]}, {"text": "P.O", "bbox": [76, 62, 259, 83]}, {"text": "-", "bbox": [76, 62, 259, 83]}, {"text": "DUMUDUMA", "bbox": [76, 62, 259, 83]}, {"text": ",", "bbox": [76, 62, 259, 83]}, {"text": "BHUBANESWAR", "bbox": [76, 62, 259, 83]}, {"text": "-", "bbox": [76, 62, 259, 83]}, {"text": "751019", "bbox": [76, 62, 259, 83]}], "id": 1}, {"box": [159, 82, 211, 94], "text": "9437130890 ", "label": "vendor_phoneno", "words": [{"text": "9437130890", "bbox": [159, 82, 211, 94]}], "id": 2}, {"box": [141, 104, 228, 114], "text": "21BMSPP1108B1ZJ ", "label": "vendor_gst", "words": [{"text": "21BMSPP1108B1ZJ", "bbox": [141, 104, 228, 114]}], "id": 3}, {"box": [85, 128, 176, 138], "text": "CASH ", "label": "customer_name", "words": [{"text": "CASH", "bbox": [85, 128, 176, 138]}], "id": 4}, {"box": [76, 138, 160, 150], "text": "", "label": "customer_phoneno", "words": [], "id": 5}, {"box": [237, 136, 278, 149], "text": "A000159 ", "label": "receipt_number", "words": [{"text": "A000159", "bbox": [237, 136, 278, 149]}], "id": 6}, {"box": [232, 148, 279, 159], "text": "08/04/2022 ", "label": "transaction_date", "words": [{"text": "08/04/2022", "bbox": [232, 148, 279, 159]}], "id": 7}, {"box": [254, 357, 294, 371], "text": "796.00 ", "label": "total_amount", "words": [{"text": "796.00", "bbox": [254, 357, 294, 371]}], "id": 8}, {"box": [264, 328, 294, 341], "text": "41.91 ", "label": "savings", "words": [{"text": "41.91", "bbox": [264, 328, 294, 341]}], "id": 9}, {"box": [103, 312, 134, 325], "text": "748.21 ", "label": "sub_total_amount", "words": [{"text": "748.21", "bbox": [103, 312, 134, 325]}], "id": 10}]}