{"form": [{"box": [102, 46, 217, 63], "text": "WHITE SAND ", "label": "vendor_name", "words": [{"text": "WHITE", "bbox": [102, 46, 217, 63]}, {"text": "SAND", "bbox": [102, 46, 217, 63]}], "id": 0}, {"box": [72, 60, 248, 96], "text": "Shiraz Golden Restaurant Madhusudan Nagar , Unit - 4 , Bhubaneswar ", "label": "vendor_address", "words": [{"text": "Shiraz", "bbox": [72, 60, 248, 96]}, {"text": "Golden", "bbox": [72, 60, 248, 96]}, {"text": "Restaurant", "bbox": [72, 60, 248, 96]}, {"text": "Madhusudan", "bbox": [72, 60, 248, 96]}, {"text": "Nagar", "bbox": [72, 60, 248, 96]}, {"text": ",", "bbox": [72, 60, 248, 96]}, {"text": "Unit", "bbox": [72, 60, 248, 96]}, {"text": "-", "bbox": [72, 60, 248, 96]}, {"text": "4", "bbox": [72, 60, 248, 96]}, {"text": ",", "bbox": [72, 60, 248, 96]}, {"text": "Bhubaneswar", "bbox": [72, 60, 248, 96]}], "id": 1}, {"box": [91, 95, 171, 109], "text": "", "label": "vendor_phoneno", "words": [], "id": 2}, {"box": [175, 95, 256, 109], "text": "", "label": "vendor_phoneno", "words": [], "id": 3}, {"box": [119, 108, 248, 120], "text": "21AABFW3989K1ZS ", "label": "vendor_gst", "words": [{"text": "21AABFW3989K1ZS", "bbox": [119, 108, 248, 120]}], "id": 4}, {"box": [75, 126, 239, 142], "text": "", "label": "customer_name", "words": [], "id": 5}, {"box": [74, 155, 135, 170], "text": "19/05/22 ", "label": "transaction_time", "words": [{"text": "19/05/22", "bbox": [74, 155, 135, 170]}], "id": 6}, {"box": [214, 168, 257, 180], "text": "89325 ", "label": "receipt_number", "words": [{"text": "89325", "bbox": [214, 168, 257, 180]}], "id": 7}, {"box": [228, 383, 285, 398], "text": "550.00 ", "label": "total_amount", "words": [{"text": "550.00", "bbox": [228, 383, 285, 398]}], "id": 8}, {"box": [239, 320, 285, 336], "text": "523.81 ", "label": "sub_total_amount", "words": [{"text": "523.81", "bbox": [239, 320, 285, 336]}], "id": 9}]}