{"form": [{"box": [44, 45, 291, 63], "text": "JAY HANUMAN MEDICINE STORE ", "label": "vendor_name", "words": [{"text": "JAY", "bbox": [44, 45, 291, 63]}, {"text": "HANUMAN", "bbox": [44, 45, 291, 63]}, {"text": "MEDICINE", "bbox": [44, 45, 291, 63]}, {"text": "STORE", "bbox": [44, 45, 291, 63]}], "id": 0}, {"box": [74, 62, 260, 83], "text": "PLOT NO - 1154 / 1657 , P.O - DUMUDUMA , BHUBANESWAR - 751019 ", "label": "vendor_address", "words": [{"text": "PLOT", "bbox": [74, 62, 260, 83]}, {"text": "NO", "bbox": [74, 62, 260, 83]}, {"text": "-", "bbox": [74, 62, 260, 83]}, {"text": "1154", "bbox": [74, 62, 260, 83]}, {"text": "/", "bbox": [74, 62, 260, 83]}, {"text": "1657", "bbox": [74, 62, 260, 83]}, {"text": ",", "bbox": [74, 62, 260, 83]}, {"text": "P.O", "bbox": [74, 62, 260, 83]}, {"text": "-", "bbox": [74, 62, 260, 83]}, {"text": "DUMUDUMA", "bbox": [74, 62, 260, 83]}, {"text": ",", "bbox": [74, 62, 260, 83]}, {"text": "BHUBANESWAR", "bbox": [74, 62, 260, 83]}, {"text": "-", "bbox": [74, 62, 260, 83]}, {"text": "751019", "bbox": [74, 62, 260, 83]}], "id": 1}, {"box": [159, 82, 212, 93], "text": "9437130890 ", "label": "vendor_phoneno", "words": [{"text": "9437130890", "bbox": [159, 82, 212, 93]}], "id": 2}, {"box": [142, 104, 228, 114], "text": "21BMSPP1108B1ZJ ", "label": "vendor_gst", "words": [{"text": "21BMSPP1108B1ZJ", "bbox": [142, 104, 228, 114]}], "id": 3}, {"box": [85, 128, 163, 139], "text": "CASH ", "label": "customer_name", "words": [{"text": "CASH", "bbox": [85, 128, 163, 139]}], "id": 4}, {"box": [75, 138, 156, 148], "text": "", "label": "customer_phoneno", "words": [], "id": 5}, {"box": [238, 138, 276, 149], "text": "A000401 ", "label": "receipt_number", "words": [{"text": "A000401", "bbox": [238, 138, 276, 149]}], "id": 6}, {"box": [232, 149, 280, 160], "text": "21/04/2022 ", "label": "transaction_date", "words": [{"text": "21/04/2022", "bbox": [232, 149, 280, 160]}], "id": 7}, {"box": [104, 252, 134, 265], "text": "441.97 ", "label": "sub_total_amount", "words": [{"text": "441.97", "bbox": [104, 252, 134, 265]}], "id": 8}, {"box": [265, 268, 293, 282], "text": "24.75 ", "label": "savings", "words": [{"text": "24.75", "bbox": [265, 268, 293, 282]}], "id": 9}, {"box": [254, 298, 293, 313], "text": "470.00 ", "label": "total_amount", "words": [{"text": "470.00", "bbox": [254, 298, 293, 313]}], "id": 10}]}