{"form": [{"box": [120, 46, 244, 65], "text": "HOME CARE ", "label": "vendor_name", "words": [{"text": "HOME", "bbox": [120, 46, 244, 65]}, {"text": "CARE", "bbox": [120, 46, 244, 65]}], "id": 0}, {"box": [123, 69, 238, 94], "text": "MUKUNDA PRASAD MELAN PADIA ", "label": "vendor_address", "words": [{"text": "MUKUNDA", "bbox": [123, 69, 238, 94]}, {"text": "PRASAD", "bbox": [123, 69, 238, 94]}, {"text": "MELAN", "bbox": [123, 69, 238, 94]}, {"text": "PADIA", "bbox": [123, 69, 238, 94]}], "id": 1}, {"box": [165, 92, 224, 104], "text": "9439454006 ", "label": "vendor_phoneno", "words": [{"text": "9439454006", "bbox": [165, 92, 224, 104]}], "id": 2}, {"box": [126, 112, 224, 126], "text": "21GMAPS2777C1Z6 ", "label": "vendor_gst", "words": [{"text": "21GMAPS2777C1Z6", "bbox": [126, 112, 224, 126]}], "id": 3}, {"box": [260, 127, 302, 139], "text": "0000490 ", "label": "receipt_number", "words": [{"text": "0000490", "bbox": [260, 127, 302, 139]}], "id": 4}, {"box": [88, 128, 170, 139], "text": "CASH ", "label": "customer_name", "words": [{"text": "CASH", "bbox": [88, 128, 170, 139]}], "id": 5}, {"box": [81, 138, 162, 149], "text": "", "label": "customer_phoneno", "words": [], "id": 6}, {"box": [254, 137, 309, 150], "text": "09/04/2022 ", "label": "transaction_date", "words": [{"text": "09/04/2022", "bbox": [254, 137, 309, 150]}], "id": 7}, {"box": [255, 149, 287, 160], "text": "15:35 ", "label": "transaction_time", "words": [{"text": "15:35", "bbox": [255, 149, 287, 160]}], "id": 8}, {"box": [289, 268, 324, 282], "text": "99.00 ", "label": "total_amount", "words": [{"text": "99.00", "bbox": [289, 268, 324, 282]}], "id": 9}, {"box": [293, 239, 323, 249], "text": "99.00 ", "label": "sub_total_amount", "words": [{"text": "99.00", "bbox": [293, 239, 323, 249]}], "id": 10}, {"box": [208, 285, 239, 302], "text": "0.00 ", "label": "savings", "words": [{"text": "0.00", "bbox": [208, 285, 239, 302]}], "id": 11}]}