{"form": [{"box": [59, 43, 296, 64], "text": "HANUMAN MEDICINE STORE ", "label": "vendor_name", "words": [{"text": "HANUMAN", "bbox": [59, 43, 296, 64]}, {"text": "MEDICINE", "bbox": [59, 43, 296, 64]}, {"text": "STORE", "bbox": [59, 43, 296, 64]}], "id": 0}, {"box": [66, 62, 292, 84], "text": "AT - RAGHUNATH NAGAR , P.O - DUMUDUMA PLOT NO . - 361 , BHUBANESWAR - 751019 ", "label": "vendor_address", "words": [{"text": "AT", "bbox": [66, 62, 292, 84]}, {"text": "-", "bbox": [66, 62, 292, 84]}, {"text": "RAGHUNATH", "bbox": [66, 62, 292, 84]}, {"text": "NAGAR", "bbox": [66, 62, 292, 84]}, {"text": ",", "bbox": [66, 62, 292, 84]}, {"text": "P.O", "bbox": [66, 62, 292, 84]}, {"text": "-", "bbox": [66, 62, 292, 84]}, {"text": "DUMUDUMA", "bbox": [66, 62, 292, 84]}, {"text": "PLOT", "bbox": [66, 62, 292, 84]}, {"text": "NO", "bbox": [66, 62, 292, 84]}, {"text": ".", "bbox": [66, 62, 292, 84]}, {"text": "-", "bbox": [66, 62, 292, 84]}, {"text": "361", "bbox": [66, 62, 292, 84]}, {"text": ",", "bbox": [66, 62, 292, 84]}, {"text": "BHUBANESWAR", "bbox": [66, 62, 292, 84]}, {"text": "-", "bbox": [66, 62, 292, 84]}, {"text": "751019", "bbox": [66, 62, 292, 84]}], "id": 1}, {"box": [167, 82, 226, 94], "text": "9437130890 ", "label": "vendor_phoneno", "words": [{"text": "9437130890", "bbox": [167, 82, 226, 94]}], "id": 2}, {"box": [148, 103, 244, 115], "text": "21AHOPP9866G12S ", "label": "vendor_gst", "words": [{"text": "21AHOPP9866G12S", "bbox": [148, 103, 244, 115]}], "id": 3}, {"box": [252, 136, 294, 148], "text": "0007374 ", "label": "receipt_number", "words": [{"text": "0007374", "bbox": [252, 136, 294, 148]}], "id": 4}, {"box": [87, 126, 205, 139], "text": "SARASWATI DEO DT ", "label": "customer_name", "words": [{"text": "SARASWATI", "bbox": [87, 126, 205, 139]}, {"text": "DEO", "bbox": [87, 126, 205, 139]}, {"text": "DT", "bbox": [87, 126, 205, 139]}], "id": 5}, {"box": [81, 138, 162, 149], "text": "", "label": "customer_phoneno", "words": [], "id": 6}, {"box": [246, 147, 301, 160], "text": "31/03/2022 ", "label": "transaction_date", "words": [{"text": "31/03/2022", "bbox": [246, 147, 301, 160]}], "id": 7}, {"box": [273, 268, 313, 282], "text": "291.00 ", "label": "total_amount", "words": [{"text": "291.00", "bbox": [273, 268, 313, 282]}], "id": 8}, {"box": [108, 223, 143, 236], "text": "267.86 ", "label": "sub_total_amount", "words": [{"text": "267.86", "bbox": [108, 223, 143, 236]}], "id": 9}, {"box": [290, 239, 313, 252], "text": "9.00 ", "label": "savings", "words": [{"text": "9.00", "bbox": [290, 239, 313, 252]}], "id": 10}]}