{"form": [{"box": [93, 145, 264, 167], "text": "MO GROCERY \u2122 ", "label": "vendor_name", "words": [{"text": "MO", "bbox": [93, 145, 264, 167]}, {"text": "GROCERY", "bbox": [93, 145, 264, 167]}, {"text": "\u2122", "bbox": [93, 145, 264, 167]}], "id": 0}, {"box": [150, 181, 257, 198], "text": "21IRBPS4454Q1Z6 ", "label": "vendor_gst", "words": [{"text": "21IRBPS4454Q1Z6", "bbox": [150, 181, 257, 198]}], "id": 1}, {"box": [49, 199, 308, 234], "text": "Plot no - D3 / 20 , Indira Gandhi Housing Colony Lingipur , Bhubaneshwar , Odisha - 751002 ", "label": "vendor_address", "words": [{"text": "Plot", "bbox": [49, 199, 308, 234]}, {"text": "no", "bbox": [49, 199, 308, 234]}, {"text": "-", "bbox": [49, 199, 308, 234]}, {"text": "D3", "bbox": [49, 199, 308, 234]}, {"text": "/", "bbox": [49, 199, 308, 234]}, {"text": "20", "bbox": [49, 199, 308, 234]}, {"text": ",", "bbox": [49, 199, 308, 234]}, {"text": "Indira", "bbox": [49, 199, 308, 234]}, {"text": "Gandhi", "bbox": [49, 199, 308, 234]}, {"text": "Housing", "bbox": [49, 199, 308, 234]}, {"text": "Colony", "bbox": [49, 199, 308, 234]}, {"text": "Lingipur", "bbox": [49, 199, 308, 234]}, {"text": ",", "bbox": [49, 199, 308, 234]}, {"text": "Bhubaneshwar", "bbox": [49, 199, 308, 234]}, {"text": ",", "bbox": [49, 199, 308, 234]}, {"text": "Odisha", "bbox": [49, 199, 308, 234]}, {"text": "-", "bbox": [49, 199, 308, 234]}, {"text": "751002", "bbox": [49, 199, 308, 234]}], "id": 2}, {"box": [70, 241, 152, 257], "text": "0674-2914169 ", "label": "vendor_phoneno", "words": [{"text": "0674-2914169", "bbox": [70, 241, 152, 257]}], "id": 3}, {"box": [163, 240, 233, 257], "text": "9861999321 ", "label": "vendor_phoneno", "words": [{"text": "9861999321", "bbox": [163, 240, 233, 257]}], "id": 4}, {"box": [243, 241, 314, 255], "text": "9881882449 ", "label": "vendor_phoneno", "words": [{"text": "9881882449", "bbox": [243, 241, 314, 255]}], "id": 5}, {"box": [199, 289, 269, 301], "text": "SVAA1 / K1 / 3002 ", "label": "receipt_number", "words": [{"text": "SVAA1", "bbox": [199, 289, 269, 301]}, {"text": "/", "bbox": [199, 289, 269, 301]}, {"text": "K1", "bbox": [199, 289, 269, 301]}, {"text": "/", "bbox": [199, 289, 269, 301]}, {"text": "3002", "bbox": [199, 289, 269, 301]}], "id": 6}, {"box": [180, 308, 251, 321], "text": "Sat Mar 26 2022 ", "label": "transaction_date", "words": [{"text": "Sat", "bbox": [180, 308, 251, 321]}, {"text": "Mar", "bbox": [180, 308, 251, 321]}, {"text": "26", "bbox": [180, 308, 251, 321]}, {"text": "2022", "bbox": [180, 308, 251, 321]}], "id": 7}, {"box": [250, 307, 290, 322], "text": "17:37:14 ", "label": "transaction_time", "words": [{"text": "17:37:14", "bbox": [250, 307, 290, 322]}], "id": 8}, {"box": [217, 328, 254, 340], "text": "aryalopa ", "label": "customer_name", "words": [{"text": "aryalopa", "bbox": [217, 328, 254, 340]}], "id": 9}, {"box": [205, 346, 264, 357], "text": "9178468568 ", "label": "customer_phoneno", "words": [{"text": "9178468568", "bbox": [205, 346, 264, 357]}], "id": 10}, {"box": [257, 589, 279, 602], "text": "293 ", "label": "total_amount", "words": [{"text": "293", "bbox": [257, 589, 279, 602]}], "id": 11}, {"box": [213, 644, 242, 658], "text": "12.6 ", "label": "savings", "words": [{"text": "12.6", "bbox": [213, 644, 242, 658]}], "id": 12}]}