{"form": [{"box": [119, 46, 243, 68], "text": "HOME CARE ", "label": "vendor_name", "words": [{"text": "HOME", "bbox": [119, 46, 243, 68]}, {"text": "CARE", "bbox": [119, 46, 243, 68]}], "id": 0}, {"box": [125, 69, 237, 94], "text": "MUKUNDA PRASAD MELAN PADIA ", "label": "vendor_address", "words": [{"text": "MUKUNDA", "bbox": [125, 69, 237, 94]}, {"text": "PRASAD", "bbox": [125, 69, 237, 94]}, {"text": "MELAN", "bbox": [125, 69, 237, 94]}, {"text": "PADIA", "bbox": [125, 69, 237, 94]}], "id": 1}, {"box": [166, 92, 224, 104], "text": "9439454006 ", "label": "vendor_phoneno", "words": [{"text": "9439454006", "bbox": [166, 92, 224, 104]}], "id": 2}, {"box": [126, 113, 223, 126], "text": "21GMAPS2777C1Z6 ", "label": "vendor_gst", "words": [{"text": "21GMAPS2777C1Z6", "bbox": [126, 113, 223, 126]}], "id": 3}, {"box": [260, 127, 302, 139], "text": "0001401 ", "label": "receipt_number", "words": [{"text": "0001401", "bbox": [260, 127, 302, 139]}], "id": 4}, {"box": [253, 139, 307, 150], "text": "25/04/2022 ", "label": "transaction_date", "words": [{"text": "25/04/2022", "bbox": [253, 139, 307, 150]}], "id": 5}, {"box": [256, 149, 284, 160], "text": "20:35 ", "label": "transaction_time", "words": [{"text": "20:35", "bbox": [256, 149, 284, 160]}], "id": 6}, {"box": [88, 127, 168, 140], "text": "CASH ", "label": "customer_name", "words": [{"text": "CASH", "bbox": [88, 127, 168, 140]}], "id": 7}, {"box": [79, 139, 167, 149], "text": "", "label": "transaction_time", "words": [], "id": 8}, {"box": [287, 239, 322, 250], "text": "448.03 ", "label": "sub_total_amount", "words": [{"text": "448.03", "bbox": [287, 239, 322, 250]}], "id": 9}, {"box": [282, 267, 322, 281], "text": "448.00 ", "label": "total_amount", "words": [{"text": "448.00", "bbox": [282, 267, 322, 281]}], "id": 10}, {"box": [206, 285, 239, 299], "text": "39.97 ", "label": "savings", "words": [{"text": "39.97", "bbox": [206, 285, 239, 299]}], "id": 11}]}