{"form": [{"box": [65, 77, 286, 94], "text": "SRI SATYASAI ENTERPRISE ", "label": "vendor_name", "words": [{"text": "SRI", "bbox": [65, 77, 286, 94]}, {"text": "SATYASAI", "bbox": [65, 77, 286, 94]}, {"text": "ENTERPRISE", "bbox": [65, 77, 286, 94]}], "id": 0}, {"box": [74, 95, 293, 121], "text": "B - 63 , RUPALI SQUARE , SAHEED NAGAR , BHUBANESWAR - 751007 ", "label": "vendor_address", "words": [{"text": "B", "bbox": [74, 95, 293, 121]}, {"text": "-", "bbox": [74, 95, 293, 121]}, {"text": "63", "bbox": [74, 95, 293, 121]}, {"text": ",", "bbox": [74, 95, 293, 121]}, {"text": "RUPALI", "bbox": [74, 95, 293, 121]}, {"text": "SQUARE", "bbox": [74, 95, 293, 121]}, {"text": ",", "bbox": [74, 95, 293, 121]}, {"text": "SAHEED", "bbox": [74, 95, 293, 121]}, {"text": "NAGAR", "bbox": [74, 95, 293, 121]}, {"text": ",", "bbox": [74, 95, 293, 121]}, {"text": "BHUBANESWAR", "bbox": [74, 95, 293, 121]}, {"text": "-", "bbox": [74, 95, 293, 121]}, {"text": "751007", "bbox": [74, 95, 293, 121]}], "id": 1}, {"box": [157, 120, 224, 133], "text": "9437055558 ", "label": "vendor_phoneno", "words": [{"text": "9437055558", "bbox": [157, 120, 224, 133]}], "id": 2}, {"box": [146, 137, 259, 151], "text": "-21AGVPS4577PIZB ", "label": "vendor_gst", "words": [{"text": "-21AGVPS4577PIZB", "bbox": [146, 137, 259, 151]}], "id": 3}, {"box": [89, 197, 179, 210], "text": "", "label": "customer_phoneno", "words": [], "id": 4}, {"box": [222, 194, 314, 210], "text": "ho ", "label": "customer_name", "words": [{"text": "ho", "bbox": [222, 194, 314, 210]}], "id": 5}, {"box": [251, 219, 313, 235], "text": "23/03/2022 ", "label": "transaction_date", "words": [{"text": "23/03/2022", "bbox": [251, 219, 313, 235]}], "id": 6}, {"box": [121, 218, 188, 234], "text": "EATS11372 ", "label": "receipt_number", "words": [{"text": "EATS11372", "bbox": [121, 218, 188, 234]}], "id": 7}, {"box": [252, 237, 286, 252], "text": "12:26 ", "label": "transaction_time", "words": [{"text": "12:26", "bbox": [252, 237, 286, 252]}], "id": 8}, {"box": [287, 417, 324, 431], "text": "645.00 ", "label": "total_amount", "words": [{"text": "645.00", "bbox": [287, 417, 324, 431]}], "id": 9}, {"box": [190, 505, 217, 519], "text": "0.00 ", "label": "savings", "words": [{"text": "0.00", "bbox": [190, 505, 217, 519]}], "id": 10}]}