{"form": [{"box": [93, 58, 262, 83], "text": "MO GROCERY \u2122 ", "label": "vendor_name", "words": [{"text": "MO", "bbox": [93, 58, 262, 83]}, {"text": "GROCERY", "bbox": [93, 58, 262, 83]}, {"text": "\u2122", "bbox": [93, 58, 262, 83]}], "id": 0}, {"box": [148, 108, 257, 125], "text": "21IRBPS4454Q1Z6 ", "label": "vendor_gst", "words": [{"text": "21IRBPS4454Q1Z6", "bbox": [148, 108, 257, 125]}], "id": 1}, {"box": [49, 126, 308, 160], "text": "Plot no - D3 / 20 , Indira Gandhi Housing Colony Lingipur , Bhubaneshwar , Odisha - 751002 ", "label": "vendor_address", "words": [{"text": "Plot", "bbox": [49, 126, 308, 160]}, {"text": "no", "bbox": [49, 126, 308, 160]}, {"text": "-", "bbox": [49, 126, 308, 160]}, {"text": "D3", "bbox": [49, 126, 308, 160]}, {"text": "/", "bbox": [49, 126, 308, 160]}, {"text": "20", "bbox": [49, 126, 308, 160]}, {"text": ",", "bbox": [49, 126, 308, 160]}, {"text": "Indira", "bbox": [49, 126, 308, 160]}, {"text": "Gandhi", "bbox": [49, 126, 308, 160]}, {"text": "Housing", "bbox": [49, 126, 308, 160]}, {"text": "Colony", "bbox": [49, 126, 308, 160]}, {"text": "Lingipur", "bbox": [49, 126, 308, 160]}, {"text": ",", "bbox": [49, 126, 308, 160]}, {"text": "Bhubaneshwar", "bbox": [49, 126, 308, 160]}, {"text": ",", "bbox": [49, 126, 308, 160]}, {"text": "Odisha", "bbox": [49, 126, 308, 160]}, {"text": "-", "bbox": [49, 126, 308, 160]}, {"text": "751002", "bbox": [49, 126, 308, 160]}], "id": 2}, {"box": [71, 167, 152, 181], "text": "0674-2914169 ", "label": "vendor_phoneno", "words": [{"text": "0674-2914169", "bbox": [71, 167, 152, 181]}], "id": 3}, {"box": [161, 166, 232, 182], "text": "9861999321 ", "label": "vendor_phoneno", "words": [{"text": "9861999321", "bbox": [161, 166, 232, 182]}], "id": 4}, {"box": [241, 166, 315, 182], "text": "9881882449 ", "label": "vendor_phoneno", "words": [{"text": "9881882449", "bbox": [241, 166, 315, 182]}], "id": 5}, {"box": [181, 203, 285, 217], "text": "S // 2022-23 / AA1 / K1 / 358 ", "label": "receipt_number", "words": [{"text": "S", "bbox": [181, 203, 285, 217]}, {"text": "//", "bbox": [181, 203, 285, 217]}, {"text": "2022-23", "bbox": [181, 203, 285, 217]}, {"text": "/", "bbox": [181, 203, 285, 217]}, {"text": "AA1", "bbox": [181, 203, 285, 217]}, {"text": "/", "bbox": [181, 203, 285, 217]}, {"text": "K1", "bbox": [181, 203, 285, 217]}, {"text": "/", "bbox": [181, 203, 285, 217]}, {"text": "358", "bbox": [181, 203, 285, 217]}], "id": 6}, {"box": [175, 221, 252, 233], "text": "Wed Apr 13 2022 ", "label": "transaction_date", "words": [{"text": "Wed", "bbox": [175, 221, 252, 233]}, {"text": "Apr", "bbox": [175, 221, 252, 233]}, {"text": "13", "bbox": [175, 221, 252, 233]}, {"text": "2022", "bbox": [175, 221, 252, 233]}], "id": 7}, {"box": [251, 220, 289, 235], "text": "10:47:21 ", "label": "transaction_time", "words": [{"text": "10:47:21", "bbox": [251, 220, 289, 235]}], "id": 8}, {"box": [213, 240, 255, 255], "text": "Sisirjena ", "label": "customer_name", "words": [{"text": "Sisirjena", "bbox": [213, 240, 255, 255]}], "id": 9}, {"box": [205, 259, 262, 272], "text": "8917669905 ", "label": "customer_phoneno", "words": [{"text": "8917669905", "bbox": [205, 259, 262, 272]}], "id": 10}, {"box": [258, 380, 279, 392], "text": "103 ", "label": "total_amount", "words": [{"text": "103", "bbox": [258, 380, 279, 392]}], "id": 11}, {"box": [217, 433, 238, 450], "text": "23 ", "label": "savings", "words": [{"text": "23", "bbox": [217, 433, 238, 450]}], "id": 12}]}