{"form": [{"box": [101, 45, 215, 63], "text": "WHITE SAND ", "label": "vendor_name", "words": [{"text": "WHITE", "bbox": [101, 45, 215, 63]}, {"text": "SAND", "bbox": [101, 45, 215, 63]}], "id": 0}, {"box": [70, 60, 248, 100], "text": "Shiraz Golden Restaurant Madhusudan Nagar , Unit - 4 , Bhubaneswar ", "label": "vendor_address", "words": [{"text": "Shiraz", "bbox": [70, 60, 248, 100]}, {"text": "Golden", "bbox": [70, 60, 248, 100]}, {"text": "Restaurant", "bbox": [70, 60, 248, 100]}, {"text": "Madhusudan", "bbox": [70, 60, 248, 100]}, {"text": "Nagar", "bbox": [70, 60, 248, 100]}, {"text": ",", "bbox": [70, 60, 248, 100]}, {"text": "Unit", "bbox": [70, 60, 248, 100]}, {"text": "-", "bbox": [70, 60, 248, 100]}, {"text": "4", "bbox": [70, 60, 248, 100]}, {"text": ",", "bbox": [70, 60, 248, 100]}, {"text": "Bhubaneswar", "bbox": [70, 60, 248, 100]}], "id": 1}, {"box": [91, 101, 172, 116], "text": "", "label": "vendor_phoneno", "words": [], "id": 2}, {"box": [176, 101, 255, 117], "text": "", "label": "vendor_phoneno", "words": [], "id": 3}, {"box": [120, 116, 250, 131], "text": "21AABFW3989K1ZS ", "label": "vendor_gst", "words": [{"text": "21AABFW3989K1ZS", "bbox": [120, 116, 250, 131]}], "id": 4}, {"box": [75, 140, 236, 155], "text": "", "label": "customer_name", "words": [], "id": 5}, {"box": [72, 166, 135, 182], "text": "23/05/22 ", "label": "transaction_date", "words": [{"text": "23/05/22", "bbox": [72, 166, 135, 182]}], "id": 6}, {"box": [213, 178, 256, 193], "text": "89532 ", "label": "receipt_number", "words": [{"text": "89532", "bbox": [213, 178, 256, 193]}], "id": 7}, {"box": [239, 273, 285, 288], "text": "533.34 ", "label": "sub_total_amount", "words": [{"text": "533.34", "bbox": [239, 273, 285, 288]}], "id": 8}, {"box": [229, 322, 285, 337], "text": "560.00 ", "label": "total_amount", "words": [{"text": "560.00", "bbox": [229, 322, 285, 337]}], "id": 9}]}