{"form": [{"box": [120, 45, 243, 67], "text": "HOME CARE ", "label": "vendor_name", "words": [{"text": "HOME", "bbox": [120, 45, 243, 67]}, {"text": "CARE", "bbox": [120, 45, 243, 67]}], "id": 0}, {"box": [124, 69, 236, 93], "text": "MUKUNDA PRASAD MELAN PADIA ", "label": "vendor_address", "words": [{"text": "MUKUNDA", "bbox": [124, 69, 236, 93]}, {"text": "PRASAD", "bbox": [124, 69, 236, 93]}, {"text": "MELAN", "bbox": [124, 69, 236, 93]}, {"text": "PADIA", "bbox": [124, 69, 236, 93]}], "id": 1}, {"box": [166, 93, 225, 104], "text": "9439454006 ", "label": "vendor_phoneno", "words": [{"text": "9439454006", "bbox": [166, 93, 225, 104]}], "id": 2}, {"box": [125, 112, 223, 125], "text": "21GMAPS2777C1Z6 ", "label": "vendor_gst", "words": [{"text": "21GMAPS2777C1Z6", "bbox": [125, 112, 223, 125]}], "id": 3}, {"box": [294, 224, 322, 235], "text": "82.20 ", "label": "sub_total_amount", "words": [{"text": "82.20", "bbox": [294, 224, 322, 235]}], "id": 4}, {"box": [289, 253, 323, 268], "text": "82.00 ", "label": "total_amount", "words": [{"text": "82.00", "bbox": [289, 253, 323, 268]}], "id": 5}, {"box": [210, 282, 236, 298], "text": "1.80 ", "label": "savings", "words": [{"text": "1.80", "bbox": [210, 282, 236, 298]}], "id": 6}]}