{"form": [{"box": [64, 76, 285, 95], "text": "SRI SATYASAI ENTERPRISE ", "label": "vendor_name", "words": [{"text": "SRI", "bbox": [64, 76, 285, 95]}, {"text": "SATYASAI", "bbox": [64, 76, 285, 95]}, {"text": "ENTERPRISE", "bbox": [64, 76, 285, 95]}], "id": 0}, {"box": [74, 95, 291, 121], "text": "B - 63 , RUPALI SQUARE , SAHEED NAGAR , BHUBANESWAR - 751007 ", "label": "vendor_address", "words": [{"text": "B", "bbox": [74, 95, 291, 121]}, {"text": "-", "bbox": [74, 95, 291, 121]}, {"text": "63", "bbox": [74, 95, 291, 121]}, {"text": ",", "bbox": [74, 95, 291, 121]}, {"text": "RUPALI", "bbox": [74, 95, 291, 121]}, {"text": "SQUARE", "bbox": [74, 95, 291, 121]}, {"text": ",", "bbox": [74, 95, 291, 121]}, {"text": "SAHEED", "bbox": [74, 95, 291, 121]}, {"text": "NAGAR", "bbox": [74, 95, 291, 121]}, {"text": ",", "bbox": [74, 95, 291, 121]}, {"text": "BHUBANESWAR", "bbox": [74, 95, 291, 121]}, {"text": "-", "bbox": [74, 95, 291, 121]}, {"text": "751007", "bbox": [74, 95, 291, 121]}], "id": 1}, {"box": [156, 120, 229, 134], "text": "9437055558 , ", "label": "vendor_phoneno", "words": [{"text": "9437055558", "bbox": [156, 120, 229, 134]}, {"text": ",", "bbox": [156, 120, 229, 134]}], "id": 2}, {"box": [146, 136, 260, 151], "text": "-21AGVPS4577PIZB ", "label": "vendor_gst", "words": [{"text": "-21AGVPS4577PIZB", "bbox": [146, 136, 260, 151]}], "id": 3}, {"box": [222, 194, 314, 211], "text": "ho ", "label": "customer_name", "words": [{"text": "ho", "bbox": [222, 194, 314, 211]}], "id": 4}, {"box": [89, 194, 181, 212], "text": "", "label": "customer_phoneno", "words": [], "id": 5}, {"box": [120, 218, 188, 234], "text": "EATS11395 ", "label": "receipt_number", "words": [{"text": "EATS11395", "bbox": [120, 218, 188, 234]}], "id": 6}, {"box": [252, 220, 312, 234], "text": "28/03/2022 ", "label": "transaction_date", "words": [{"text": "28/03/2022", "bbox": [252, 220, 312, 234]}], "id": 7}, {"box": [252, 237, 285, 251], "text": "07:38 ", "label": "transaction_time", "words": [{"text": "07:38", "bbox": [252, 237, 285, 251]}], "id": 8}, {"box": [282, 417, 324, 431], "text": "2145.00 ", "label": "total_amount", "words": [{"text": "2145.00", "bbox": [282, 417, 324, 431]}], "id": 9}, {"box": [190, 504, 217, 520], "text": "0.00 ", "label": "savings", "words": [{"text": "0.00", "bbox": [190, 504, 217, 520]}], "id": 10}]}