{"form": [{"box": [119, 45, 244, 67], "text": "HOME CARE ", "label": "vendor_name", "words": [{"text": "HOME", "bbox": [119, 45, 244, 67]}, {"text": "CARE", "bbox": [119, 45, 244, 67]}], "id": 0}, {"box": [122, 70, 236, 93], "text": "MUKUNDA PRASAD MELAN PADIA ", "label": "vendor_address", "words": [{"text": "MUKUNDA", "bbox": [122, 70, 236, 93]}, {"text": "PRASAD", "bbox": [122, 70, 236, 93]}, {"text": "MELAN", "bbox": [122, 70, 236, 93]}, {"text": "PADIA", "bbox": [122, 70, 236, 93]}], "id": 1}, {"box": [166, 93, 223, 104], "text": "9439454006 ", "label": "vendor_phoneno", "words": [{"text": "9439454006", "bbox": [166, 93, 223, 104]}], "id": 2}, {"box": [125, 112, 223, 125], "text": "21GMAPS2777C1Z6 ", "label": "vendor_gst", "words": [{"text": "21GMAPS2777C1Z6", "bbox": [125, 112, 223, 125]}], "id": 3}, {"box": [89, 128, 193, 139], "text": "CASH ", "label": "customer_name", "words": [{"text": "CASH", "bbox": [89, 128, 193, 139]}], "id": 4}, {"box": [81, 138, 189, 149], "text": "", "label": "customer_phoneno", "words": [], "id": 5}, {"box": [257, 128, 321, 139], "text": "0000663 ", "label": "receipt_number", "words": [{"text": "0000663", "bbox": [257, 128, 321, 139]}], "id": 6}, {"box": [253, 137, 316, 149], "text": "13/04/2022 ", "label": "transaction_date", "words": [{"text": "13/04/2022", "bbox": [253, 137, 316, 149]}], "id": 7}, {"box": [255, 148, 284, 160], "text": "10:14 ", "label": "transaction_time", "words": [{"text": "10:14", "bbox": [255, 148, 284, 160]}], "id": 8}, {"box": [287, 224, 322, 234], "text": "153.98 ", "label": "sub_total_amount", "words": [{"text": "153.98", "bbox": [287, 224, 322, 234]}], "id": 9}, {"box": [284, 253, 322, 267], "text": "154.00 ", "label": "total_amount", "words": [{"text": "154.00", "bbox": [284, 253, 322, 267]}], "id": 10}, {"box": [207, 285, 236, 298], "text": "2.02 ", "label": "savings", "words": [{"text": "2.02", "bbox": [207, 285, 236, 298]}], "id": 11}]}