{"form": [{"box": [119, 45, 274, 70], "text": "NEHA'S MART ", "label": "vendor_name", "words": [{"text": "NEHA'S", "bbox": [119, 45, 274, 70]}, {"text": "MART", "bbox": [119, 45, 274, 70]}], "id": 0}, {"box": [55, 67, 283, 93], "text": "1ST FLOOR , DWARIKA ENCLAVE NEAR SUREKHA REGENCY , PURI CANAL ROAD ", "label": "vendor_address", "words": [{"text": "1ST", "bbox": [55, 67, 283, 93]}, {"text": "FLOOR", "bbox": [55, 67, 283, 93]}, {"text": ",", "bbox": [55, 67, 283, 93]}, {"text": "DWARIKA", "bbox": [55, 67, 283, 93]}, {"text": "ENCLAVE", "bbox": [55, 67, 283, 93]}, {"text": "NEAR", "bbox": [55, 67, 283, 93]}, {"text": "SUREKHA", "bbox": [55, 67, 283, 93]}, {"text": "REGENCY", "bbox": [55, 67, 283, 93]}, {"text": ",", "bbox": [55, 67, 283, 93]}, {"text": "PURI", "bbox": [55, 67, 283, 93]}, {"text": "CANAL", "bbox": [55, 67, 283, 93]}, {"text": "ROAD", "bbox": [55, 67, 283, 93]}], "id": 1}, {"box": [166, 93, 223, 104], "text": "7008960240 ", "label": "vendor_phoneno", "words": [{"text": "7008960240", "bbox": [166, 93, 223, 104]}], "id": 2}, {"box": [129, 113, 218, 125], "text": "21CIUPP5534Q1ZF ", "label": "vendor_gst", "words": [{"text": "21CIUPP5534Q1ZF", "bbox": [129, 113, 218, 125]}], "id": 3}, {"box": [89, 128, 193, 139], "text": "LIPSA MISHRA ", "label": "customer_name", "words": [{"text": "LIPSA", "bbox": [89, 128, 193, 139]}, {"text": "MISHRA", "bbox": [89, 128, 193, 139]}], "id": 4}, {"box": [77, 137, 136, 149], "text": "8144043532 ", "label": "customer_phoneno", "words": [{"text": "8144043532", "bbox": [77, 137, 136, 149]}], "id": 5}, {"box": [257, 128, 321, 139], "text": "0014853 ", "label": "receipt_number", "words": [{"text": "0014853", "bbox": [257, 128, 321, 139]}], "id": 6}, {"box": [253, 137, 316, 149], "text": "04/03/2022 ", "label": "transaction_date", "words": [{"text": "04/03/2022", "bbox": [253, 137, 316, 149]}], "id": 7}, {"box": [255, 148, 284, 160], "text": "20:00 ", "label": "transaction_time", "words": [{"text": "20:00", "bbox": [255, 148, 284, 160]}], "id": 8}, {"box": [287, 207, 320, 219], "text": "310.00 ", "label": "sub_total_amount", "words": [{"text": "310.00", "bbox": [287, 207, 320, 219]}], "id": 9}, {"box": [287, 237, 323, 250], "text": "309.00 ", "label": "total_amount", "words": [{"text": "309.00", "bbox": [287, 237, 323, 250]}], "id": 10}, {"box": [129, 266, 157, 281], "text": "0.93 ", "label": "savings", "words": [{"text": "0.93", "bbox": [129, 266, 157, 281]}], "id": 11}]}