{"form": [{"box": [119, 45, 244, 67], "text": "HOME CARE ", "label": "vendor_name", "words": [{"text": "HOME", "bbox": [119, 45, 244, 67]}, {"text": "CARE", "bbox": [119, 45, 244, 67]}], "id": 0}, {"box": [122, 70, 236, 93], "text": "MUKUNDA PRASAD MELAN PADIA ", "label": "vendor_address", "words": [{"text": "MUKUNDA", "bbox": [122, 70, 236, 93]}, {"text": "PRASAD", "bbox": [122, 70, 236, 93]}, {"text": "MELAN", "bbox": [122, 70, 236, 93]}, {"text": "PADIA", "bbox": [122, 70, 236, 93]}], "id": 1}, {"box": [166, 93, 223, 104], "text": "9439454006 ", "label": "vendor_phoneno", "words": [{"text": "9439454006", "bbox": [166, 93, 223, 104]}], "id": 2}, {"box": [125, 112, 223, 125], "text": "21GMAPS2777C1Z6 ", "label": "vendor_gst", "words": [{"text": "21GMAPS2777C1Z6", "bbox": [125, 112, 223, 125]}], "id": 3}, {"box": [89, 128, 193, 139], "text": "CASH ", "label": "customer_name", "words": [{"text": "CASH", "bbox": [89, 128, 193, 139]}], "id": 4}, {"box": [81, 138, 189, 149], "text": "", "label": "customer_phoneno", "words": [], "id": 5}, {"box": [257, 128, 321, 139], "text": "", "label": "receipt_number", "words": [], "id": 6}, {"box": [253, 137, 316, 149], "text": "", "label": "transaction_date", "words": [], "id": 7}, {"box": [255, 148, 284, 160], "text": "14:18 ", "label": "transaction_time", "words": [{"text": "14:18", "bbox": [255, 148, 284, 160]}], "id": 8}, {"box": [291, 209, 323, 222], "text": "35.00 ", "label": "sub_total_amount", "words": [{"text": "35.00", "bbox": [291, 209, 323, 222]}], "id": 9}, {"box": [288, 238, 322, 252], "text": "35.00 ", "label": "total_amount", "words": [{"text": "35.00", "bbox": [288, 238, 322, 252]}], "id": 10}, {"box": [206, 255, 240, 271], "text": "10.00 ", "label": "savings", "words": [{"text": "10.00", "bbox": [206, 255, 240, 271]}], "id": 11}]}