{"form": [{"box": [89, 57, 263, 84], "text": "MO GROCERY \u2122 ", "label": "vendor_name", "words": [{"text": "MO", "bbox": [89, 57, 263, 84]}, {"text": "GROCERY", "bbox": [89, 57, 263, 84]}, {"text": "\u2122", "bbox": [89, 57, 263, 84]}], "id": 0}, {"box": [148, 107, 258, 123], "text": "21IRBPS4454Q1Z6 ", "label": "vendor_gst", "words": [{"text": "21IRBPS4454Q1Z6", "bbox": [148, 107, 258, 123]}], "id": 1}, {"box": [51, 125, 308, 161], "text": "Plot no - D3 / 20 , Indira Gandhi Housing Colony Lingipur , Bhubaneshwar , Odisha - 751002 ", "label": "vendor_address", "words": [{"text": "Plot", "bbox": [51, 125, 308, 161]}, {"text": "no", "bbox": [51, 125, 308, 161]}, {"text": "-", "bbox": [51, 125, 308, 161]}, {"text": "D3", "bbox": [51, 125, 308, 161]}, {"text": "/", "bbox": [51, 125, 308, 161]}, {"text": "20", "bbox": [51, 125, 308, 161]}, {"text": ",", "bbox": [51, 125, 308, 161]}, {"text": "Indira", "bbox": [51, 125, 308, 161]}, {"text": "Gandhi", "bbox": [51, 125, 308, 161]}, {"text": "Housing", "bbox": [51, 125, 308, 161]}, {"text": "Colony", "bbox": [51, 125, 308, 161]}, {"text": "Lingipur", "bbox": [51, 125, 308, 161]}, {"text": ",", "bbox": [51, 125, 308, 161]}, {"text": "Bhubaneshwar", "bbox": [51, 125, 308, 161]}, {"text": ",", "bbox": [51, 125, 308, 161]}, {"text": "Odisha", "bbox": [51, 125, 308, 161]}, {"text": "-", "bbox": [51, 125, 308, 161]}, {"text": "751002", "bbox": [51, 125, 308, 161]}], "id": 2}, {"box": [70, 167, 153, 182], "text": "0674-2914169 ", "label": "vendor_phoneno", "words": [{"text": "0674-2914169", "bbox": [70, 167, 153, 182]}], "id": 3}, {"box": [161, 167, 232, 183], "text": "9861999321 ", "label": "vendor_phoneno", "words": [{"text": "9861999321", "bbox": [161, 167, 232, 183]}], "id": 4}, {"box": [242, 166, 314, 182], "text": "9881882449 ", "label": "vendor_phoneno", "words": [{"text": "9881882449", "bbox": [242, 166, 314, 182]}], "id": 5}, {"box": [184, 204, 285, 215], "text": "S // 2022-23 / AA1 / K2 / 429 ", "label": "receipt_number", "words": [{"text": "S", "bbox": [184, 204, 285, 215]}, {"text": "//", "bbox": [184, 204, 285, 215]}, {"text": "2022-23", "bbox": [184, 204, 285, 215]}, {"text": "/", "bbox": [184, 204, 285, 215]}, {"text": "AA1", "bbox": [184, 204, 285, 215]}, {"text": "/", "bbox": [184, 204, 285, 215]}, {"text": "K2", "bbox": [184, 204, 285, 215]}, {"text": "/", "bbox": [184, 204, 285, 215]}, {"text": "429", "bbox": [184, 204, 285, 215]}], "id": 6}, {"box": [180, 221, 251, 235], "text": "Sat May 07 2022 ", "label": "transaction_date", "words": [{"text": "Sat", "bbox": [180, 221, 251, 235]}, {"text": "May", "bbox": [180, 221, 251, 235]}, {"text": "07", "bbox": [180, 221, 251, 235]}, {"text": "2022", "bbox": [180, 221, 251, 235]}], "id": 7}, {"box": [251, 221, 292, 236], "text": "10:41:29 ", "label": "transaction_time", "words": [{"text": "10:41:29", "bbox": [251, 221, 292, 236]}], "id": 8}, {"box": [215, 242, 254, 253], "text": "priyanka ", "label": "customer_name", "words": [{"text": "priyanka", "bbox": [215, 242, 254, 253]}], "id": 9}, {"box": [206, 258, 263, 271], "text": "9861055427 ", "label": "customer_phoneno", "words": [{"text": "9861055427", "bbox": [206, 258, 263, 271]}], "id": 10}, {"box": [218, 464, 237, 480], "text": "42 ", "label": "savings", "words": [{"text": "42", "bbox": [218, 464, 237, 480]}], "id": 11}, {"box": [262, 410, 282, 423], "text": "92 ", "label": "total_amount", "words": [{"text": "92", "bbox": [262, 410, 282, 423]}], "id": 12}]}