{"form": [{"box": [92, 144, 265, 167], "text": "MO GROCERY \u2122 ", "label": "vendor_name", "words": [{"text": "MO", "bbox": [92, 144, 265, 167]}, {"text": "GROCERY", "bbox": [92, 144, 265, 167]}, {"text": "\u2122", "bbox": [92, 144, 265, 167]}], "id": 0}, {"box": [149, 181, 256, 198], "text": "21IRBPS4454Q1Z6 ", "label": "vendor_gst", "words": [{"text": "21IRBPS4454Q1Z6", "bbox": [149, 181, 256, 198]}], "id": 1}, {"box": [49, 200, 309, 235], "text": "Plot no - D3 / 20 , Indira Gandhi Housing Colony Lingipur , Bhubaneshwar , Odisha - 751002 ", "label": "vendor_address", "words": [{"text": "Plot", "bbox": [49, 200, 309, 235]}, {"text": "no", "bbox": [49, 200, 309, 235]}, {"text": "-", "bbox": [49, 200, 309, 235]}, {"text": "D3", "bbox": [49, 200, 309, 235]}, {"text": "/", "bbox": [49, 200, 309, 235]}, {"text": "20", "bbox": [49, 200, 309, 235]}, {"text": ",", "bbox": [49, 200, 309, 235]}, {"text": "Indira", "bbox": [49, 200, 309, 235]}, {"text": "Gandhi", "bbox": [49, 200, 309, 235]}, {"text": "Housing", "bbox": [49, 200, 309, 235]}, {"text": "Colony", "bbox": [49, 200, 309, 235]}, {"text": "Lingipur", "bbox": [49, 200, 309, 235]}, {"text": ",", "bbox": [49, 200, 309, 235]}, {"text": "Bhubaneshwar", "bbox": [49, 200, 309, 235]}, {"text": ",", "bbox": [49, 200, 309, 235]}, {"text": "Odisha", "bbox": [49, 200, 309, 235]}, {"text": "-", "bbox": [49, 200, 309, 235]}, {"text": "751002", "bbox": [49, 200, 309, 235]}], "id": 2}, {"box": [70, 240, 153, 256], "text": "0674-2914169 ", "label": "vendor_phoneno", "words": [{"text": "0674-2914169", "bbox": [70, 240, 153, 256]}], "id": 3}, {"box": [162, 241, 232, 255], "text": "9861999321 ", "label": "vendor_phoneno", "words": [{"text": "9861999321", "bbox": [162, 241, 232, 255]}], "id": 4}, {"box": [242, 240, 312, 255], "text": "9881882449 ", "label": "vendor_phoneno", "words": [{"text": "9881882449", "bbox": [242, 240, 312, 255]}], "id": 5}, {"box": [200, 289, 269, 301], "text": "SI / AA1 / K1 / 3054 ", "label": "receipt_number", "words": [{"text": "SI", "bbox": [200, 289, 269, 301]}, {"text": "/", "bbox": [200, 289, 269, 301]}, {"text": "AA1", "bbox": [200, 289, 269, 301]}, {"text": "/", "bbox": [200, 289, 269, 301]}, {"text": "K1", "bbox": [200, 289, 269, 301]}, {"text": "/", "bbox": [200, 289, 269, 301]}, {"text": "3054", "bbox": [200, 289, 269, 301]}], "id": 6}, {"box": [178, 307, 252, 320], "text": "Sun Mar 27 2022 ", "label": "transaction_date", "words": [{"text": "Sun", "bbox": [178, 307, 252, 320]}, {"text": "Mar", "bbox": [178, 307, 252, 320]}, {"text": "27", "bbox": [178, 307, 252, 320]}, {"text": "2022", "bbox": [178, 307, 252, 320]}], "id": 7}, {"box": [251, 307, 291, 320], "text": "21:26:36 ", "label": "transaction_time", "words": [{"text": "21:26:36", "bbox": [251, 307, 291, 320]}], "id": 8}, {"box": [205, 327, 263, 339], "text": "Smruti Parida ", "label": "customer_name", "words": [{"text": "Smruti", "bbox": [205, 327, 263, 339]}, {"text": "Parida", "bbox": [205, 327, 263, 339]}], "id": 9}, {"box": [206, 345, 264, 357], "text": "7681053827 ", "label": "customer_phoneno", "words": [{"text": "7681053827", "bbox": [206, 345, 264, 357]}], "id": 10}, {"box": [216, 495, 238, 510], "text": "5.1 ", "label": "savings", "words": [{"text": "5.1", "bbox": [216, 495, 238, 510]}], "id": 11}, {"box": [268, 440, 282, 455], "text": "97 ", "label": "total_amount", "words": [{"text": "97", "bbox": [268, 440, 282, 455]}], "id": 12}]}