{"form": [{"box": [64, 77, 285, 94], "text": "SRI SATYASAI ENTERPRISE ", "label": "vendor_name", "words": [{"text": "SRI", "bbox": [64, 77, 285, 94]}, {"text": "SATYASAI", "bbox": [64, 77, 285, 94]}, {"text": "ENTERPRISE", "bbox": [64, 77, 285, 94]}], "id": 0}, {"box": [76, 96, 292, 121], "text": "B - 63 , RUPALI SQUARE , SAHEED NAGAR , BHUBANESWAR - 751007 ", "label": "vendor_address", "words": [{"text": "B", "bbox": [76, 96, 292, 121]}, {"text": "-", "bbox": [76, 96, 292, 121]}, {"text": "63", "bbox": [76, 96, 292, 121]}, {"text": ",", "bbox": [76, 96, 292, 121]}, {"text": "RUPALI", "bbox": [76, 96, 292, 121]}, {"text": "SQUARE", "bbox": [76, 96, 292, 121]}, {"text": ",", "bbox": [76, 96, 292, 121]}, {"text": "SAHEED", "bbox": [76, 96, 292, 121]}, {"text": "NAGAR", "bbox": [76, 96, 292, 121]}, {"text": ",", "bbox": [76, 96, 292, 121]}, {"text": "BHUBANESWAR", "bbox": [76, 96, 292, 121]}, {"text": "-", "bbox": [76, 96, 292, 121]}, {"text": "751007", "bbox": [76, 96, 292, 121]}], "id": 1}, {"box": [157, 120, 228, 133], "text": "9437055558 , ", "label": "vendor_phoneno", "words": [{"text": "9437055558", "bbox": [157, 120, 228, 133]}, {"text": ",", "bbox": [157, 120, 228, 133]}], "id": 2}, {"box": [147, 137, 258, 151], "text": "-21AGVPS4577PIZB ", "label": "vendor_gst", "words": [{"text": "-21AGVPS4577PIZB", "bbox": [147, 137, 258, 151]}], "id": 3}, {"box": [89, 197, 169, 210], "text": "", "label": "customer_phoneno", "words": [], "id": 4}, {"box": [222, 194, 304, 210], "text": "ho ", "label": "customer_name", "words": [{"text": "ho", "bbox": [222, 194, 304, 210]}], "id": 5}, {"box": [121, 219, 188, 233], "text": "EATS11315 ", "label": "receipt_number", "words": [{"text": "EATS11315", "bbox": [121, 219, 188, 233]}], "id": 6}, {"box": [251, 220, 314, 235], "text": "11/03/2022 ", "label": "transaction_date", "words": [{"text": "11/03/2022", "bbox": [251, 220, 314, 235]}], "id": 7}, {"box": [253, 238, 285, 252], "text": "12:42 ", "label": "transaction_time", "words": [{"text": "12:42", "bbox": [253, 238, 285, 252]}], "id": 8}, {"box": [288, 442, 325, 456], "text": "715.00 ", "label": "total_amount", "words": [{"text": "715.00", "bbox": [288, 442, 325, 456]}], "id": 9}, {"box": [190, 531, 215, 544], "text": "0.00 ", "label": "savings", "words": [{"text": "0.00", "bbox": [190, 531, 215, 544]}], "id": 10}]}