{"form": [{"box": [119, 45, 244, 68], "text": "HOME CARE ", "label": "vendor_name", "words": [{"text": "HOME", "bbox": [119, 45, 244, 68]}, {"text": "CARE", "bbox": [119, 45, 244, 68]}], "id": 0}, {"box": [123, 70, 237, 94], "text": "MUKUNDA PRASAD MELAN PADIA ", "label": "vendor_address", "words": [{"text": "MUKUNDA", "bbox": [123, 70, 237, 94]}, {"text": "PRASAD", "bbox": [123, 70, 237, 94]}, {"text": "MELAN", "bbox": [123, 70, 237, 94]}, {"text": "PADIA", "bbox": [123, 70, 237, 94]}], "id": 1}, {"box": [167, 93, 224, 105], "text": "9439454006 ", "label": "vendor_phoneno", "words": [{"text": "9439454006", "bbox": [167, 93, 224, 105]}], "id": 2}, {"box": [127, 113, 222, 126], "text": "21GMAPS2777C1Z6 ", "label": "vendor_gst", "words": [{"text": "21GMAPS2777C1Z6", "bbox": [127, 113, 222, 126]}], "id": 3}, {"box": [260, 128, 301, 139], "text": "0002934 ", "label": "receipt_number", "words": [{"text": "0002934", "bbox": [260, 128, 301, 139]}], "id": 4}, {"box": [253, 138, 306, 149], "text": "21/05/2022 ", "label": "transaction_date", "words": [{"text": "21/05/2022", "bbox": [253, 138, 306, 149]}], "id": 5}, {"box": [256, 148, 283, 159], "text": "19:59 ", "label": "transaction_time", "words": [{"text": "19:59", "bbox": [256, 148, 283, 159]}], "id": 6}, {"box": [89, 128, 167, 139], "text": "CASH ", "label": "customer_name", "words": [{"text": "CASH", "bbox": [89, 128, 167, 139]}], "id": 7}, {"box": [81, 138, 163, 148], "text": "", "label": "customer_phoneno", "words": [], "id": 8}, {"box": [289, 298, 322, 310], "text": "277.00 ", "label": "sub_total_amount", "words": [{"text": "277.00", "bbox": [289, 298, 322, 310]}], "id": 9}, {"box": [284, 327, 322, 341], "text": "277.00 ", "label": "total_amount", "words": [{"text": "277.00", "bbox": [284, 327, 322, 341]}], "id": 10}, {"box": [206, 344, 240, 359], "text": "34.00 ", "label": "savings", "words": [{"text": "34.00", "bbox": [206, 344, 240, 359]}], "id": 11}]}