{"form": [{"box": [132, 53, 233, 65], "text": "SJ GET WORLD ", "label": "vendor_name", "words": [{"text": "SJ", "bbox": [132, 53, 233, 65]}, {"text": "GET", "bbox": [132, 53, 233, 65]}, {"text": "WORLD", "bbox": [132, 53, 233, 65]}], "id": 0}, {"box": [52, 63, 309, 84], "text": "SAILSHREE VIHAR ROAD , NEAR DAV SCHOOL ", "label": "vendor_address", "words": [{"text": "SAILSHREE", "bbox": [52, 63, 309, 84]}, {"text": "VIHAR", "bbox": [52, 63, 309, 84]}, {"text": "ROAD", "bbox": [52, 63, 309, 84]}, {"text": ",", "bbox": [52, 63, 309, 84]}, {"text": "NEAR", "bbox": [52, 63, 309, 84]}, {"text": "DAV", "bbox": [52, 63, 309, 84]}, {"text": "SCHOOL", "bbox": [52, 63, 309, 84]}], "id": 1}, {"box": [137, 82, 194, 92], "text": "", "label": "vendor_phoneno", "words": [], "id": 2}, {"box": [195, 82, 253, 93], "text": "", "label": "vendor_phoneno", "words": [], "id": 3}, {"box": [127, 100, 222, 110], "text": "21AGNPD47430124 ", "label": "vendor_gst", "words": [{"text": "21AGNPD47430124", "bbox": [127, 100, 222, 110]}], "id": 4}, {"box": [260, 110, 302, 119], "text": "A000045 ", "label": "receipt_number", "words": [{"text": "A000045", "bbox": [260, 110, 302, 119]}], "id": 5}, {"box": [253, 118, 306, 128], "text": "1/05/2022 ", "label": "transaction_date", "words": [{"text": "1/05/2022", "bbox": [253, 118, 306, 128]}], "id": 6}, {"box": [255, 126, 282, 135], "text": "", "label": "transaction_time", "words": [], "id": 7}, {"box": [89, 110, 170, 120], "text": "CASH ", "label": "customer_name", "words": [{"text": "CASH", "bbox": [89, 110, 170, 120]}], "id": 8}, {"box": [80, 119, 160, 128], "text": "", "label": "customer_phoneno", "words": [], "id": 9}, {"box": [288, 182, 326, 192], "text": "809.00 ", "label": "total_amount", "words": [{"text": "809.00", "bbox": [288, 182, 326, 192]}], "id": 10}, {"box": [288, 151, 322, 161], "text": "899.00 ", "label": "sub_total_amount", "words": [{"text": "899.00", "bbox": [288, 151, 322, 161]}], "id": 11}]}