{"form": [{"box": [120, 45, 244, 66], "text": "HOME CARE ", "label": "vendor_name", "words": [{"text": "HOME", "bbox": [120, 45, 244, 66]}, {"text": "CARE", "bbox": [120, 45, 244, 66]}], "id": 0}, {"box": [122, 69, 238, 94], "text": "MUKUNDA PRASAD MELAN PADIA ", "label": "vendor_address", "words": [{"text": "MUKUNDA", "bbox": [122, 69, 238, 94]}, {"text": "PRASAD", "bbox": [122, 69, 238, 94]}, {"text": "MELAN", "bbox": [122, 69, 238, 94]}, {"text": "PADIA", "bbox": [122, 69, 238, 94]}], "id": 1}, {"box": [166, 93, 224, 103], "text": "9439454006 ", "label": "vendor_phoneno", "words": [{"text": "9439454006", "bbox": [166, 93, 224, 103]}], "id": 2}, {"box": [127, 113, 223, 125], "text": "21GMAPS2777C1Z6 ", "label": "vendor_gst", "words": [{"text": "21GMAPS2777C1Z6", "bbox": [127, 113, 223, 125]}], "id": 3}, {"box": [89, 128, 169, 139], "text": "CASH ", "label": "customer_name", "words": [{"text": "CASH", "bbox": [89, 128, 169, 139]}], "id": 4}, {"box": [81, 139, 165, 149], "text": "", "label": "customer_phoneno", "words": [], "id": 5}, {"box": [260, 127, 302, 138], "text": "0001482 ", "label": "receipt_number", "words": [{"text": "0001482", "bbox": [260, 127, 302, 138]}], "id": 6}, {"box": [253, 137, 307, 149], "text": "27/04/2022 ", "label": "transaction_date", "words": [{"text": "27/04/2022", "bbox": [253, 137, 307, 149]}], "id": 7}, {"box": [256, 148, 285, 159], "text": "11:43 ", "label": "transaction_time", "words": [{"text": "11:43", "bbox": [256, 148, 285, 159]}], "id": 8}, {"box": [289, 209, 321, 221], "text": "292.02 ", "label": "sub_total_amount", "words": [{"text": "292.02", "bbox": [289, 209, 321, 221]}], "id": 9}, {"box": [282, 237, 324, 252], "text": "292.00 ", "label": "total_amount", "words": [{"text": "292.00", "bbox": [282, 237, 324, 252]}], "id": 10}, {"box": [209, 255, 235, 271], "text": "7.98 ", "label": "savings", "words": [{"text": "7.98", "bbox": [209, 255, 235, 271]}], "id": 11}]}