{"form": [{"box": [120, 45, 244, 66], "text": "HOME CARE ", "label": "vendor_name", "words": [{"text": "HOME", "bbox": [120, 45, 244, 66]}, {"text": "CARE", "bbox": [120, 45, 244, 66]}], "id": 0}, {"box": [122, 69, 238, 94], "text": "MUKUNDA PRASAD MELAN PADIA ", "label": "vendor_address", "words": [{"text": "MUKUNDA", "bbox": [122, 69, 238, 94]}, {"text": "PRASAD", "bbox": [122, 69, 238, 94]}, {"text": "MELAN", "bbox": [122, 69, 238, 94]}, {"text": "PADIA", "bbox": [122, 69, 238, 94]}], "id": 1}, {"box": [166, 93, 224, 103], "text": "9439454006 ", "label": "vendor_phoneno", "words": [{"text": "9439454006", "bbox": [166, 93, 224, 103]}], "id": 2}, {"box": [127, 113, 223, 125], "text": "21GMAPS2777C1Z6 ", "label": "vendor_gst", "words": [{"text": "21GMAPS2777C1Z6", "bbox": [127, 113, 223, 125]}], "id": 3}, {"box": [89, 128, 169, 139], "text": "CASH ", "label": "customer_name", "words": [{"text": "CASH", "bbox": [89, 128, 169, 139]}], "id": 4}, {"box": [81, 139, 165, 149], "text": "", "label": "customer_phoneno", "words": [], "id": 5}, {"box": [260, 127, 302, 138], "text": "", "label": "receipt_number", "words": [], "id": 6}, {"box": [253, 137, 307, 149], "text": "", "label": "transaction_date", "words": [], "id": 7}, {"box": [256, 148, 285, 159], "text": "19:16 ", "label": "transaction_time", "words": [{"text": "19:16", "bbox": [256, 148, 285, 159]}], "id": 8}, {"box": [292, 224, 324, 236], "text": "70.00 ", "label": "sub_total_amount", "words": [{"text": "70.00", "bbox": [292, 224, 324, 236]}], "id": 9}, {"box": [284, 252, 326, 267], "text": "70.00 ", "label": "total_amount", "words": [{"text": "70.00", "bbox": [284, 252, 326, 267]}], "id": 10}, {"box": [209, 281, 235, 297], "text": "0.00 ", "label": "savings", "words": [{"text": "0.00", "bbox": [209, 281, 235, 297]}], "id": 11}]}