{"form": [{"box": [61, 45, 295, 63], "text": "HANUMAN MEDICINE STORE ", "label": "vendor_name", "words": [{"text": "HANUMAN", "bbox": [61, 45, 295, 63]}, {"text": "MEDICINE", "bbox": [61, 45, 295, 63]}, {"text": "STORE", "bbox": [61, 45, 295, 63]}], "id": 0}, {"box": [65, 62, 291, 84], "text": "AT - RAGHUNATH NAGAR , P.O - DUMUDUMA PLOT NO . - 361 , BHUBANESWAR - 751019 ", "label": "vendor_address", "words": [{"text": "AT", "bbox": [65, 62, 291, 84]}, {"text": "-", "bbox": [65, 62, 291, 84]}, {"text": "RAGHUNATH", "bbox": [65, 62, 291, 84]}, {"text": "NAGAR", "bbox": [65, 62, 291, 84]}, {"text": ",", "bbox": [65, 62, 291, 84]}, {"text": "P.O", "bbox": [65, 62, 291, 84]}, {"text": "-", "bbox": [65, 62, 291, 84]}, {"text": "DUMUDUMA", "bbox": [65, 62, 291, 84]}, {"text": "PLOT", "bbox": [65, 62, 291, 84]}, {"text": "NO", "bbox": [65, 62, 291, 84]}, {"text": ".", "bbox": [65, 62, 291, 84]}, {"text": "-", "bbox": [65, 62, 291, 84]}, {"text": "361", "bbox": [65, 62, 291, 84]}, {"text": ",", "bbox": [65, 62, 291, 84]}, {"text": "BHUBANESWAR", "bbox": [65, 62, 291, 84]}, {"text": "-", "bbox": [65, 62, 291, 84]}, {"text": "751019", "bbox": [65, 62, 291, 84]}], "id": 1}, {"box": [169, 83, 226, 93], "text": "9437130890 ", "label": "vendor_phoneno", "words": [{"text": "9437130890", "bbox": [169, 83, 226, 93]}], "id": 2}, {"box": [149, 104, 243, 114], "text": "21AHOPP9866G12S ", "label": "vendor_gst", "words": [{"text": "21AHOPP9866G12S", "bbox": [149, 104, 243, 114]}], "id": 3}, {"box": [88, 128, 197, 139], "text": "CASH ", "label": "customer_name", "words": [{"text": "CASH", "bbox": [88, 128, 197, 139]}], "id": 4}, {"box": [78, 138, 174, 149], "text": "", "label": "customer_phoneno", "words": [], "id": 5}, {"box": [253, 138, 294, 149], "text": "0007199 ", "label": "receipt_number", "words": [{"text": "0007199", "bbox": [253, 138, 294, 149]}], "id": 6}, {"box": [246, 149, 298, 160], "text": "23/03/2022 ", "label": "transaction_date", "words": [{"text": "23/03/2022", "bbox": [246, 149, 298, 160]}], "id": 7}, {"box": [272, 283, 314, 298], "text": "552.00 ", "label": "total_amount", "words": [{"text": "552.00", "bbox": [272, 283, 314, 298]}], "id": 8}, {"box": [282, 252, 314, 267], "text": "17.07 ", "label": "savings", "words": [{"text": "17.07", "bbox": [282, 252, 314, 267]}], "id": 9}]}