{"form": [{"box": [120, 46, 243, 67], "text": "HOME CARE ", "label": "vendor_name", "words": [{"text": "HOME", "bbox": [120, 46, 243, 67]}, {"text": "CARE", "bbox": [120, 46, 243, 67]}], "id": 0}, {"box": [122, 68, 237, 92], "text": "MUKUNDA PRASAD MELAN PADIA ", "label": "vendor_address", "words": [{"text": "MUKUNDA", "bbox": [122, 68, 237, 92]}, {"text": "PRASAD", "bbox": [122, 68, 237, 92]}, {"text": "MELAN", "bbox": [122, 68, 237, 92]}, {"text": "PADIA", "bbox": [122, 68, 237, 92]}], "id": 1}, {"box": [166, 92, 224, 106], "text": "9439454006 ", "label": "vendor_phoneno", "words": [{"text": "9439454006", "bbox": [166, 92, 224, 106]}], "id": 2}, {"box": [126, 113, 222, 125], "text": "21GMAPS2777C1Z6 ", "label": "vendor_gst", "words": [{"text": "21GMAPS2777C1Z6", "bbox": [126, 113, 222, 125]}], "id": 3}, {"box": [88, 128, 186, 139], "text": "CASH ", "label": "customer_name", "words": [{"text": "CASH", "bbox": [88, 128, 186, 139]}], "id": 4}, {"box": [81, 138, 181, 150], "text": "", "label": "vendor_phoneno", "words": [], "id": 5}, {"box": [260, 126, 302, 139], "text": "0000092 ", "label": "receipt_number", "words": [{"text": "0000092", "bbox": [260, 126, 302, 139]}], "id": 6}, {"box": [253, 138, 307, 149], "text": "02/04/2022 ", "label": "transaction_date", "words": [{"text": "02/04/2022", "bbox": [253, 138, 307, 149]}], "id": 7}, {"box": [255, 148, 283, 159], "text": "20:33 ", "label": "transaction_time", "words": [{"text": "20:33", "bbox": [255, 148, 283, 159]}], "id": 8}, {"box": [288, 208, 322, 221], "text": "712.50 ", "label": "sub_total_amount", "words": [{"text": "712.50", "bbox": [288, 208, 322, 221]}], "id": 9}, {"box": [283, 238, 322, 252], "text": "713.00 ", "label": "total_amount", "words": [{"text": "713.00", "bbox": [283, 238, 322, 252]}], "id": 10}, {"box": [206, 256, 240, 270], "text": "37.50 ", "label": "savings", "words": [{"text": "37.50", "bbox": [206, 256, 240, 270]}], "id": 11}]}