{"form": [{"box": [94, 145, 264, 168], "text": "MO GROCERY \u2122 ", "label": "vendor_name", "words": [{"text": "MO", "bbox": [94, 145, 264, 168]}, {"text": "GROCERY", "bbox": [94, 145, 264, 168]}, {"text": "\u2122", "bbox": [94, 145, 264, 168]}], "id": 0}, {"box": [148, 182, 256, 198], "text": "21IRBPS4454Q1Z6 ", "label": "vendor_gst", "words": [{"text": "21IRBPS4454Q1Z6", "bbox": [148, 182, 256, 198]}], "id": 1}, {"box": [50, 199, 308, 234], "text": "Plot no - D3 / 20 , Indira Gandhi Housing Colony Lingipur , Bhubaneshwar , Odisha - 751002 ", "label": "vendor_address", "words": [{"text": "Plot", "bbox": [50, 199, 308, 234]}, {"text": "no", "bbox": [50, 199, 308, 234]}, {"text": "-", "bbox": [50, 199, 308, 234]}, {"text": "D3", "bbox": [50, 199, 308, 234]}, {"text": "/", "bbox": [50, 199, 308, 234]}, {"text": "20", "bbox": [50, 199, 308, 234]}, {"text": ",", "bbox": [50, 199, 308, 234]}, {"text": "Indira", "bbox": [50, 199, 308, 234]}, {"text": "Gandhi", "bbox": [50, 199, 308, 234]}, {"text": "Housing", "bbox": [50, 199, 308, 234]}, {"text": "Colony", "bbox": [50, 199, 308, 234]}, {"text": "Lingipur", "bbox": [50, 199, 308, 234]}, {"text": ",", "bbox": [50, 199, 308, 234]}, {"text": "Bhubaneshwar", "bbox": [50, 199, 308, 234]}, {"text": ",", "bbox": [50, 199, 308, 234]}, {"text": "Odisha", "bbox": [50, 199, 308, 234]}, {"text": "-", "bbox": [50, 199, 308, 234]}, {"text": "751002", "bbox": [50, 199, 308, 234]}], "id": 2}, {"box": [70, 241, 153, 256], "text": "0674-2914169 ", "label": "vendor_phoneno", "words": [{"text": "0674-2914169", "bbox": [70, 241, 153, 256]}], "id": 3}, {"box": [162, 241, 233, 255], "text": "9861999321 ", "label": "vendor_phoneno", "words": [{"text": "9861999321", "bbox": [162, 241, 233, 255]}], "id": 4}, {"box": [242, 240, 313, 255], "text": "9881882449 ", "label": "vendor_phoneno", "words": [{"text": "9881882449", "bbox": [242, 240, 313, 255]}], "id": 5}, {"box": [184, 290, 286, 301], "text": "SN / 2022-23 / AA1 / K1 / 247 ", "label": "receipt_number", "words": [{"text": "SN", "bbox": [184, 290, 286, 301]}, {"text": "/", "bbox": [184, 290, 286, 301]}, {"text": "2022-23", "bbox": [184, 290, 286, 301]}, {"text": "/", "bbox": [184, 290, 286, 301]}, {"text": "AA1", "bbox": [184, 290, 286, 301]}, {"text": "/", "bbox": [184, 290, 286, 301]}, {"text": "K1", "bbox": [184, 290, 286, 301]}, {"text": "/", "bbox": [184, 290, 286, 301]}, {"text": "247", "bbox": [184, 290, 286, 301]}], "id": 6}, {"box": [180, 308, 252, 320], "text": "Sat Apr 09 2022 ", "label": "transaction_date", "words": [{"text": "Sat", "bbox": [180, 308, 252, 320]}, {"text": "Apr", "bbox": [180, 308, 252, 320]}, {"text": "09", "bbox": [180, 308, 252, 320]}, {"text": "2022", "bbox": [180, 308, 252, 320]}], "id": 7}, {"box": [251, 307, 290, 320], "text": "17:38:30 ", "label": "transaction_time", "words": [{"text": "17:38:30", "bbox": [251, 307, 290, 320]}], "id": 8}, {"box": [174, 328, 293, 340], "text": "", "label": "customer_name", "words": [], "id": 9}, {"box": [172, 346, 295, 358], "text": "", "label": "customer_phoneno", "words": [], "id": 10}, {"box": [267, 478, 285, 491], "text": "80 ", "label": "total_amount", "words": [{"text": "80", "bbox": [267, 478, 285, 491]}], "id": 11}]}