{"form": [{"box": [95, 59, 264, 84], "text": "MO GROCERY \u2122 ", "label": "vendor_name", "words": [{"text": "MO", "bbox": [95, 59, 264, 84]}, {"text": "GROCERY", "bbox": [95, 59, 264, 84]}, {"text": "\u2122", "bbox": [95, 59, 264, 84]}], "id": 0}, {"box": [148, 109, 257, 123], "text": "21IRBPS4454Q1Z6 ", "label": "vendor_gst", "words": [{"text": "21IRBPS4454Q1Z6", "bbox": [148, 109, 257, 123]}], "id": 1}, {"box": [50, 126, 308, 160], "text": "Plot no - D3 / 20 , Indira Gandhi Housing Colony Lingipur , Bhubaneshwar , Odisha - 751002 ", "label": "vendor_address", "words": [{"text": "Plot", "bbox": [50, 126, 308, 160]}, {"text": "no", "bbox": [50, 126, 308, 160]}, {"text": "-", "bbox": [50, 126, 308, 160]}, {"text": "D3", "bbox": [50, 126, 308, 160]}, {"text": "/", "bbox": [50, 126, 308, 160]}, {"text": "20", "bbox": [50, 126, 308, 160]}, {"text": ",", "bbox": [50, 126, 308, 160]}, {"text": "Indira", "bbox": [50, 126, 308, 160]}, {"text": "Gandhi", "bbox": [50, 126, 308, 160]}, {"text": "Housing", "bbox": [50, 126, 308, 160]}, {"text": "Colony", "bbox": [50, 126, 308, 160]}, {"text": "Lingipur", "bbox": [50, 126, 308, 160]}, {"text": ",", "bbox": [50, 126, 308, 160]}, {"text": "Bhubaneshwar", "bbox": [50, 126, 308, 160]}, {"text": ",", "bbox": [50, 126, 308, 160]}, {"text": "Odisha", "bbox": [50, 126, 308, 160]}, {"text": "-", "bbox": [50, 126, 308, 160]}, {"text": "751002", "bbox": [50, 126, 308, 160]}], "id": 2}, {"box": [70, 167, 153, 182], "text": "0674-2914169 ", "label": "vendor_phoneno", "words": [{"text": "0674-2914169", "bbox": [70, 167, 153, 182]}], "id": 3}, {"box": [161, 167, 232, 182], "text": "9861999321 ", "label": "vendor_phoneno", "words": [{"text": "9861999321", "bbox": [161, 167, 232, 182]}], "id": 4}, {"box": [242, 167, 313, 182], "text": "9881882449 ", "label": "vendor_phoneno", "words": [{"text": "9881882449", "bbox": [242, 167, 313, 182]}], "id": 5}, {"box": [183, 204, 286, 216], "text": "SI / 2022-23 / AA1 / K1 / 523 ", "label": "receipt_number", "words": [{"text": "SI", "bbox": [183, 204, 286, 216]}, {"text": "/", "bbox": [183, 204, 286, 216]}, {"text": "2022-23", "bbox": [183, 204, 286, 216]}, {"text": "/", "bbox": [183, 204, 286, 216]}, {"text": "AA1", "bbox": [183, 204, 286, 216]}, {"text": "/", "bbox": [183, 204, 286, 216]}, {"text": "K1", "bbox": [183, 204, 286, 216]}, {"text": "/", "bbox": [183, 204, 286, 216]}, {"text": "523", "bbox": [183, 204, 286, 216]}], "id": 6}, {"box": [179, 222, 252, 234], "text": "Tue Apr 19 2022 ", "label": "transaction_date", "words": [{"text": "Tue", "bbox": [179, 222, 252, 234]}, {"text": "Apr", "bbox": [179, 222, 252, 234]}, {"text": "19", "bbox": [179, 222, 252, 234]}, {"text": "2022", "bbox": [179, 222, 252, 234]}], "id": 7}, {"box": [251, 222, 290, 235], "text": "09:54:43 ", "label": "transaction_time", "words": [{"text": "09:54:43", "bbox": [251, 222, 290, 235]}], "id": 8}, {"box": [202, 242, 268, 251], "text": "MANARANJAN ", "label": "customer_name", "words": [{"text": "MANARANJAN", "bbox": [202, 242, 268, 251]}], "id": 9}, {"box": [208, 250, 263, 258], "text": "9778884429 ", "label": "customer_phoneno", "words": [{"text": "9778884429", "bbox": [208, 250, 263, 258]}], "id": 10}, {"box": [264, 355, 279, 368], "text": "99 ", "label": "total_amount", "words": [{"text": "99", "bbox": [264, 355, 279, 368]}], "id": 11}, {"box": [218, 409, 237, 423], "text": "36 ", "label": "savings", "words": [{"text": "36", "bbox": [218, 409, 237, 423]}], "id": 12}]}