{"form": [{"box": [119, 46, 243, 67], "text": "HOME CARE ", "label": "vendor_name", "words": [{"text": "HOME", "bbox": [119, 46, 243, 67]}, {"text": "CARE", "bbox": [119, 46, 243, 67]}], "id": 0}, {"box": [124, 69, 236, 95], "text": "MUKUNDA PRASAD MELAN PADIA ", "label": "vendor_address", "words": [{"text": "MUKUNDA", "bbox": [124, 69, 236, 95]}, {"text": "PRASAD", "bbox": [124, 69, 236, 95]}, {"text": "MELAN", "bbox": [124, 69, 236, 95]}, {"text": "PADIA", "bbox": [124, 69, 236, 95]}], "id": 1}, {"box": [166, 94, 223, 105], "text": "9439454006 ", "label": "vendor_phoneno", "words": [{"text": "9439454006", "bbox": [166, 94, 223, 105]}], "id": 2}, {"box": [127, 113, 223, 125], "text": "21GMAPS2777C1Z6 ", "label": "receipt_number", "words": [{"text": "21GMAPS2777C1Z6", "bbox": [127, 113, 223, 125]}], "id": 3}, {"box": [89, 128, 185, 138], "text": "CASH ", "label": "customer_name", "words": [{"text": "CASH", "bbox": [89, 128, 185, 138]}], "id": 4}, {"box": [80, 138, 176, 148], "text": "", "label": "customer_phoneno", "words": [], "id": 5}, {"box": [260, 127, 302, 139], "text": "0002625 ", "label": "receipt_number", "words": [{"text": "0002625", "bbox": [260, 127, 302, 139]}], "id": 6}, {"box": [254, 138, 307, 150], "text": "16/05/2022 ", "label": "transaction_date", "words": [{"text": "16/05/2022", "bbox": [254, 138, 307, 150]}], "id": 7}, {"box": [256, 149, 285, 160], "text": "10:23 ", "label": "transaction_time", "words": [{"text": "10:23", "bbox": [256, 149, 285, 160]}], "id": 8}, {"box": [293, 209, 323, 220], "text": "20.00 ", "label": "sub_total_amount", "words": [{"text": "20.00", "bbox": [293, 209, 323, 220]}], "id": 9}, {"box": [288, 239, 322, 251], "text": "20.00 ", "label": "total_amount", "words": [{"text": "20.00", "bbox": [288, 239, 322, 251]}], "id": 10}, {"box": [208, 254, 236, 270], "text": "0.00 ", "label": "savings", "words": [{"text": "0.00", "bbox": [208, 254, 236, 270]}], "id": 11}]}