{"form": [{"box": [74, 61, 272, 82], "text": "OMMSHAN AGENCY ", "label": "vendor_name", "words": [{"text": "OMMSHAN", "bbox": [74, 61, 272, 82]}, {"text": "AGENCY", "bbox": [74, 61, 272, 82]}], "id": 0}, {"box": [110, 83, 236, 132], "text": "CHANDAN BAZAR , NIMAPADA , KAKATPUR . ", "label": "vendor_address", "words": [{"text": "CHANDAN", "bbox": [110, 83, 236, 132]}, {"text": "BAZAR", "bbox": [110, 83, 236, 132]}, {"text": ",", "bbox": [110, 83, 236, 132]}, {"text": "NIMAPADA", "bbox": [110, 83, 236, 132]}, {"text": ",", "bbox": [110, 83, 236, 132]}, {"text": "KAKATPUR", "bbox": [110, 83, 236, 132]}, {"text": ".", "bbox": [110, 83, 236, 132]}], "id": 1}, {"box": [141, 157, 257, 173], "text": "21FJLPP2828E1Z9 ", "label": "receipt_number", "words": [{"text": "21FJLPP2828E1Z9", "bbox": [141, 157, 257, 173]}], "id": 2}, {"box": [222, 173, 275, 188], "text": "20-05-2022 ", "label": "transaction_date", "words": [{"text": "20-05-2022", "bbox": [222, 173, 275, 188]}], "id": 3}, {"box": [84, 173, 118, 188], "text": "S / 378 ", "label": "receipt_number", "words": [{"text": "S", "bbox": [84, 173, 118, 188]}, {"text": "/", "bbox": [84, 173, 118, 188]}, {"text": "378", "bbox": [84, 173, 118, 188]}], "id": 4}, {"box": [87, 189, 241, 206], "text": "SUDHANSHU MALLICK ", "label": "customer_name", "words": [{"text": "SUDHANSHU", "bbox": [87, 189, 241, 206]}, {"text": "MALLICK", "bbox": [87, 189, 241, 206]}], "id": 5}, {"box": [86, 421, 131, 436], "text": "18:24:33 ", "label": "transaction_time", "words": [{"text": "18:24:33", "bbox": [86, 421, 131, 436]}], "id": 6}, {"box": [261, 277, 308, 293], "text": "289.00 ", "label": "total_amount", "words": [{"text": "289.00", "bbox": [261, 277, 308, 293]}], "id": 7}]}