{"form": [{"box": [120, 45, 242, 67], "text": "HOME CARE ", "label": "vendor_name", "words": [{"text": "HOME", "bbox": [120, 45, 242, 67]}, {"text": "CARE", "bbox": [120, 45, 242, 67]}], "id": 0}, {"box": [123, 69, 238, 94], "text": "MUKUNDA PRASAD MELAN PADIA ", "label": "vendor_address", "words": [{"text": "MUKUNDA", "bbox": [123, 69, 238, 94]}, {"text": "PRASAD", "bbox": [123, 69, 238, 94]}, {"text": "MELAN", "bbox": [123, 69, 238, 94]}, {"text": "PADIA", "bbox": [123, 69, 238, 94]}], "id": 1}, {"box": [165, 93, 224, 105], "text": "9439454006 ", "label": "vendor_phoneno", "words": [{"text": "9439454006", "bbox": [165, 93, 224, 105]}], "id": 2}, {"box": [127, 113, 222, 126], "text": "21GMAPS2777C1Z6 ", "label": "vendor_gst", "words": [{"text": "21GMAPS2777C1Z6", "bbox": [127, 113, 222, 126]}], "id": 3}, {"box": [89, 128, 172, 139], "text": "CASH ", "label": "customer_name", "words": [{"text": "CASH", "bbox": [89, 128, 172, 139]}], "id": 4}, {"box": [260, 127, 301, 139], "text": "0002133 ", "label": "receipt_number", "words": [{"text": "0002133", "bbox": [260, 127, 301, 139]}], "id": 5}, {"box": [253, 138, 306, 149], "text": "08/05/2022 ", "label": "transaction_date", "words": [{"text": "08/05/2022", "bbox": [253, 138, 306, 149]}], "id": 6}, {"box": [257, 149, 283, 159], "text": "18:43 ", "label": "transaction_time", "words": [{"text": "18:43", "bbox": [257, 149, 283, 159]}], "id": 7}, {"box": [81, 138, 167, 149], "text": "", "label": "customer_phoneno", "words": [], "id": 8}, {"box": [288, 327, 321, 339], "text": "280.01 ", "label": "sub_total_amount", "words": [{"text": "280.01", "bbox": [288, 327, 321, 339]}], "id": 9}, {"box": [283, 357, 322, 372], "text": "280.00 ", "label": "total_amount", "words": [{"text": "280.00", "bbox": [283, 357, 322, 372]}], "id": 10}, {"box": [206, 373, 240, 388], "text": "28.99 ", "label": "savings", "words": [{"text": "28.99", "bbox": [206, 373, 240, 388]}], "id": 11}]}