{"form": [{"box": [95, 144, 267, 168], "text": "MO GROCERY \u2122 ", "label": "vendor_name", "words": [{"text": "MO", "bbox": [95, 144, 267, 168]}, {"text": "GROCERY", "bbox": [95, 144, 267, 168]}, {"text": "\u2122", "bbox": [95, 144, 267, 168]}], "id": 0}, {"box": [148, 181, 257, 198], "text": "21IRBPS4454Q1Z6 ", "label": "vendor_gst", "words": [{"text": "21IRBPS4454Q1Z6", "bbox": [148, 181, 257, 198]}], "id": 1}, {"box": [50, 200, 307, 235], "text": "Plot no - D3 / 20 , Indira Gandhi Housing Colony Lingipur , Bhubaneshwar , Odisha - 751002 ", "label": "vendor_address", "words": [{"text": "Plot", "bbox": [50, 200, 307, 235]}, {"text": "no", "bbox": [50, 200, 307, 235]}, {"text": "-", "bbox": [50, 200, 307, 235]}, {"text": "D3", "bbox": [50, 200, 307, 235]}, {"text": "/", "bbox": [50, 200, 307, 235]}, {"text": "20", "bbox": [50, 200, 307, 235]}, {"text": ",", "bbox": [50, 200, 307, 235]}, {"text": "Indira", "bbox": [50, 200, 307, 235]}, {"text": "Gandhi", "bbox": [50, 200, 307, 235]}, {"text": "Housing", "bbox": [50, 200, 307, 235]}, {"text": "Colony", "bbox": [50, 200, 307, 235]}, {"text": "Lingipur", "bbox": [50, 200, 307, 235]}, {"text": ",", "bbox": [50, 200, 307, 235]}, {"text": "Bhubaneshwar", "bbox": [50, 200, 307, 235]}, {"text": ",", "bbox": [50, 200, 307, 235]}, {"text": "Odisha", "bbox": [50, 200, 307, 235]}, {"text": "-", "bbox": [50, 200, 307, 235]}, {"text": "751002", "bbox": [50, 200, 307, 235]}], "id": 2}, {"box": [70, 241, 152, 255], "text": "0674-2914169 ", "label": "vendor_phoneno", "words": [{"text": "0674-2914169", "bbox": [70, 241, 152, 255]}], "id": 3}, {"box": [162, 240, 232, 256], "text": "9861999321 ", "label": "vendor_phoneno", "words": [{"text": "9861999321", "bbox": [162, 240, 232, 256]}], "id": 4}, {"box": [243, 241, 314, 256], "text": "9881882449 ", "label": "vendor_phoneno", "words": [{"text": "9881882449", "bbox": [243, 241, 314, 256]}], "id": 5}, {"box": [187, 290, 284, 301], "text": "SU / 2022-23 / AA1 / K1 / 28 ", "label": "receipt_number", "words": [{"text": "SU", "bbox": [187, 290, 284, 301]}, {"text": "/", "bbox": [187, 290, 284, 301]}, {"text": "2022-23", "bbox": [187, 290, 284, 301]}, {"text": "/", "bbox": [187, 290, 284, 301]}, {"text": "AA1", "bbox": [187, 290, 284, 301]}, {"text": "/", "bbox": [187, 290, 284, 301]}, {"text": "K1", "bbox": [187, 290, 284, 301]}, {"text": "/", "bbox": [187, 290, 284, 301]}, {"text": "28", "bbox": [187, 290, 284, 301]}], "id": 6}, {"box": [180, 307, 251, 319], "text": "Sat Apr 02 2022 ", "label": "transaction_date", "words": [{"text": "Sat", "bbox": [180, 307, 251, 319]}, {"text": "Apr", "bbox": [180, 307, 251, 319]}, {"text": "02", "bbox": [180, 307, 251, 319]}, {"text": "2022", "bbox": [180, 307, 251, 319]}], "id": 7}, {"box": [250, 308, 291, 320], "text": "08:31:08 ", "label": "transaction_time", "words": [{"text": "08:31:08", "bbox": [250, 308, 291, 320]}], "id": 8}, {"box": [202, 328, 269, 339], "text": "prasant ku shau ", "label": "customer_name", "words": [{"text": "prasant", "bbox": [202, 328, 269, 339]}, {"text": "ku", "bbox": [202, 328, 269, 339]}, {"text": "shau", "bbox": [202, 328, 269, 339]}], "id": 9}, {"box": [207, 347, 264, 357], "text": "9778380355 ", "label": "customer_phoneno", "words": [{"text": "9778380355", "bbox": [207, 347, 264, 357]}], "id": 10}, {"box": [245, 683, 264, 695], "text": "594 ", "label": "total_amount", "words": [{"text": "594", "bbox": [245, 683, 264, 695]}], "id": 11}, {"box": [208, 749, 246, 763], "text": "61.75 ", "label": "savings", "words": [{"text": "61.75", "bbox": [208, 749, 246, 763]}], "id": 12}]}