{"form": [{"box": [120, 45, 243, 67], "text": "HOME CARE ", "label": "vendor_name", "words": [{"text": "HOME", "bbox": [120, 45, 243, 67]}, {"text": "CARE", "bbox": [120, 45, 243, 67]}], "id": 0}, {"box": [123, 67, 241, 94], "text": "MUKUNDA PRASAD MELAN PADIA ", "label": "vendor_address", "words": [{"text": "MUKUNDA", "bbox": [123, 67, 241, 94]}, {"text": "PRASAD", "bbox": [123, 67, 241, 94]}, {"text": "MELAN", "bbox": [123, 67, 241, 94]}, {"text": "PADIA", "bbox": [123, 67, 241, 94]}], "id": 1}, {"box": [166, 93, 223, 105], "text": "9439454006 ", "label": "vendor_phoneno", "words": [{"text": "9439454006", "bbox": [166, 93, 223, 105]}], "id": 2}, {"box": [127, 112, 223, 125], "text": "21GMAPS2777C1Z6 ", "label": "vendor_gst", "words": [{"text": "21GMAPS2777C1Z6", "bbox": [127, 112, 223, 125]}], "id": 3}, {"box": [89, 128, 177, 138], "text": "CASH ", "label": "customer_name", "words": [{"text": "CASH", "bbox": [89, 128, 177, 138]}], "id": 4}, {"box": [80, 139, 173, 149], "text": "", "label": "customer_phoneno", "words": [], "id": 5}, {"box": [260, 127, 301, 139], "text": "0002197 ", "label": "receipt_number", "words": [{"text": "0002197", "bbox": [260, 127, 301, 139]}], "id": 6}, {"box": [254, 139, 307, 149], "text": "09/05/2022 ", "label": "transaction_date", "words": [{"text": "09/05/2022", "bbox": [254, 139, 307, 149]}], "id": 7}, {"box": [256, 149, 284, 159], "text": "20:18 ", "label": "transaction_time", "words": [{"text": "20:18", "bbox": [256, 149, 284, 159]}], "id": 8}, {"box": [293, 209, 321, 220], "text": "84.55 ", "label": "sub_total_amount", "words": [{"text": "84.55", "bbox": [293, 209, 321, 220]}], "id": 9}, {"box": [289, 238, 323, 252], "text": "85.00 ", "label": "total_amount", "words": [{"text": "85.00", "bbox": [289, 238, 323, 252]}], "id": 10}, {"box": [210, 256, 235, 270], "text": "4.45 ", "label": "savings", "words": [{"text": "4.45", "bbox": [210, 256, 235, 270]}], "id": 11}]}