{"form": [{"box": [93, 58, 264, 83], "text": "MO GROCERY \u2122 ", "label": "vendor_name", "words": [{"text": "MO", "bbox": [93, 58, 264, 83]}, {"text": "GROCERY", "bbox": [93, 58, 264, 83]}, {"text": "\u2122", "bbox": [93, 58, 264, 83]}], "id": 0}, {"box": [150, 108, 257, 125], "text": "21IRBPS4454Q1Z6 ", "label": "vendor_gst", "words": [{"text": "21IRBPS4454Q1Z6", "bbox": [150, 108, 257, 125]}], "id": 1}, {"box": [49, 126, 308, 160], "text": "Plot no - D3 / 20 , Indira Gandhi Housing Colony Lingipur , Bhubaneshwar , Odisha - 751002 ", "label": "vendor_address", "words": [{"text": "Plot", "bbox": [49, 126, 308, 160]}, {"text": "no", "bbox": [49, 126, 308, 160]}, {"text": "-", "bbox": [49, 126, 308, 160]}, {"text": "D3", "bbox": [49, 126, 308, 160]}, {"text": "/", "bbox": [49, 126, 308, 160]}, {"text": "20", "bbox": [49, 126, 308, 160]}, {"text": ",", "bbox": [49, 126, 308, 160]}, {"text": "Indira", "bbox": [49, 126, 308, 160]}, {"text": "Gandhi", "bbox": [49, 126, 308, 160]}, {"text": "Housing", "bbox": [49, 126, 308, 160]}, {"text": "Colony", "bbox": [49, 126, 308, 160]}, {"text": "Lingipur", "bbox": [49, 126, 308, 160]}, {"text": ",", "bbox": [49, 126, 308, 160]}, {"text": "Bhubaneshwar", "bbox": [49, 126, 308, 160]}, {"text": ",", "bbox": [49, 126, 308, 160]}, {"text": "Odisha", "bbox": [49, 126, 308, 160]}, {"text": "-", "bbox": [49, 126, 308, 160]}, {"text": "751002", "bbox": [49, 126, 308, 160]}], "id": 2}, {"box": [70, 166, 152, 182], "text": "0674-2914169 ", "label": "vendor_phoneno", "words": [{"text": "0674-2914169", "bbox": [70, 166, 152, 182]}], "id": 3}, {"box": [162, 166, 232, 183], "text": "9861999321 ", "label": "vendor_phoneno", "words": [{"text": "9861999321", "bbox": [162, 166, 232, 183]}], "id": 4}, {"box": [242, 166, 313, 182], "text": "9881882449 ", "label": "vendor_phoneno", "words": [{"text": "9881882449", "bbox": [242, 166, 313, 182]}], "id": 5}, {"box": [183, 204, 285, 215], "text": "S // 2022-23 / AA1 / K2 / 651 ", "label": "receipt_number", "words": [{"text": "S", "bbox": [183, 204, 285, 215]}, {"text": "//", "bbox": [183, 204, 285, 215]}, {"text": "2022-23", "bbox": [183, 204, 285, 215]}, {"text": "/", "bbox": [183, 204, 285, 215]}, {"text": "AA1", "bbox": [183, 204, 285, 215]}, {"text": "/", "bbox": [183, 204, 285, 215]}, {"text": "K2", "bbox": [183, 204, 285, 215]}, {"text": "/", "bbox": [183, 204, 285, 215]}, {"text": "651", "bbox": [183, 204, 285, 215]}], "id": 6}, {"box": [179, 222, 252, 234], "text": "Sat May 14 2022 ", "label": "transaction_date", "words": [{"text": "Sat", "bbox": [179, 222, 252, 234]}, {"text": "May", "bbox": [179, 222, 252, 234]}, {"text": "14", "bbox": [179, 222, 252, 234]}, {"text": "2022", "bbox": [179, 222, 252, 234]}], "id": 7}, {"box": [251, 222, 291, 234], "text": "10:02:46 ", "label": "transaction_time", "words": [{"text": "10:02:46", "bbox": [251, 222, 291, 234]}], "id": 8}, {"box": [176, 241, 291, 251], "text": "", "label": "customer_name", "words": [], "id": 9}, {"box": [175, 250, 292, 259], "text": "", "label": "customer_phoneno", "words": [], "id": 10}, {"box": [239, 640, 264, 653], "text": "1141 ", "label": "total_amount", "words": [{"text": "1141", "bbox": [239, 640, 264, 653]}], "id": 11}, {"box": [213, 694, 240, 706], "text": "65.7 ", "label": "savings", "words": [{"text": "65.7", "bbox": [213, 694, 240, 706]}], "id": 12}]}