{"form": [{"box": [103, 45, 217, 62], "text": "WHITE SAND ", "label": "vendor_name", "words": [{"text": "WHITE", "bbox": [103, 45, 217, 62]}, {"text": "SAND", "bbox": [103, 45, 217, 62]}], "id": 0}, {"box": [69, 60, 247, 101], "text": "Shiraz Golden Restaurant Madhusudan Nagar , Unit - 4 , Bhubaneswar ", "label": "vendor_address", "words": [{"text": "Shiraz", "bbox": [69, 60, 247, 101]}, {"text": "Golden", "bbox": [69, 60, 247, 101]}, {"text": "Restaurant", "bbox": [69, 60, 247, 101]}, {"text": "Madhusudan", "bbox": [69, 60, 247, 101]}, {"text": "Nagar", "bbox": [69, 60, 247, 101]}, {"text": ",", "bbox": [69, 60, 247, 101]}, {"text": "Unit", "bbox": [69, 60, 247, 101]}, {"text": "-", "bbox": [69, 60, 247, 101]}, {"text": "4", "bbox": [69, 60, 247, 101]}, {"text": ",", "bbox": [69, 60, 247, 101]}, {"text": "Bhubaneswar", "bbox": [69, 60, 247, 101]}], "id": 1}, {"box": [92, 101, 172, 116], "text": "", "label": "vendor_phoneno", "words": [], "id": 2}, {"box": [176, 101, 257, 117], "text": "", "label": "vendor_phoneno", "words": [], "id": 3}, {"box": [119, 116, 248, 131], "text": "21AABFW3989K1ZS ", "label": "vendor_gst", "words": [{"text": "21AABFW3989K1ZS", "bbox": [119, 116, 248, 131]}], "id": 4}, {"box": [73, 168, 133, 181], "text": "16/05/22 ", "label": "transaction_date", "words": [{"text": "16/05/22", "bbox": [73, 168, 133, 181]}], "id": 5}, {"box": [76, 140, 193, 157], "text": "", "label": "customer_name", "words": [], "id": 6}, {"box": [213, 180, 255, 193], "text": "89208 ", "label": "receipt_number", "words": [{"text": "89208", "bbox": [213, 180, 255, 193]}], "id": 7}, {"box": [240, 261, 285, 276], "text": "238.10 ", "label": "sub_total_amount", "words": [{"text": "238.10", "bbox": [240, 261, 285, 276]}], "id": 8}, {"box": [229, 308, 284, 324], "text": "250.00 ", "label": "total_amount", "words": [{"text": "250.00", "bbox": [229, 308, 284, 324]}], "id": 9}]}