{"form": [{"box": [118, 45, 243, 67], "text": "HOME CARE ", "label": "vendor_name", "words": [{"text": "HOME", "bbox": [118, 45, 243, 67]}, {"text": "CARE", "bbox": [118, 45, 243, 67]}], "id": 0}, {"box": [123, 68, 236, 94], "text": "MUKUNDA PRASAD MELAN PADIA ", "label": "vendor_address", "words": [{"text": "MUKUNDA", "bbox": [123, 68, 236, 94]}, {"text": "PRASAD", "bbox": [123, 68, 236, 94]}, {"text": "MELAN", "bbox": [123, 68, 236, 94]}, {"text": "PADIA", "bbox": [123, 68, 236, 94]}], "id": 1}, {"box": [166, 93, 223, 104], "text": "9439454006 ", "label": "vendor_phoneno", "words": [{"text": "9439454006", "bbox": [166, 93, 223, 104]}], "id": 2}, {"box": [126, 112, 223, 125], "text": "21GMAPS2777C1Z6 ", "label": "vendor_gst", "words": [{"text": "21GMAPS2777C1Z6", "bbox": [126, 112, 223, 125]}], "id": 3}, {"box": [261, 127, 302, 138], "text": "0013394 ", "label": "receipt_number", "words": [{"text": "0013394", "bbox": [261, 127, 302, 138]}], "id": 4}, {"box": [254, 137, 306, 150], "text": "24/03/2022 ", "label": "transaction_date", "words": [{"text": "24/03/2022", "bbox": [254, 137, 306, 150]}], "id": 5}, {"box": [255, 149, 285, 159], "text": "20:05 ", "label": "transaction_time", "words": [{"text": "20:05", "bbox": [255, 149, 285, 159]}], "id": 6}, {"box": [89, 128, 167, 138], "text": "CASH ", "label": "customer_name", "words": [{"text": "CASH", "bbox": [89, 128, 167, 138]}], "id": 7}, {"box": [80, 138, 165, 148], "text": "", "label": "customer_phoneno", "words": [], "id": 8}, {"box": [288, 372, 322, 384], "text": "771.90 ", "label": "sub_total_amount", "words": [{"text": "771.90", "bbox": [288, 372, 322, 384]}], "id": 9}, {"box": [283, 401, 322, 416], "text": "772.00 ", "label": "total_amount", "words": [{"text": "772.00", "bbox": [283, 401, 322, 416]}], "id": 10}, {"box": [207, 418, 239, 434], "text": "27.10 ", "label": "savings", "words": [{"text": "27.10", "bbox": [207, 418, 239, 434]}], "id": 11}]}