{"form": [{"box": [91, 57, 263, 84], "text": "MO GROCERY \u2122 ", "label": "vendor_name", "words": [{"text": "MO", "bbox": [91, 57, 263, 84]}, {"text": "GROCERY", "bbox": [91, 57, 263, 84]}, {"text": "\u2122", "bbox": [91, 57, 263, 84]}], "id": 0}, {"box": [149, 108, 257, 122], "text": "21IRBPS4454Q1Z6 ", "label": "vendor_gst", "words": [{"text": "21IRBPS4454Q1Z6", "bbox": [149, 108, 257, 122]}], "id": 1}, {"box": [50, 126, 308, 161], "text": "Plot no - D3 / 20 , Indira Gandhi Housing Colony Lingipur , Bhubaneshwar , Odisha - 751002 ", "label": "vendor_address", "words": [{"text": "Plot", "bbox": [50, 126, 308, 161]}, {"text": "no", "bbox": [50, 126, 308, 161]}, {"text": "-", "bbox": [50, 126, 308, 161]}, {"text": "D3", "bbox": [50, 126, 308, 161]}, {"text": "/", "bbox": [50, 126, 308, 161]}, {"text": "20", "bbox": [50, 126, 308, 161]}, {"text": ",", "bbox": [50, 126, 308, 161]}, {"text": "Indira", "bbox": [50, 126, 308, 161]}, {"text": "Gandhi", "bbox": [50, 126, 308, 161]}, {"text": "Housing", "bbox": [50, 126, 308, 161]}, {"text": "Colony", "bbox": [50, 126, 308, 161]}, {"text": "Lingipur", "bbox": [50, 126, 308, 161]}, {"text": ",", "bbox": [50, 126, 308, 161]}, {"text": "Bhubaneshwar", "bbox": [50, 126, 308, 161]}, {"text": ",", "bbox": [50, 126, 308, 161]}, {"text": "Odisha", "bbox": [50, 126, 308, 161]}, {"text": "-", "bbox": [50, 126, 308, 161]}, {"text": "751002", "bbox": [50, 126, 308, 161]}], "id": 2}, {"box": [70, 167, 152, 182], "text": "0674-2914169 ", "label": "vendor_phoneno", "words": [{"text": "0674-2914169", "bbox": [70, 167, 152, 182]}], "id": 3}, {"box": [162, 166, 232, 182], "text": "9861999321 ", "label": "vendor_phoneno", "words": [{"text": "9861999321", "bbox": [162, 166, 232, 182]}], "id": 4}, {"box": [242, 167, 315, 182], "text": "9881882449 ", "label": "vendor_phoneno", "words": [{"text": "9881882449", "bbox": [242, 167, 315, 182]}], "id": 5}, {"box": [185, 203, 283, 215], "text": "S // 2022-23 / AA1 / K2 / 99 ", "label": "receipt_number", "words": [{"text": "S", "bbox": [185, 203, 283, 215]}, {"text": "//", "bbox": [185, 203, 283, 215]}, {"text": "2022-23", "bbox": [185, 203, 283, 215]}, {"text": "/", "bbox": [185, 203, 283, 215]}, {"text": "AA1", "bbox": [185, 203, 283, 215]}, {"text": "/", "bbox": [185, 203, 283, 215]}, {"text": "K2", "bbox": [185, 203, 283, 215]}, {"text": "/", "bbox": [185, 203, 283, 215]}, {"text": "99", "bbox": [185, 203, 283, 215]}], "id": 6}, {"box": [176, 222, 252, 234], "text": "Mon Apr 25 2022 ", "label": "transaction_date", "words": [{"text": "Mon", "bbox": [176, 222, 252, 234]}, {"text": "Apr", "bbox": [176, 222, 252, 234]}, {"text": "25", "bbox": [176, 222, 252, 234]}, {"text": "2022", "bbox": [176, 222, 252, 234]}], "id": 7}, {"box": [251, 222, 291, 235], "text": "12:20:30 ", "label": "transaction_time", "words": [{"text": "12:20:30", "bbox": [251, 222, 291, 235]}], "id": 8}, {"box": [203, 242, 266, 254], "text": "pradeepta jena ", "label": "customer_name", "words": [{"text": "pradeepta", "bbox": [203, 242, 266, 254]}, {"text": "jena", "bbox": [203, 242, 266, 254]}], "id": 9}, {"box": [207, 258, 263, 272], "text": "7978042545 ", "label": "customer_phoneno", "words": [{"text": "7978042545", "bbox": [207, 258, 263, 272]}], "id": 10}, {"box": [258, 540, 279, 553], "text": "518 ", "label": "total_amount", "words": [{"text": "518", "bbox": [258, 540, 279, 553]}], "id": 11}, {"box": [209, 606, 246, 622], "text": "38.45 ", "label": "savings", "words": [{"text": "38.45", "bbox": [209, 606, 246, 622]}], "id": 12}]}