{"form": [{"box": [91, 58, 265, 84], "text": "MO GROCERY \u2122 ", "label": "vendor_name", "words": [{"text": "MO", "bbox": [91, 58, 265, 84]}, {"text": "GROCERY", "bbox": [91, 58, 265, 84]}, {"text": "\u2122", "bbox": [91, 58, 265, 84]}], "id": 0}, {"box": [149, 109, 256, 123], "text": "21IRBPS4454Q1Z6 ", "label": "vendor_gst", "words": [{"text": "21IRBPS4454Q1Z6", "bbox": [149, 109, 256, 123]}], "id": 1}, {"box": [49, 126, 309, 161], "text": "Plot no - D3 / 20 , Indira Gandhi Housing Colony Lingipur , Bhubaneshwar , Odisha - 751002 ", "label": "vendor_address", "words": [{"text": "Plot", "bbox": [49, 126, 309, 161]}, {"text": "no", "bbox": [49, 126, 309, 161]}, {"text": "-", "bbox": [49, 126, 309, 161]}, {"text": "D3", "bbox": [49, 126, 309, 161]}, {"text": "/", "bbox": [49, 126, 309, 161]}, {"text": "20", "bbox": [49, 126, 309, 161]}, {"text": ",", "bbox": [49, 126, 309, 161]}, {"text": "Indira", "bbox": [49, 126, 309, 161]}, {"text": "Gandhi", "bbox": [49, 126, 309, 161]}, {"text": "Housing", "bbox": [49, 126, 309, 161]}, {"text": "Colony", "bbox": [49, 126, 309, 161]}, {"text": "Lingipur", "bbox": [49, 126, 309, 161]}, {"text": ",", "bbox": [49, 126, 309, 161]}, {"text": "Bhubaneshwar", "bbox": [49, 126, 309, 161]}, {"text": ",", "bbox": [49, 126, 309, 161]}, {"text": "Odisha", "bbox": [49, 126, 309, 161]}, {"text": "-", "bbox": [49, 126, 309, 161]}, {"text": "751002", "bbox": [49, 126, 309, 161]}], "id": 2}, {"box": [70, 167, 153, 182], "text": "0674-2914169 ", "label": "vendor_phoneno", "words": [{"text": "0674-2914169", "bbox": [70, 167, 153, 182]}], "id": 3}, {"box": [162, 166, 232, 183], "text": "9861999321 ", "label": "vendor_phoneno", "words": [{"text": "9861999321", "bbox": [162, 166, 232, 183]}], "id": 4}, {"box": [242, 166, 314, 182], "text": "9881882449 ", "label": "vendor_phoneno", "words": [{"text": "9881882449", "bbox": [242, 166, 314, 182]}], "id": 5}, {"box": [182, 204, 286, 216], "text": "S // 2022-23 / AA1 / K1 / 570 ", "label": "receipt_number", "words": [{"text": "S", "bbox": [182, 204, 286, 216]}, {"text": "//", "bbox": [182, 204, 286, 216]}, {"text": "2022-23", "bbox": [182, 204, 286, 216]}, {"text": "/", "bbox": [182, 204, 286, 216]}, {"text": "AA1", "bbox": [182, 204, 286, 216]}, {"text": "/", "bbox": [182, 204, 286, 216]}, {"text": "K1", "bbox": [182, 204, 286, 216]}, {"text": "/", "bbox": [182, 204, 286, 216]}, {"text": "570", "bbox": [182, 204, 286, 216]}], "id": 6}, {"box": [175, 221, 253, 234], "text": "Wed Apr 20 2022 ", "label": "transaction_date", "words": [{"text": "Wed", "bbox": [175, 221, 253, 234]}, {"text": "Apr", "bbox": [175, 221, 253, 234]}, {"text": "20", "bbox": [175, 221, 253, 234]}, {"text": "2022", "bbox": [175, 221, 253, 234]}], "id": 7}, {"box": [252, 220, 292, 234], "text": "18:20:15 ", "label": "transaction_time", "words": [{"text": "18:20:15", "bbox": [252, 220, 292, 234]}], "id": 8}, {"box": [175, 241, 292, 250], "text": "", "label": "customer_name", "words": [], "id": 9}, {"box": [175, 249, 292, 257], "text": "", "label": "customer_phoneno", "words": [], "id": 10}, {"box": [265, 356, 279, 367], "text": "20 ", "label": "total_amount", "words": [{"text": "20", "bbox": [265, 356, 279, 367]}], "id": 11}]}