{"form": [{"box": [120, 45, 243, 66], "text": "HOME CARE ", "label": "vendor_name", "words": [{"text": "HOME", "bbox": [120, 45, 243, 66]}, {"text": "CARE", "bbox": [120, 45, 243, 66]}], "id": 0}, {"box": [123, 68, 237, 93], "text": "MUKUNDA PRASAD MELAN PADIA ", "label": "vendor_address", "words": [{"text": "MUKUNDA", "bbox": [123, 68, 237, 93]}, {"text": "PRASAD", "bbox": [123, 68, 237, 93]}, {"text": "MELAN", "bbox": [123, 68, 237, 93]}, {"text": "PADIA", "bbox": [123, 68, 237, 93]}], "id": 1}, {"box": [165, 92, 224, 104], "text": "9439454006 ", "label": "vendor_phoneno", "words": [{"text": "9439454006", "bbox": [165, 92, 224, 104]}], "id": 2}, {"box": [126, 113, 223, 125], "text": "21GMAPS2777C1Z6 ", "label": "vendor_gst", "words": [{"text": "21GMAPS2777C1Z6", "bbox": [126, 113, 223, 125]}], "id": 3}, {"box": [88, 128, 188, 139], "text": "CASH ", "label": "customer_name", "words": [{"text": "CASH", "bbox": [88, 128, 188, 139]}], "id": 4}, {"box": [81, 138, 183, 148], "text": "", "label": "customer_phoneno", "words": [], "id": 5}, {"box": [259, 127, 302, 139], "text": "0002650 ", "label": "receipt_number", "words": [{"text": "0002650", "bbox": [259, 127, 302, 139]}], "id": 6}, {"box": [255, 138, 306, 150], "text": "16/05/2022 ", "label": "transaction_date", "words": [{"text": "16/05/2022", "bbox": [255, 138, 306, 150]}], "id": 7}, {"box": [257, 149, 283, 159], "text": "17:30 ", "label": "transaction_time", "words": [{"text": "17:30", "bbox": [257, 149, 283, 159]}], "id": 8}, {"box": [289, 253, 322, 266], "text": "196.06 ", "label": "sub_total_amount", "words": [{"text": "196.06", "bbox": [289, 253, 322, 266]}], "id": 9}, {"box": [282, 282, 322, 297], "text": "196.00 ", "label": "total_amount", "words": [{"text": "196.00", "bbox": [282, 282, 322, 297]}], "id": 10}, {"box": [205, 299, 240, 316], "text": "28.94 ", "label": "savings", "words": [{"text": "28.94", "bbox": [205, 299, 240, 316]}], "id": 11}]}