{"form": [{"box": [95, 144, 264, 168], "text": "MO GROCERY \u2122 ", "label": "vendor_name", "words": [{"text": "MO", "bbox": [95, 144, 264, 168]}, {"text": "GROCERY", "bbox": [95, 144, 264, 168]}, {"text": "\u2122", "bbox": [95, 144, 264, 168]}], "id": 0}, {"box": [149, 182, 256, 197], "text": "21IRBPS4454Q1Z6 ", "label": "vendor_gst", "words": [{"text": "21IRBPS4454Q1Z6", "bbox": [149, 182, 256, 197]}], "id": 1}, {"box": [50, 200, 308, 235], "text": "Plot no - D3 / 20 , Indira Gandhi Housing Colony Lingipur , Bhubaneshwar , Odisha - 751002 ", "label": "vendor_address", "words": [{"text": "Plot", "bbox": [50, 200, 308, 235]}, {"text": "no", "bbox": [50, 200, 308, 235]}, {"text": "-", "bbox": [50, 200, 308, 235]}, {"text": "D3", "bbox": [50, 200, 308, 235]}, {"text": "/", "bbox": [50, 200, 308, 235]}, {"text": "20", "bbox": [50, 200, 308, 235]}, {"text": ",", "bbox": [50, 200, 308, 235]}, {"text": "Indira", "bbox": [50, 200, 308, 235]}, {"text": "Gandhi", "bbox": [50, 200, 308, 235]}, {"text": "Housing", "bbox": [50, 200, 308, 235]}, {"text": "Colony", "bbox": [50, 200, 308, 235]}, {"text": "Lingipur", "bbox": [50, 200, 308, 235]}, {"text": ",", "bbox": [50, 200, 308, 235]}, {"text": "Bhubaneshwar", "bbox": [50, 200, 308, 235]}, {"text": ",", "bbox": [50, 200, 308, 235]}, {"text": "Odisha", "bbox": [50, 200, 308, 235]}, {"text": "-", "bbox": [50, 200, 308, 235]}, {"text": "751002", "bbox": [50, 200, 308, 235]}], "id": 2}, {"box": [198, 289, 268, 303], "text": "SI / AA1 / K1 / 3121 ", "label": "receipt_number", "words": [{"text": "SI", "bbox": [198, 289, 268, 303]}, {"text": "/", "bbox": [198, 289, 268, 303]}, {"text": "AA1", "bbox": [198, 289, 268, 303]}, {"text": "/", "bbox": [198, 289, 268, 303]}, {"text": "K1", "bbox": [198, 289, 268, 303]}, {"text": "/", "bbox": [198, 289, 268, 303]}, {"text": "3121", "bbox": [198, 289, 268, 303]}], "id": 3}, {"box": [175, 307, 253, 321], "text": "Wed Mar 30 2022 ", "label": "transaction_date", "words": [{"text": "Wed", "bbox": [175, 307, 253, 321]}, {"text": "Mar", "bbox": [175, 307, 253, 321]}, {"text": "30", "bbox": [175, 307, 253, 321]}, {"text": "2022", "bbox": [175, 307, 253, 321]}], "id": 4}, {"box": [252, 306, 293, 322], "text": "18:19:09 ", "label": "transaction_time", "words": [{"text": "18:19:09", "bbox": [252, 306, 293, 322]}], "id": 5}, {"box": [212, 326, 259, 339], "text": "SANTANU ", "label": "customer_name", "words": [{"text": "SANTANU", "bbox": [212, 326, 259, 339]}], "id": 6}, {"box": [204, 345, 263, 358], "text": "7890241114 ", "label": "customer_phoneno", "words": [{"text": "7890241114", "bbox": [204, 345, 263, 358]}], "id": 7}, {"box": [258, 583, 279, 596], "text": "208 ", "label": "total_amount", "words": [{"text": "208", "bbox": [258, 583, 279, 596]}], "id": 8}, {"box": [220, 636, 236, 651], "text": "2 ", "label": "savings", "words": [{"text": "2", "bbox": [220, 636, 236, 651]}], "id": 9}]}