{"form": [{"box": [121, 45, 244, 67], "text": "HOME CARE ", "label": "vendor_name", "words": [{"text": "HOME", "bbox": [121, 45, 244, 67]}, {"text": "CARE", "bbox": [121, 45, 244, 67]}], "id": 0}, {"box": [124, 69, 237, 94], "text": "MUKUNDA PRASAD MELAN PADIA ", "label": "vendor_address", "words": [{"text": "MUKUNDA", "bbox": [124, 69, 237, 94]}, {"text": "PRASAD", "bbox": [124, 69, 237, 94]}, {"text": "MELAN", "bbox": [124, 69, 237, 94]}, {"text": "PADIA", "bbox": [124, 69, 237, 94]}], "id": 1}, {"box": [165, 93, 225, 104], "text": "9439454006 ", "label": "vendor_phoneno", "words": [{"text": "9439454006", "bbox": [165, 93, 225, 104]}], "id": 2}, {"box": [127, 112, 222, 125], "text": "21GMAPS2777C1Z6 ", "label": "vendor_gst", "words": [{"text": "21GMAPS2777C1Z6", "bbox": [127, 112, 222, 125]}], "id": 3}, {"box": [260, 126, 301, 138], "text": "0003117 ", "label": "receipt_number", "words": [{"text": "0003117", "bbox": [260, 126, 301, 138]}], "id": 4}, {"box": [88, 127, 177, 138], "text": "CASH ", "label": "customer_name", "words": [{"text": "CASH", "bbox": [88, 127, 177, 138]}], "id": 5}, {"box": [81, 139, 178, 149], "text": "", "label": "customer_phoneno", "words": [], "id": 6}, {"box": [253, 138, 307, 149], "text": "24/05/2022 ", "label": "transaction_date", "words": [{"text": "24/05/2022", "bbox": [253, 138, 307, 149]}], "id": 7}, {"box": [256, 148, 283, 158], "text": "19:47 ", "label": "transaction_time", "words": [{"text": "19:47", "bbox": [256, 148, 283, 158]}], "id": 8}, {"box": [287, 371, 322, 384], "text": "476.16 ", "label": "sub_total_amount", "words": [{"text": "476.16", "bbox": [287, 371, 322, 384]}], "id": 9}, {"box": [284, 402, 322, 415], "text": "476.00 ", "label": "total_amount", "words": [{"text": "476.00", "bbox": [284, 402, 322, 415]}], "id": 10}, {"box": [205, 418, 242, 432], "text": "43.84 ", "label": "savings", "words": [{"text": "43.84", "bbox": [205, 418, 242, 432]}], "id": 11}]}