{"form": [{"box": [92, 58, 265, 83], "text": "MO GROCERY \u2122 ", "label": "vendor_name", "words": [{"text": "MO", "bbox": [92, 58, 265, 83]}, {"text": "GROCERY", "bbox": [92, 58, 265, 83]}, {"text": "\u2122", "bbox": [92, 58, 265, 83]}], "id": 0}, {"box": [149, 109, 256, 124], "text": "21IRBPS4454Q1Z6 ", "label": "vendor_gst", "words": [{"text": "21IRBPS4454Q1Z6", "bbox": [149, 109, 256, 124]}], "id": 1}, {"box": [50, 125, 309, 162], "text": "Plot no - D3 / 20 , Indira Gandhi Housing Colony Lingipur , Bhubaneshwar , Odisha - 751002 ", "label": "vendor_address", "words": [{"text": "Plot", "bbox": [50, 125, 309, 162]}, {"text": "no", "bbox": [50, 125, 309, 162]}, {"text": "-", "bbox": [50, 125, 309, 162]}, {"text": "D3", "bbox": [50, 125, 309, 162]}, {"text": "/", "bbox": [50, 125, 309, 162]}, {"text": "20", "bbox": [50, 125, 309, 162]}, {"text": ",", "bbox": [50, 125, 309, 162]}, {"text": "Indira", "bbox": [50, 125, 309, 162]}, {"text": "Gandhi", "bbox": [50, 125, 309, 162]}, {"text": "Housing", "bbox": [50, 125, 309, 162]}, {"text": "Colony", "bbox": [50, 125, 309, 162]}, {"text": "Lingipur", "bbox": [50, 125, 309, 162]}, {"text": ",", "bbox": [50, 125, 309, 162]}, {"text": "Bhubaneshwar", "bbox": [50, 125, 309, 162]}, {"text": ",", "bbox": [50, 125, 309, 162]}, {"text": "Odisha", "bbox": [50, 125, 309, 162]}, {"text": "-", "bbox": [50, 125, 309, 162]}, {"text": "751002", "bbox": [50, 125, 309, 162]}], "id": 2}, {"box": [71, 166, 153, 182], "text": "0674-2914169 ", "label": "vendor_phoneno", "words": [{"text": "0674-2914169", "bbox": [71, 166, 153, 182]}], "id": 3}, {"box": [162, 166, 232, 183], "text": "9861999321 ", "label": "vendor_phoneno", "words": [{"text": "9861999321", "bbox": [162, 166, 232, 183]}], "id": 4}, {"box": [242, 166, 315, 182], "text": "9881882449 ", "label": "vendor_phoneno", "words": [{"text": "9881882449", "bbox": [242, 166, 315, 182]}], "id": 5}, {"box": [183, 203, 285, 216], "text": "SI / 2022-23 / AA1 / K2 / 459 ", "label": "receipt_number", "words": [{"text": "SI", "bbox": [183, 203, 285, 216]}, {"text": "/", "bbox": [183, 203, 285, 216]}, {"text": "2022-23", "bbox": [183, 203, 285, 216]}, {"text": "/", "bbox": [183, 203, 285, 216]}, {"text": "AA1", "bbox": [183, 203, 285, 216]}, {"text": "/", "bbox": [183, 203, 285, 216]}, {"text": "K2", "bbox": [183, 203, 285, 216]}, {"text": "/", "bbox": [183, 203, 285, 216]}, {"text": "459", "bbox": [183, 203, 285, 216]}], "id": 6}, {"box": [177, 222, 254, 235], "text": "Sun May 08 2022 ", "label": "transaction_date", "words": [{"text": "Sun", "bbox": [177, 222, 254, 235]}, {"text": "May", "bbox": [177, 222, 254, 235]}, {"text": "08", "bbox": [177, 222, 254, 235]}, {"text": "2022", "bbox": [177, 222, 254, 235]}], "id": 7}, {"box": [252, 222, 292, 236], "text": "10:27:19 ", "label": "transaction_time", "words": [{"text": "10:27:19", "bbox": [252, 222, 292, 236]}], "id": 8}, {"box": [209, 241, 260, 254], "text": "DC Bhunja ", "label": "customer_name", "words": [{"text": "DC", "bbox": [209, 241, 260, 254]}, {"text": "Bhunja", "bbox": [209, 241, 260, 254]}], "id": 9}, {"box": [205, 260, 262, 272], "text": "9439009884 ", "label": "customer_phoneno", "words": [{"text": "9439009884", "bbox": [205, 260, 262, 272]}], "id": 10}, {"box": [257, 417, 279, 430], "text": "423 ", "label": "total_amount", "words": [{"text": "423", "bbox": [257, 417, 279, 430]}], "id": 11}, {"box": [213, 471, 241, 487], "text": "22.5 ", "label": "savings", "words": [{"text": "22.5", "bbox": [213, 471, 241, 487]}], "id": 12}]}