{"form": [{"box": [118, 46, 276, 69], "text": "NEHA'S MART ", "label": "vendor_name", "words": [{"text": "NEHA'S", "bbox": [118, 46, 276, 69]}, {"text": "MART", "bbox": [118, 46, 276, 69]}], "id": 0}, {"box": [55, 69, 283, 93], "text": "1ST FLOOR , DWARIKA ENCLAVE NEAR SUREKHA REGENCY , PURI CANAL ROAD ", "label": "vendor_address", "words": [{"text": "1ST", "bbox": [55, 69, 283, 93]}, {"text": "FLOOR", "bbox": [55, 69, 283, 93]}, {"text": ",", "bbox": [55, 69, 283, 93]}, {"text": "DWARIKA", "bbox": [55, 69, 283, 93]}, {"text": "ENCLAVE", "bbox": [55, 69, 283, 93]}, {"text": "NEAR", "bbox": [55, 69, 283, 93]}, {"text": "SUREKHA", "bbox": [55, 69, 283, 93]}, {"text": "REGENCY", "bbox": [55, 69, 283, 93]}, {"text": ",", "bbox": [55, 69, 283, 93]}, {"text": "PURI", "bbox": [55, 69, 283, 93]}, {"text": "CANAL", "bbox": [55, 69, 283, 93]}, {"text": "ROAD", "bbox": [55, 69, 283, 93]}], "id": 1}, {"box": [128, 114, 218, 125], "text": "21CIUPP5534Q1ZF ", "label": "vendor_gst", "words": [{"text": "21CIUPP5534Q1ZF", "bbox": [128, 114, 218, 125]}], "id": 2}, {"box": [164, 92, 223, 104], "text": "7008960240 ", "label": "vendor_phoneno", "words": [{"text": "7008960240", "bbox": [164, 92, 223, 104]}], "id": 3}, {"box": [87, 127, 129, 138], "text": "ROSHNI ", "label": "customer_name", "words": [{"text": "ROSHNI", "bbox": [87, 127, 129, 138]}], "id": 4}, {"box": [78, 138, 137, 149], "text": "9692951241 ", "label": "customer_phoneno", "words": [{"text": "9692951241", "bbox": [78, 138, 137, 149]}], "id": 5}, {"box": [258, 127, 300, 138], "text": "0015269 ", "label": "receipt_number", "words": [{"text": "0015269", "bbox": [258, 127, 300, 138]}], "id": 6}, {"box": [252, 137, 305, 150], "text": "14/03/2022 ", "label": "transaction_date", "words": [{"text": "14/03/2022", "bbox": [252, 137, 305, 150]}], "id": 7}, {"box": [254, 149, 283, 159], "text": "12:37 ", "label": "transaction_time", "words": [{"text": "12:37", "bbox": [254, 149, 283, 159]}], "id": 8}, {"box": [286, 342, 325, 356], "text": "481.00 ", "label": "total_amount", "words": [{"text": "481.00", "bbox": [286, 342, 325, 356]}], "id": 9}, {"box": [130, 370, 158, 387], "text": "5.95 ", "label": "savings", "words": [{"text": "5.95", "bbox": [130, 370, 158, 387]}], "id": 10}]}