{"form": [{"box": [118, 46, 276, 69], "text": "NEHA'S MART ", "label": "vendor_name", "words": [{"text": "NEHA'S", "bbox": [118, 46, 276, 69]}, {"text": "MART", "bbox": [118, 46, 276, 69]}], "id": 0}, {"box": [55, 69, 283, 93], "text": "1ST FLOOR , DWARIKA ENCLAVE NEAR SUREKHA REGENCY , PURI CANAL ROAD ", "label": "vendor_address", "words": [{"text": "1ST", "bbox": [55, 69, 283, 93]}, {"text": "FLOOR", "bbox": [55, 69, 283, 93]}, {"text": ",", "bbox": [55, 69, 283, 93]}, {"text": "DWARIKA", "bbox": [55, 69, 283, 93]}, {"text": "ENCLAVE", "bbox": [55, 69, 283, 93]}, {"text": "NEAR", "bbox": [55, 69, 283, 93]}, {"text": "SUREKHA", "bbox": [55, 69, 283, 93]}, {"text": "REGENCY", "bbox": [55, 69, 283, 93]}, {"text": ",", "bbox": [55, 69, 283, 93]}, {"text": "PURI", "bbox": [55, 69, 283, 93]}, {"text": "CANAL", "bbox": [55, 69, 283, 93]}, {"text": "ROAD", "bbox": [55, 69, 283, 93]}], "id": 1}, {"box": [128, 114, 218, 125], "text": "21CIUPP5534Q1ZF ", "label": "vendor_gst", "words": [{"text": "21CIUPP5534Q1ZF", "bbox": [128, 114, 218, 125]}], "id": 2}, {"box": [164, 92, 223, 104], "text": "7008960240 ", "label": "vendor_phoneno", "words": [{"text": "7008960240", "bbox": [164, 92, 223, 104]}], "id": 3}, {"box": [87, 127, 142, 138], "text": "BISWA @ 94 ", "label": "customer_name", "words": [{"text": "BISWA", "bbox": [87, 127, 142, 138]}, {"text": "@", "bbox": [87, 127, 142, 138]}, {"text": "94", "bbox": [87, 127, 142, 138]}], "id": 4}, {"box": [78, 138, 137, 149], "text": "9583454434 ", "label": "customer_phoneno", "words": [{"text": "9583454434", "bbox": [78, 138, 137, 149]}], "id": 5}, {"box": [258, 127, 300, 138], "text": "0015231 ", "label": "receipt_number", "words": [{"text": "0015231", "bbox": [258, 127, 300, 138]}], "id": 6}, {"box": [252, 137, 305, 150], "text": "13/03/2022 ", "label": "transaction_date", "words": [{"text": "13/03/2022", "bbox": [252, 137, 305, 150]}], "id": 7}, {"box": [254, 149, 283, 159], "text": "13:49 ", "label": "transaction_time", "words": [{"text": "13:49", "bbox": [254, 149, 283, 159]}], "id": 8}, {"box": [294, 238, 325, 253], "text": "15.0 ( ", "label": "total_amount", "words": [{"text": "15.0", "bbox": [294, 238, 325, 253]}, {"text": "(", "bbox": [294, 238, 325, 253]}], "id": 9}, {"box": [127, 268, 156, 283], "text": "0.00 ", "label": "savings", "words": [{"text": "0.00", "bbox": [127, 268, 156, 283]}], "id": 10}]}