{"form": [{"box": [120, 46, 243, 67], "text": "HOME CARE ", "label": "vendor_name", "words": [{"text": "HOME", "bbox": [120, 46, 243, 67]}, {"text": "CARE", "bbox": [120, 46, 243, 67]}], "id": 0}, {"box": [124, 69, 238, 94], "text": "MUKUNDA PRASAD MELAN PADIA ", "label": "vendor_address", "words": [{"text": "MUKUNDA", "bbox": [124, 69, 238, 94]}, {"text": "PRASAD", "bbox": [124, 69, 238, 94]}, {"text": "MELAN", "bbox": [124, 69, 238, 94]}, {"text": "PADIA", "bbox": [124, 69, 238, 94]}], "id": 1}, {"box": [166, 93, 224, 105], "text": "9439454006 ", "label": "vendor_phoneno", "words": [{"text": "9439454006", "bbox": [166, 93, 224, 105]}], "id": 2}, {"box": [126, 113, 222, 126], "text": "21GMAPS2777C1Z6 ", "label": "vendor_gst", "words": [{"text": "21GMAPS2777C1Z6", "bbox": [126, 113, 222, 126]}], "id": 3}, {"box": [89, 128, 181, 138], "text": "CASH ", "label": "customer_name", "words": [{"text": "CASH", "bbox": [89, 128, 181, 138]}], "id": 4}, {"box": [80, 137, 165, 148], "text": "", "label": "customer_phoneno", "words": [], "id": 5}, {"box": [259, 127, 303, 139], "text": "0002860 ", "label": "receipt_number", "words": [{"text": "0002860", "bbox": [259, 127, 303, 139]}], "id": 6}, {"box": [254, 138, 308, 149], "text": "20/05/2022 ", "label": "transaction_date", "words": [{"text": "20/05/2022", "bbox": [254, 138, 308, 149]}], "id": 7}, {"box": [257, 148, 284, 160], "text": "12:07 ", "label": "transaction_time", "words": [{"text": "12:07", "bbox": [257, 148, 284, 160]}], "id": 8}, {"box": [288, 238, 322, 251], "text": "159.00 ", "label": "sub_total_amount", "words": [{"text": "159.00", "bbox": [288, 238, 322, 251]}], "id": 9}, {"box": [283, 267, 322, 282], "text": "159.00 ", "label": "total_amount", "words": [{"text": "159.00", "bbox": [283, 267, 322, 282]}], "id": 10}, {"box": [211, 285, 236, 300], "text": "1.00 ", "label": "savings", "words": [{"text": "1.00", "bbox": [211, 285, 236, 300]}], "id": 11}]}