{"form": [{"box": [94, 58, 265, 84], "text": "MO GROCERY \u2122 ", "label": "vendor_name", "words": [{"text": "MO", "bbox": [94, 58, 265, 84]}, {"text": "GROCERY", "bbox": [94, 58, 265, 84]}, {"text": "\u2122", "bbox": [94, 58, 265, 84]}], "id": 0}, {"box": [149, 108, 257, 124], "text": "21IRBPS4454Q1Z6 ", "label": "vendor_gst", "words": [{"text": "21IRBPS4454Q1Z6", "bbox": [149, 108, 257, 124]}], "id": 1}, {"box": [50, 126, 306, 161], "text": "Plot no - D3 / 20 , Indira Gandhi Housing Colony Lingipur , Bhubaneshwar , Odisha - 751002 ", "label": "vendor_address", "words": [{"text": "Plot", "bbox": [50, 126, 306, 161]}, {"text": "no", "bbox": [50, 126, 306, 161]}, {"text": "-", "bbox": [50, 126, 306, 161]}, {"text": "D3", "bbox": [50, 126, 306, 161]}, {"text": "/", "bbox": [50, 126, 306, 161]}, {"text": "20", "bbox": [50, 126, 306, 161]}, {"text": ",", "bbox": [50, 126, 306, 161]}, {"text": "Indira", "bbox": [50, 126, 306, 161]}, {"text": "Gandhi", "bbox": [50, 126, 306, 161]}, {"text": "Housing", "bbox": [50, 126, 306, 161]}, {"text": "Colony", "bbox": [50, 126, 306, 161]}, {"text": "Lingipur", "bbox": [50, 126, 306, 161]}, {"text": ",", "bbox": [50, 126, 306, 161]}, {"text": "Bhubaneshwar", "bbox": [50, 126, 306, 161]}, {"text": ",", "bbox": [50, 126, 306, 161]}, {"text": "Odisha", "bbox": [50, 126, 306, 161]}, {"text": "-", "bbox": [50, 126, 306, 161]}, {"text": "751002", "bbox": [50, 126, 306, 161]}], "id": 2}, {"box": [70, 167, 154, 182], "text": "0674-2914169 ", "label": "vendor_phoneno", "words": [{"text": "0674-2914169", "bbox": [70, 167, 154, 182]}], "id": 3}, {"box": [161, 166, 232, 183], "text": "9861999321 ", "label": "vendor_phoneno", "words": [{"text": "9861999321", "bbox": [161, 166, 232, 183]}], "id": 4}, {"box": [243, 167, 314, 181], "text": "9881882449 ", "label": "vendor_phoneno", "words": [{"text": "9881882449", "bbox": [243, 167, 314, 181]}], "id": 5}, {"box": [184, 204, 286, 217], "text": "S // 2022-23 / AA1 / K2 / 666 ", "label": "receipt_number", "words": [{"text": "S", "bbox": [184, 204, 286, 217]}, {"text": "//", "bbox": [184, 204, 286, 217]}, {"text": "2022-23", "bbox": [184, 204, 286, 217]}, {"text": "/", "bbox": [184, 204, 286, 217]}, {"text": "AA1", "bbox": [184, 204, 286, 217]}, {"text": "/", "bbox": [184, 204, 286, 217]}, {"text": "K2", "bbox": [184, 204, 286, 217]}, {"text": "/", "bbox": [184, 204, 286, 217]}, {"text": "666", "bbox": [184, 204, 286, 217]}], "id": 6}, {"box": [180, 222, 251, 234], "text": "Sat May 14 2022 ", "label": "transaction_date", "words": [{"text": "Sat", "bbox": [180, 222, 251, 234]}, {"text": "May", "bbox": [180, 222, 251, 234]}, {"text": "14", "bbox": [180, 222, 251, 234]}, {"text": "2022", "bbox": [180, 222, 251, 234]}], "id": 7}, {"box": [250, 221, 291, 235], "text": "14:05:24 ", "label": "transaction_time", "words": [{"text": "14:05:24", "bbox": [250, 221, 291, 235]}], "id": 8}, {"box": [178, 241, 287, 251], "text": "", "label": "customer_name", "words": [], "id": 9}, {"box": [178, 249, 288, 260], "text": "", "label": "customer_phoneno", "words": [], "id": 10}, {"box": [264, 355, 280, 368], "text": "70 ", "label": "total_amount", "words": [{"text": "70", "bbox": [264, 355, 280, 368]}], "id": 11}]}