{"form": [{"box": [64, 77, 286, 95], "text": "SRI SATYASAI ENTERPRISE ", "label": "vendor_name", "words": [{"text": "SRI", "bbox": [64, 77, 286, 95]}, {"text": "SATYASAI", "bbox": [64, 77, 286, 95]}, {"text": "ENTERPRISE", "bbox": [64, 77, 286, 95]}], "id": 0}, {"box": [76, 96, 292, 121], "text": "B - 63 , RUPALI SQUARE , SAHEED NAGAR , BHUBANESWAR - 751007 ", "label": "vendor_address", "words": [{"text": "B", "bbox": [76, 96, 292, 121]}, {"text": "-", "bbox": [76, 96, 292, 121]}, {"text": "63", "bbox": [76, 96, 292, 121]}, {"text": ",", "bbox": [76, 96, 292, 121]}, {"text": "RUPALI", "bbox": [76, 96, 292, 121]}, {"text": "SQUARE", "bbox": [76, 96, 292, 121]}, {"text": ",", "bbox": [76, 96, 292, 121]}, {"text": "SAHEED", "bbox": [76, 96, 292, 121]}, {"text": "NAGAR", "bbox": [76, 96, 292, 121]}, {"text": ",", "bbox": [76, 96, 292, 121]}, {"text": "BHUBANESWAR", "bbox": [76, 96, 292, 121]}, {"text": "-", "bbox": [76, 96, 292, 121]}, {"text": "751007", "bbox": [76, 96, 292, 121]}], "id": 1}, {"box": [157, 120, 228, 133], "text": "9437055558 , ", "label": "vendor_phoneno", "words": [{"text": "9437055558", "bbox": [157, 120, 228, 133]}, {"text": ",", "bbox": [157, 120, 228, 133]}], "id": 2}, {"box": [147, 136, 259, 151], "text": "-21AGVPS4577PIZB ", "label": "vendor_gst", "words": [{"text": "-21AGVPS4577PIZB", "bbox": [147, 136, 259, 151]}], "id": 3}, {"box": [88, 196, 179, 210], "text": "", "label": "customer_phoneno", "words": [], "id": 4}, {"box": [221, 195, 305, 209], "text": "ho ", "label": "customer_name", "words": [{"text": "ho", "bbox": [221, 195, 305, 209]}], "id": 5}, {"box": [251, 219, 313, 235], "text": "23/03/2022 ", "label": "transaction_date", "words": [{"text": "23/03/2022", "bbox": [251, 219, 313, 235]}], "id": 6}, {"box": [251, 237, 286, 252], "text": "07:03 ", "label": "transaction_time", "words": [{"text": "07:03", "bbox": [251, 237, 286, 252]}], "id": 7}, {"box": [121, 219, 188, 233], "text": "EATS11373 ", "label": "receipt_number", "words": [{"text": "EATS11373", "bbox": [121, 219, 188, 233]}], "id": 8}, {"box": [288, 392, 324, 405], "text": "629.00 ", "label": "total_amount", "words": [{"text": "629.00", "bbox": [288, 392, 324, 405]}], "id": 9}, {"box": [191, 480, 215, 495], "text": "0.00 ", "label": "savings", "words": [{"text": "0.00", "bbox": [191, 480, 215, 495]}], "id": 10}]}