{"form": [{"box": [102, 46, 216, 63], "text": "WHITE SAND ", "label": "vendor_name", "words": [{"text": "WHITE", "bbox": [102, 46, 216, 63]}, {"text": "SAND", "bbox": [102, 46, 216, 63]}], "id": 0}, {"box": [71, 61, 247, 101], "text": "Shiraz Golden Restaurant Madhusudan Nagar , Unit - 4 , Bhubaneswar ", "label": "vendor_address", "words": [{"text": "Shiraz", "bbox": [71, 61, 247, 101]}, {"text": "Golden", "bbox": [71, 61, 247, 101]}, {"text": "Restaurant", "bbox": [71, 61, 247, 101]}, {"text": "Madhusudan", "bbox": [71, 61, 247, 101]}, {"text": "Nagar", "bbox": [71, 61, 247, 101]}, {"text": ",", "bbox": [71, 61, 247, 101]}, {"text": "Unit", "bbox": [71, 61, 247, 101]}, {"text": "-", "bbox": [71, 61, 247, 101]}, {"text": "4", "bbox": [71, 61, 247, 101]}, {"text": ",", "bbox": [71, 61, 247, 101]}, {"text": "Bhubaneswar", "bbox": [71, 61, 247, 101]}], "id": 1}, {"box": [92, 101, 173, 116], "text": "", "label": "vendor_phoneno", "words": [], "id": 2}, {"box": [175, 101, 256, 117], "text": "", "label": "vendor_phoneno", "words": [], "id": 3}, {"box": [120, 117, 248, 132], "text": "21AABFW3989K1ZS ", "label": "vendor_gst", "words": [{"text": "21AABFW3989K1ZS", "bbox": [120, 117, 248, 132]}], "id": 4}, {"box": [76, 140, 228, 156], "text": "", "label": "customer_name", "words": [], "id": 5}, {"box": [72, 167, 133, 182], "text": "23/05/22 ", "label": "transaction_date", "words": [{"text": "23/05/22", "bbox": [72, 167, 133, 182]}], "id": 6}, {"box": [213, 180, 255, 193], "text": "89519 ", "label": "receipt_number", "words": [{"text": "89519", "bbox": [213, 180, 255, 193]}], "id": 7}, {"box": [239, 285, 286, 299], "text": "419.05 ", "label": "sub_total_amount", "words": [{"text": "419.05", "bbox": [239, 285, 286, 299]}], "id": 8}, {"box": [229, 346, 285, 361], "text": "440.00 ", "label": "total_amount", "words": [{"text": "440.00", "bbox": [229, 346, 285, 361]}], "id": 9}]}