{"form": [{"box": [65, 78, 286, 95], "text": "SRI SATYASAI ENTERPRISE ", "label": "vendor_name", "words": [{"text": "SRI", "bbox": [65, 78, 286, 95]}, {"text": "SATYASAI", "bbox": [65, 78, 286, 95]}, {"text": "ENTERPRISE", "bbox": [65, 78, 286, 95]}], "id": 0}, {"box": [75, 96, 292, 121], "text": "B - 63 , RUPALI SQUARE , SAHEED NAGAR , BHUBANESWAR - 751007 ", "label": "vendor_address", "words": [{"text": "B", "bbox": [75, 96, 292, 121]}, {"text": "-", "bbox": [75, 96, 292, 121]}, {"text": "63", "bbox": [75, 96, 292, 121]}, {"text": ",", "bbox": [75, 96, 292, 121]}, {"text": "RUPALI", "bbox": [75, 96, 292, 121]}, {"text": "SQUARE", "bbox": [75, 96, 292, 121]}, {"text": ",", "bbox": [75, 96, 292, 121]}, {"text": "SAHEED", "bbox": [75, 96, 292, 121]}, {"text": "NAGAR", "bbox": [75, 96, 292, 121]}, {"text": ",", "bbox": [75, 96, 292, 121]}, {"text": "BHUBANESWAR", "bbox": [75, 96, 292, 121]}, {"text": "-", "bbox": [75, 96, 292, 121]}, {"text": "751007", "bbox": [75, 96, 292, 121]}], "id": 1}, {"box": [157, 120, 228, 134], "text": "9437055558 , ", "label": "vendor_phoneno", "words": [{"text": "9437055558", "bbox": [157, 120, 228, 134]}, {"text": ",", "bbox": [157, 120, 228, 134]}], "id": 2}, {"box": [146, 136, 260, 151], "text": "-21AGVPS4577PIZB ", "label": "vendor_gst", "words": [{"text": "-21AGVPS4577PIZB", "bbox": [146, 136, 260, 151]}], "id": 3}, {"box": [89, 197, 188, 210], "text": "", "label": "customer_phoneno", "words": [], "id": 4}, {"box": [221, 194, 316, 209], "text": "ho ", "label": "customer_name", "words": [{"text": "ho", "bbox": [221, 194, 316, 209]}], "id": 5}, {"box": [120, 219, 188, 233], "text": "EATS11312 ", "label": "receipt_number", "words": [{"text": "EATS11312", "bbox": [120, 219, 188, 233]}], "id": 6}, {"box": [252, 219, 313, 235], "text": "10/03/2022 ", "label": "transaction_date", "words": [{"text": "10/03/2022", "bbox": [252, 219, 313, 235]}], "id": 7}, {"box": [252, 238, 286, 251], "text": "06:15 ", "label": "transaction_time", "words": [{"text": "06:15", "bbox": [252, 238, 286, 251]}], "id": 8}, {"box": [281, 545, 326, 558], "text": "2070.00 ", "label": "total_amount", "words": [{"text": "2070.00", "bbox": [281, 545, 326, 558]}], "id": 9}, {"box": [178, 633, 215, 646], "text": "850.00 ", "label": "savings", "words": [{"text": "850.00", "bbox": [178, 633, 215, 646]}], "id": 10}]}