{"form": [{"box": [121, 46, 242, 67], "text": "HOME CARE ", "label": "vendor_name", "words": [{"text": "HOME", "bbox": [121, 46, 242, 67]}, {"text": "CARE", "bbox": [121, 46, 242, 67]}], "id": 0}, {"box": [124, 69, 237, 94], "text": "MUKUNDA PRASAD MELAN PADIA ", "label": "vendor_address", "words": [{"text": "MUKUNDA", "bbox": [124, 69, 237, 94]}, {"text": "PRASAD", "bbox": [124, 69, 237, 94]}, {"text": "MELAN", "bbox": [124, 69, 237, 94]}, {"text": "PADIA", "bbox": [124, 69, 237, 94]}], "id": 1}, {"box": [166, 92, 225, 105], "text": "9439454006 ", "label": "vendor_phoneno", "words": [{"text": "9439454006", "bbox": [166, 92, 225, 105]}], "id": 2}, {"box": [126, 112, 222, 125], "text": "21GMAPS2777C1Z6 ", "label": "vendor_gst", "words": [{"text": "21GMAPS2777C1Z6", "bbox": [126, 112, 222, 125]}], "id": 3}, {"box": [259, 127, 302, 138], "text": "0001459 ", "label": "receipt_number", "words": [{"text": "0001459", "bbox": [259, 127, 302, 138]}], "id": 4}, {"box": [88, 127, 179, 139], "text": "CASH ", "label": "customer_name", "words": [{"text": "CASH", "bbox": [88, 127, 179, 139]}], "id": 5}, {"box": [81, 140, 175, 148], "text": "", "label": "customer_phoneno", "words": [], "id": 6}, {"box": [253, 137, 307, 149], "text": "26/04/2022 ", "label": "transaction_date", "words": [{"text": "26/04/2022", "bbox": [253, 137, 307, 149]}], "id": 7}, {"box": [256, 148, 285, 160], "text": "21:24 ", "label": "transaction_time", "words": [{"text": "21:24", "bbox": [256, 148, 285, 160]}], "id": 8}, {"box": [286, 267, 323, 280], "text": "411.15 ", "label": "sub_total_amount", "words": [{"text": "411.15", "bbox": [286, 267, 323, 280]}], "id": 9}, {"box": [282, 297, 322, 312], "text": "411.00 ", "label": "total_amount", "words": [{"text": "411.00", "bbox": [282, 297, 322, 312]}], "id": 10}, {"box": [206, 315, 239, 330], "text": "25.85 ", "label": "savings", "words": [{"text": "25.85", "bbox": [206, 315, 239, 330]}], "id": 11}]}