{"form": [{"box": [117, 44, 250, 66], "text": "HOME CARE ", "label": "vendor_name", "words": [{"text": "HOME", "bbox": [117, 44, 250, 66]}, {"text": "CARE", "bbox": [117, 44, 250, 66]}], "id": 0}, {"box": [122, 64, 247, 92], "text": "MUKUNDA PRASAD MELAN PADIA ", "label": "vendor_address", "words": [{"text": "MUKUNDA", "bbox": [122, 64, 247, 92]}, {"text": "PRASAD", "bbox": [122, 64, 247, 92]}, {"text": "MELAN", "bbox": [122, 64, 247, 92]}, {"text": "PADIA", "bbox": [122, 64, 247, 92]}], "id": 1}, {"box": [166, 91, 227, 105], "text": "9439454006 ", "label": "vendor_phoneno", "words": [{"text": "9439454006", "bbox": [166, 91, 227, 105]}], "id": 2}, {"box": [127, 112, 223, 125], "text": "21GMAPS2777C1Z6 ", "label": "vendor_gst", "words": [{"text": "21GMAPS2777C1Z6", "bbox": [127, 112, 223, 125]}], "id": 3}, {"box": [88, 128, 168, 139], "text": "CASH ", "label": "customer_name", "words": [{"text": "CASH", "bbox": [88, 128, 168, 139]}], "id": 4}, {"box": [83, 141, 171, 149], "text": "", "label": "customer_phoneno", "words": [], "id": 5}, {"box": [258, 128, 304, 138], "text": "0001655 ", "label": "receipt_number", "words": [{"text": "0001655", "bbox": [258, 128, 304, 138]}], "id": 6}, {"box": [253, 138, 314, 149], "text": "30/04/2022 ", "label": "transaction_date", "words": [{"text": "30/04/2022", "bbox": [253, 138, 314, 149]}], "id": 7}, {"box": [256, 148, 289, 160], "text": "19:30 ", "label": "transaction_time", "words": [{"text": "19:30", "bbox": [256, 148, 289, 160]}], "id": 8}, {"box": [286, 239, 324, 251], "text": "581.92 ", "label": "sub_total_amount", "words": [{"text": "581.92", "bbox": [286, 239, 324, 251]}], "id": 9}, {"box": [283, 268, 324, 283], "text": "582.00 ", "label": "total_amount", "words": [{"text": "582.00", "bbox": [283, 268, 324, 283]}], "id": 10}, {"box": [203, 285, 242, 301], "text": "28.08 ", "label": "savings", "words": [{"text": "28.08", "bbox": [203, 285, 242, 301]}], "id": 11}]}