{"form": [{"box": [85, 142, 278, 166], "text": "MO GROCERY \u2122 ", "label": "vendor_name", "words": [{"text": "MO", "bbox": [85, 142, 278, 166]}, {"text": "GROCERY", "bbox": [85, 142, 278, 166]}, {"text": "\u2122", "bbox": [85, 142, 278, 166]}], "id": 0}, {"box": [148, 180, 259, 198], "text": "21IRBPS4454Q1Z6 ", "label": "vendor_gst", "words": [{"text": "21IRBPS4454Q1Z6", "bbox": [148, 180, 259, 198]}], "id": 1}, {"box": [46, 197, 321, 235], "text": "Plot no - D3 / 20 , Indira Gandhi Housing Colony Lingipur , Bhubaneshwar , Odisha - 751002 ", "label": "vendor_address", "words": [{"text": "Plot", "bbox": [46, 197, 321, 235]}, {"text": "no", "bbox": [46, 197, 321, 235]}, {"text": "-", "bbox": [46, 197, 321, 235]}, {"text": "D3", "bbox": [46, 197, 321, 235]}, {"text": "/", "bbox": [46, 197, 321, 235]}, {"text": "20", "bbox": [46, 197, 321, 235]}, {"text": ",", "bbox": [46, 197, 321, 235]}, {"text": "Indira", "bbox": [46, 197, 321, 235]}, {"text": "Gandhi", "bbox": [46, 197, 321, 235]}, {"text": "Housing", "bbox": [46, 197, 321, 235]}, {"text": "Colony", "bbox": [46, 197, 321, 235]}, {"text": "Lingipur", "bbox": [46, 197, 321, 235]}, {"text": ",", "bbox": [46, 197, 321, 235]}, {"text": "Bhubaneshwar", "bbox": [46, 197, 321, 235]}, {"text": ",", "bbox": [46, 197, 321, 235]}, {"text": "Odisha", "bbox": [46, 197, 321, 235]}, {"text": "-", "bbox": [46, 197, 321, 235]}, {"text": "751002", "bbox": [46, 197, 321, 235]}], "id": 2}, {"box": [70, 241, 149, 256], "text": "0674-2914169 ", "label": "vendor_phoneno", "words": [{"text": "0674-2914169", "bbox": [70, 241, 149, 256]}], "id": 3}, {"box": [160, 240, 233, 257], "text": "9861999321 ", "label": "vendor_phoneno", "words": [{"text": "9861999321", "bbox": [160, 240, 233, 257]}], "id": 4}, {"box": [241, 240, 316, 258], "text": "9881882449 ", "label": "vendor_phoneno", "words": [{"text": "9881882449", "bbox": [241, 240, 316, 258]}], "id": 5}, {"box": [185, 290, 286, 302], "text": "SV / 2022-23 / AA1 / K1 / 29 ", "label": "receipt_number", "words": [{"text": "SV", "bbox": [185, 290, 286, 302]}, {"text": "/", "bbox": [185, 290, 286, 302]}, {"text": "2022-23", "bbox": [185, 290, 286, 302]}, {"text": "/", "bbox": [185, 290, 286, 302]}, {"text": "AA1", "bbox": [185, 290, 286, 302]}, {"text": "/", "bbox": [185, 290, 286, 302]}, {"text": "K1", "bbox": [185, 290, 286, 302]}, {"text": "/", "bbox": [185, 290, 286, 302]}, {"text": "29", "bbox": [185, 290, 286, 302]}], "id": 6}, {"box": [177, 307, 252, 321], "text": "Sat Apr 02 2022 ", "label": "transaction_date", "words": [{"text": "Sat", "bbox": [177, 307, 252, 321]}, {"text": "Apr", "bbox": [177, 307, 252, 321]}, {"text": "02", "bbox": [177, 307, 252, 321]}, {"text": "2022", "bbox": [177, 307, 252, 321]}], "id": 7}, {"box": [252, 307, 291, 322], "text": "09:24:42 ", "label": "transaction_time", "words": [{"text": "09:24:42", "bbox": [252, 307, 291, 322]}], "id": 8}, {"box": [206, 326, 267, 340], "text": "jishaya tandia ", "label": "customer_name", "words": [{"text": "jishaya", "bbox": [206, 326, 267, 340]}, {"text": "tandia", "bbox": [206, 326, 267, 340]}], "id": 9}, {"box": [207, 345, 267, 360], "text": "9437658186 ", "label": "customer_phoneno", "words": [{"text": "9437658186", "bbox": [207, 345, 267, 360]}], "id": 10}, {"box": [258, 662, 289, 679], "text": "723 ", "label": "total_amount", "words": [{"text": "723", "bbox": [258, 662, 289, 679]}], "id": 11}, {"box": [207, 718, 249, 733], "text": "110.55 ", "label": "savings", "words": [{"text": "110.55", "bbox": [207, 718, 249, 733]}], "id": 12}]}