{"form": [{"box": [117, 45, 253, 69], "text": "HOME CARE ", "label": "vendor_name", "words": [{"text": "HOME", "bbox": [117, 45, 253, 69]}, {"text": "CARE", "bbox": [117, 45, 253, 69]}], "id": 0}, {"box": [113, 70, 253, 93], "text": "MUKUNDA PRASAD MELAN PADIA ", "label": "vendor_address", "words": [{"text": "MUKUNDA", "bbox": [113, 70, 253, 93]}, {"text": "PRASAD", "bbox": [113, 70, 253, 93]}, {"text": "MELAN", "bbox": [113, 70, 253, 93]}, {"text": "PADIA", "bbox": [113, 70, 253, 93]}], "id": 1}, {"box": [165, 93, 225, 105], "text": "9439454006 ", "label": "vendor_phoneno", "words": [{"text": "9439454006", "bbox": [165, 93, 225, 105]}], "id": 2}, {"box": [125, 112, 225, 127], "text": "21GMAPS2777C1Z6 ", "label": "vendor_gst", "words": [{"text": "21GMAPS2777C1Z6", "bbox": [125, 112, 225, 127]}], "id": 3}, {"box": [88, 128, 168, 139], "text": "CASH ", "label": "customer_name", "words": [{"text": "CASH", "bbox": [88, 128, 168, 139]}], "id": 4}, {"box": [83, 138, 171, 148], "text": "", "label": "customer_phoneno", "words": [], "id": 5}, {"box": [260, 128, 313, 139], "text": "", "label": "receipt_number", "words": [], "id": 6}, {"box": [254, 138, 313, 148], "text": "", "label": "transaction_date", "words": [], "id": 7}, {"box": [254, 146, 292, 159], "text": "18:32 ", "label": "transaction_time", "words": [{"text": "18:32", "bbox": [254, 146, 292, 159]}], "id": 8}, {"box": [287, 209, 322, 220], "text": "380.00 ", "label": "sub_total_amount", "words": [{"text": "380.00", "bbox": [287, 209, 322, 220]}], "id": 9}, {"box": [282, 238, 324, 252], "text": "380.00 ", "label": "total_amount", "words": [{"text": "380.00", "bbox": [282, 238, 324, 252]}], "id": 10}, {"box": [206, 255, 238, 272], "text": "0.00 ", "label": "savings", "words": [{"text": "0.00", "bbox": [206, 255, 238, 272]}], "id": 11}]}