{"form": [{"box": [91, 55, 279, 86], "text": "MO GROCERY \u2122 ", "label": "vendor_name", "words": [{"text": "MO", "bbox": [91, 55, 279, 86]}, {"text": "GROCERY", "bbox": [91, 55, 279, 86]}, {"text": "\u2122", "bbox": [91, 55, 279, 86]}], "id": 0}, {"box": [148, 108, 261, 126], "text": "21IRBPS4454Q1Z6 ", "label": "vendor_gst", "words": [{"text": "21IRBPS4454Q1Z6", "bbox": [148, 108, 261, 126]}], "id": 1}, {"box": [47, 124, 341, 162], "text": "Plot no - D3 / 20 , Indira Gandhi Housing Colony Lingipur , Bhubaneshwar , Odisha - 751002 ", "label": "vendor_address", "words": [{"text": "Plot", "bbox": [47, 124, 341, 162]}, {"text": "no", "bbox": [47, 124, 341, 162]}, {"text": "-", "bbox": [47, 124, 341, 162]}, {"text": "D3", "bbox": [47, 124, 341, 162]}, {"text": "/", "bbox": [47, 124, 341, 162]}, {"text": "20", "bbox": [47, 124, 341, 162]}, {"text": ",", "bbox": [47, 124, 341, 162]}, {"text": "Indira", "bbox": [47, 124, 341, 162]}, {"text": "Gandhi", "bbox": [47, 124, 341, 162]}, {"text": "Housing", "bbox": [47, 124, 341, 162]}, {"text": "Colony", "bbox": [47, 124, 341, 162]}, {"text": "Lingipur", "bbox": [47, 124, 341, 162]}, {"text": ",", "bbox": [47, 124, 341, 162]}, {"text": "Bhubaneshwar", "bbox": [47, 124, 341, 162]}, {"text": ",", "bbox": [47, 124, 341, 162]}, {"text": "Odisha", "bbox": [47, 124, 341, 162]}, {"text": "-", "bbox": [47, 124, 341, 162]}, {"text": "751002", "bbox": [47, 124, 341, 162]}], "id": 2}, {"box": [70, 166, 153, 183], "text": "0674-2914169 ", "label": "vendor_phoneno", "words": [{"text": "0674-2914169", "bbox": [70, 166, 153, 183]}], "id": 3}, {"box": [163, 166, 232, 183], "text": "9861999321 ", "label": "vendor_phoneno", "words": [{"text": "9861999321", "bbox": [163, 166, 232, 183]}], "id": 4}, {"box": [242, 166, 318, 183], "text": "9881882449 ", "label": "vendor_phoneno", "words": [{"text": "9881882449", "bbox": [242, 166, 318, 183]}], "id": 5}, {"box": [182, 204, 288, 216], "text": "SI / 2022-23 / AA1 / K1 / 536 ", "label": "receipt_number", "words": [{"text": "SI", "bbox": [182, 204, 288, 216]}, {"text": "/", "bbox": [182, 204, 288, 216]}, {"text": "2022-23", "bbox": [182, 204, 288, 216]}, {"text": "/", "bbox": [182, 204, 288, 216]}, {"text": "AA1", "bbox": [182, 204, 288, 216]}, {"text": "/", "bbox": [182, 204, 288, 216]}, {"text": "K1", "bbox": [182, 204, 288, 216]}, {"text": "/", "bbox": [182, 204, 288, 216]}, {"text": "536", "bbox": [182, 204, 288, 216]}], "id": 6}, {"box": [179, 222, 251, 236], "text": "Tue Apr 19 2022 ", "label": "transaction_date", "words": [{"text": "Tue", "bbox": [179, 222, 251, 236]}, {"text": "Apr", "bbox": [179, 222, 251, 236]}, {"text": "19", "bbox": [179, 222, 251, 236]}, {"text": "2022", "bbox": [179, 222, 251, 236]}], "id": 7}, {"box": [252, 221, 293, 235], "text": "16:13:33 ", "label": "transaction_time", "words": [{"text": "16:13:33", "bbox": [252, 221, 293, 235]}], "id": 8}, {"box": [199, 241, 281, 251], "text": "Mam ", "label": "customer_name", "words": [{"text": "Mam", "bbox": [199, 241, 281, 251]}], "id": 9}, {"box": [207, 250, 265, 260], "text": "", "label": "customer_phoneno", "words": [], "id": 10}, {"box": [256, 411, 284, 423], "text": "218 ", "label": "total_amount", "words": [{"text": "218", "bbox": [256, 411, 284, 423]}], "id": 11}, {"box": [216, 465, 240, 480], "text": "4.1 ", "label": "savings", "words": [{"text": "4.1", "bbox": [216, 465, 240, 480]}], "id": 12}]}