{"form": [{"box": [119, 45, 246, 68], "text": "HOME CARE ", "label": "vendor_name", "words": [{"text": "HOME", "bbox": [119, 45, 246, 68]}, {"text": "CARE", "bbox": [119, 45, 246, 68]}], "id": 0}, {"box": [107, 66, 257, 93], "text": "MUKUNDA PRASAD MELAN PADIA ", "label": "vendor_address", "words": [{"text": "MUKUNDA", "bbox": [107, 66, 257, 93]}, {"text": "PRASAD", "bbox": [107, 66, 257, 93]}, {"text": "MELAN", "bbox": [107, 66, 257, 93]}, {"text": "PADIA", "bbox": [107, 66, 257, 93]}], "id": 1}, {"box": [165, 92, 228, 106], "text": "9439454006 ", "label": "vendor_phoneno", "words": [{"text": "9439454006", "bbox": [165, 92, 228, 106]}], "id": 2}, {"box": [126, 111, 228, 126], "text": "21GMAPS2777C1Z6 ", "label": "vendor_gst", "words": [{"text": "21GMAPS2777C1Z6", "bbox": [126, 111, 228, 126]}], "id": 3}, {"box": [87, 129, 170, 140], "text": "CASH ", "label": "customer_name", "words": [{"text": "CASH", "bbox": [87, 129, 170, 140]}], "id": 4}, {"box": [81, 138, 173, 148], "text": "", "label": "customer_phoneno", "words": [], "id": 5}, {"box": [259, 128, 306, 138], "text": "0000598 ", "label": "receipt_number", "words": [{"text": "0000598", "bbox": [259, 128, 306, 138]}], "id": 6}, {"box": [253, 138, 318, 149], "text": "11/04/2022 ", "label": "transaction_date", "words": [{"text": "11/04/2022", "bbox": [253, 138, 318, 149]}], "id": 7}, {"box": [256, 148, 290, 159], "text": "15:55 ", "label": "transaction_time", "words": [{"text": "15:55", "bbox": [256, 148, 290, 159]}], "id": 8}, {"box": [286, 283, 325, 296], "text": "458.20 ", "label": "sub_total_amount", "words": [{"text": "458.20", "bbox": [286, 283, 325, 296]}], "id": 9}, {"box": [281, 312, 325, 329], "text": "458.00 ", "label": "total_amount", "words": [{"text": "458.00", "bbox": [281, 312, 325, 329]}], "id": 10}, {"box": [206, 339, 244, 357], "text": "11.80 ", "label": "savings", "words": [{"text": "11.80", "bbox": [206, 339, 244, 357]}], "id": 11}]}