{"form": [{"box": [60, 76, 304, 96], "text": "SRI SATYASAI ENTERPRISE ", "label": "vendor_name", "words": [{"text": "SRI", "bbox": [60, 76, 304, 96]}, {"text": "SATYASAI", "bbox": [60, 76, 304, 96]}, {"text": "ENTERPRISE", "bbox": [60, 76, 304, 96]}], "id": 0}, {"box": [73, 98, 297, 120], "text": "B - 63 , RUPALI SQUARE , SAHEED NAGAR , BHUBANESWAR - 751007 ", "label": "vendor_address", "words": [{"text": "B", "bbox": [73, 98, 297, 120]}, {"text": "-", "bbox": [73, 98, 297, 120]}, {"text": "63", "bbox": [73, 98, 297, 120]}, {"text": ",", "bbox": [73, 98, 297, 120]}, {"text": "RUPALI", "bbox": [73, 98, 297, 120]}, {"text": "SQUARE", "bbox": [73, 98, 297, 120]}, {"text": ",", "bbox": [73, 98, 297, 120]}, {"text": "SAHEED", "bbox": [73, 98, 297, 120]}, {"text": "NAGAR", "bbox": [73, 98, 297, 120]}, {"text": ",", "bbox": [73, 98, 297, 120]}, {"text": "BHUBANESWAR", "bbox": [73, 98, 297, 120]}, {"text": "-", "bbox": [73, 98, 297, 120]}, {"text": "751007", "bbox": [73, 98, 297, 120]}], "id": 1}, {"box": [158, 120, 224, 131], "text": "9437055558 ", "label": "vendor_phoneno", "words": [{"text": "9437055558", "bbox": [158, 120, 224, 131]}], "id": 2}, {"box": [147, 137, 262, 152], "text": "-21AGVPS4577PIZB ", "label": "vendor_gst", "words": [{"text": "-21AGVPS4577PIZB", "bbox": [147, 137, 262, 152]}], "id": 3}, {"box": [222, 194, 316, 209], "text": "user2 ", "label": "customer_name", "words": [{"text": "user2", "bbox": [222, 194, 316, 209]}], "id": 4}, {"box": [89, 195, 177, 208], "text": "", "label": "customer_phoneno", "words": [], "id": 5}, {"box": [120, 221, 195, 235], "text": "EATS11333 ", "label": "receipt_number", "words": [{"text": "EATS11333", "bbox": [120, 221, 195, 235]}], "id": 6}, {"box": [249, 220, 317, 237], "text": "14/03/2022 ", "label": "transaction_date", "words": [{"text": "14/03/2022", "bbox": [249, 220, 317, 237]}], "id": 7}, {"box": [251, 237, 298, 253], "text": "05:34 ", "label": "transaction_time", "words": [{"text": "05:34", "bbox": [251, 237, 298, 253]}], "id": 8}, {"box": [286, 518, 331, 532], "text": "735.00 ", "label": "total_amount", "words": [{"text": "735.00", "bbox": [286, 518, 331, 532]}], "id": 9}, {"box": [186, 609, 219, 621], "text": "0.00 ", "label": "savings", "words": [{"text": "0.00", "bbox": [186, 609, 219, 621]}], "id": 10}]}