{"form": [{"box": [119, 45, 256, 68], "text": "HOME CARE ", "label": "vendor_name", "words": [{"text": "HOME", "bbox": [119, 45, 256, 68]}, {"text": "CARE", "bbox": [119, 45, 256, 68]}], "id": 0}, {"box": [113, 70, 258, 91], "text": "MUKUNDA PRASAD ", "label": "vendor_address", "words": [{"text": "MUKUNDA", "bbox": [113, 70, 258, 91]}, {"text": "PRASAD", "bbox": [113, 70, 258, 91]}], "id": 1}, {"box": [165, 92, 231, 105], "text": "9439454006 ", "label": "vendor_phoneno", "words": [{"text": "9439454006", "bbox": [165, 92, 231, 105]}], "id": 2}, {"box": [125, 112, 228, 126], "text": "21GMAPS2777C1Z6 ", "label": "vendor_gst", "words": [{"text": "21GMAPS2777C1Z6", "bbox": [125, 112, 228, 126]}], "id": 3}, {"box": [88, 129, 181, 138], "text": "CASH ", "label": "customer_name", "words": [{"text": "CASH", "bbox": [88, 129, 181, 138]}], "id": 4}, {"box": [83, 137, 185, 149], "text": "", "label": "customer_phoneno", "words": [], "id": 5}, {"box": [260, 128, 304, 138], "text": "0000620 ", "label": "receipt_number", "words": [{"text": "0000620", "bbox": [260, 128, 304, 138]}], "id": 6}, {"box": [254, 139, 310, 149], "text": "11/04/2022 ", "label": "transaction_date", "words": [{"text": "11/04/2022", "bbox": [254, 139, 310, 149]}], "id": 7}, {"box": [255, 149, 287, 159], "text": "20:49 ", "label": "transaction_time", "words": [{"text": "20:49", "bbox": [255, 149, 287, 159]}], "id": 8}, {"box": [286, 255, 328, 265], "text": "304.50 ", "label": "sub_total_amount", "words": [{"text": "304.50", "bbox": [286, 255, 328, 265]}], "id": 9}, {"box": [283, 283, 326, 299], "text": "305.00 ", "label": "total_amount", "words": [{"text": "305.00", "bbox": [283, 283, 326, 299]}], "id": 10}, {"box": [206, 299, 244, 318], "text": "16.50 ", "label": "savings", "words": [{"text": "16.50", "bbox": [206, 299, 244, 318]}], "id": 11}]}