{"form": [{"box": [117, 45, 258, 70], "text": "HOME CARE ", "label": "vendor_name", "words": [{"text": "HOME", "bbox": [117, 45, 258, 70]}, {"text": "CARE", "bbox": [117, 45, 258, 70]}], "id": 0}, {"box": [110, 69, 264, 93], "text": "MUKUNDA PRASAD MELAN PADIA ", "label": "vendor_address", "words": [{"text": "MUKUNDA", "bbox": [110, 69, 264, 93]}, {"text": "PRASAD", "bbox": [110, 69, 264, 93]}, {"text": "MELAN", "bbox": [110, 69, 264, 93]}, {"text": "PADIA", "bbox": [110, 69, 264, 93]}], "id": 1}, {"box": [164, 92, 230, 105], "text": "9439454006 ", "label": "vendor_phoneno", "words": [{"text": "9439454006", "bbox": [164, 92, 230, 105]}], "id": 2}, {"box": [124, 111, 225, 126], "text": "21GMAPS2777C1Z6 ", "label": "vendor_gst", "words": [{"text": "21GMAPS2777C1Z6", "bbox": [124, 111, 225, 126]}], "id": 3}, {"box": [90, 128, 196, 139], "text": "CASH ", "label": "customer_name", "words": [{"text": "CASH", "bbox": [90, 128, 196, 139]}], "id": 4}, {"box": [83, 139, 200, 150], "text": "", "label": "customer_phoneno", "words": [], "id": 5}, {"box": [259, 128, 307, 139], "text": "0000873 ", "label": "receipt_number", "words": [{"text": "0000873", "bbox": [259, 128, 307, 139]}], "id": 6}, {"box": [254, 137, 310, 150], "text": "17/04/2022 ", "label": "transaction_date", "words": [{"text": "17/04/2022", "bbox": [254, 137, 310, 150]}], "id": 7}, {"box": [254, 148, 288, 159], "text": "10:12 ", "label": "transaction_time", "words": [{"text": "10:12", "bbox": [254, 148, 288, 159]}], "id": 8}, {"box": [284, 224, 325, 236], "text": "225.55 ", "label": "sub_total_amount", "words": [{"text": "225.55", "bbox": [284, 224, 325, 236]}], "id": 9}, {"box": [283, 253, 323, 271], "text": "226.00 ", "label": "total_amount", "words": [{"text": "226.00", "bbox": [283, 253, 323, 271]}], "id": 10}, {"box": [207, 282, 239, 297], "text": "9.45 ", "label": "savings", "words": [{"text": "9.45", "bbox": [207, 282, 239, 297]}], "id": 11}]}