{"form": [{"box": [117, 45, 258, 70], "text": "HOME CARE ", "label": "vendor_name", "words": [{"text": "HOME", "bbox": [117, 45, 258, 70]}, {"text": "CARE", "bbox": [117, 45, 258, 70]}], "id": 0}, {"box": [110, 69, 264, 93], "text": "MUKUNDA PRASAD MELAN PADIA ", "label": "vendor_address", "words": [{"text": "MUKUNDA", "bbox": [110, 69, 264, 93]}, {"text": "PRASAD", "bbox": [110, 69, 264, 93]}, {"text": "MELAN", "bbox": [110, 69, 264, 93]}, {"text": "PADIA", "bbox": [110, 69, 264, 93]}], "id": 1}, {"box": [164, 92, 230, 105], "text": "9439454006 ", "label": "vendor_phoneno", "words": [{"text": "9439454006", "bbox": [164, 92, 230, 105]}], "id": 2}, {"box": [124, 111, 225, 126], "text": "21GMAPS2777C1Z6 ", "label": "vendor_gst", "words": [{"text": "21GMAPS2777C1Z6", "bbox": [124, 111, 225, 126]}], "id": 3}, {"box": [90, 128, 196, 139], "text": "CASH ", "label": "customer_name", "words": [{"text": "CASH", "bbox": [90, 128, 196, 139]}], "id": 4}, {"box": [83, 139, 200, 150], "text": "", "label": "customer_phoneno", "words": [], "id": 5}, {"box": [259, 128, 307, 139], "text": "0002826 ", "label": "receipt_number", "words": [{"text": "0002826", "bbox": [259, 128, 307, 139]}], "id": 6}, {"box": [254, 137, 310, 150], "text": "19/05/2022 ", "label": "transaction_date", "words": [{"text": "19/05/2022", "bbox": [254, 137, 310, 150]}], "id": 7}, {"box": [254, 148, 288, 159], "text": "17:57 ", "label": "transaction_time", "words": [{"text": "17:57", "bbox": [254, 148, 288, 159]}], "id": 8}, {"box": [286, 239, 327, 251], "text": "125.01 ", "label": "sub_total_amount", "words": [{"text": "125.01", "bbox": [286, 239, 327, 251]}], "id": 9}, {"box": [285, 267, 325, 285], "text": "125.00 ", "label": "total_amount", "words": [{"text": "125.00", "bbox": [285, 267, 325, 285]}], "id": 10}, {"box": [208, 285, 240, 300], "text": "1.54 ", "label": "savings", "words": [{"text": "1.54", "bbox": [208, 285, 240, 300]}], "id": 11}]}