{"form": [{"box": [89, 142, 276, 167], "text": "MO GROCERY \u2122 ", "label": "vendor_name", "words": [{"text": "MO", "bbox": [89, 142, 276, 167]}, {"text": "GROCERY", "bbox": [89, 142, 276, 167]}, {"text": "\u2122", "bbox": [89, 142, 276, 167]}], "id": 0}, {"box": [149, 181, 260, 197], "text": "21IRBPS4454Q1Z6 ", "label": "vendor_gst", "words": [{"text": "21IRBPS4454Q1Z6", "bbox": [149, 181, 260, 197]}], "id": 1}, {"box": [46, 197, 317, 235], "text": "Plot no - D3 / 20 , Indira Gandhi Housing Colony Lingipur , Bhubaneshwar , Odisha - 751002 ", "label": "vendor_address", "words": [{"text": "Plot", "bbox": [46, 197, 317, 235]}, {"text": "no", "bbox": [46, 197, 317, 235]}, {"text": "-", "bbox": [46, 197, 317, 235]}, {"text": "D3", "bbox": [46, 197, 317, 235]}, {"text": "/", "bbox": [46, 197, 317, 235]}, {"text": "20", "bbox": [46, 197, 317, 235]}, {"text": ",", "bbox": [46, 197, 317, 235]}, {"text": "Indira", "bbox": [46, 197, 317, 235]}, {"text": "Gandhi", "bbox": [46, 197, 317, 235]}, {"text": "Housing", "bbox": [46, 197, 317, 235]}, {"text": "Colony", "bbox": [46, 197, 317, 235]}, {"text": "Lingipur", "bbox": [46, 197, 317, 235]}, {"text": ",", "bbox": [46, 197, 317, 235]}, {"text": "Bhubaneshwar", "bbox": [46, 197, 317, 235]}, {"text": ",", "bbox": [46, 197, 317, 235]}, {"text": "Odisha", "bbox": [46, 197, 317, 235]}, {"text": "-", "bbox": [46, 197, 317, 235]}, {"text": "751002", "bbox": [46, 197, 317, 235]}], "id": 2}, {"box": [70, 241, 151, 258], "text": "0674-2914169 ", "label": "vendor_phoneno", "words": [{"text": "0674-2914169", "bbox": [70, 241, 151, 258]}], "id": 3}, {"box": [160, 239, 231, 258], "text": "9861999321 ", "label": "vendor_phoneno", "words": [{"text": "9861999321", "bbox": [160, 239, 231, 258]}], "id": 4}, {"box": [242, 240, 314, 260], "text": "9881882449 ", "label": "vendor_phoneno", "words": [{"text": "9881882449", "bbox": [242, 240, 314, 260]}], "id": 5}, {"box": [198, 289, 273, 303], "text": "SVAA1 / K1 / 2892 ", "label": "receipt_number", "words": [{"text": "SVAA1", "bbox": [198, 289, 273, 303]}, {"text": "/", "bbox": [198, 289, 273, 303]}, {"text": "K1", "bbox": [198, 289, 273, 303]}, {"text": "/", "bbox": [198, 289, 273, 303]}, {"text": "2892", "bbox": [198, 289, 273, 303]}], "id": 6}, {"box": [177, 307, 251, 321], "text": "Tue Mar 22 2022 ", "label": "transaction_date", "words": [{"text": "Tue", "bbox": [177, 307, 251, 321]}, {"text": "Mar", "bbox": [177, 307, 251, 321]}, {"text": "22", "bbox": [177, 307, 251, 321]}, {"text": "2022", "bbox": [177, 307, 251, 321]}], "id": 7}, {"box": [250, 307, 295, 322], "text": "20:03:45 ", "label": "transaction_time", "words": [{"text": "20:03:45", "bbox": [250, 307, 295, 322]}], "id": 8}, {"box": [198, 325, 273, 339], "text": "Sarat Ku Chakra ", "label": "customer_name", "words": [{"text": "Sarat", "bbox": [198, 325, 273, 339]}, {"text": "Ku", "bbox": [198, 325, 273, 339]}, {"text": "Chakra", "bbox": [198, 325, 273, 339]}], "id": 9}, {"box": [204, 344, 268, 358], "text": "8018828331 ", "label": "customer_phoneno", "words": [{"text": "8018828331", "bbox": [204, 344, 268, 358]}], "id": 10}, {"box": [257, 441, 283, 456], "text": "199 ", "label": "total_amount", "words": [{"text": "199", "bbox": [257, 441, 283, 456]}], "id": 11}, {"box": [212, 494, 244, 512], "text": "49.8 ", "label": "savings", "words": [{"text": "49.8", "bbox": [212, 494, 244, 512]}], "id": 12}]}