{"form": [{"box": [102, 41, 222, 64], "text": "WHITE SAND ", "label": "vendor_name", "words": [{"text": "WHITE", "bbox": [102, 41, 222, 64]}, {"text": "SAND", "bbox": [102, 41, 222, 64]}], "id": 0}, {"box": [61, 60, 277, 100], "text": "Shiraz Golden Restaurant Madhusudan Nagar , Unit - 4 , Bhubaneswar ", "label": "vendor_address", "words": [{"text": "Shiraz", "bbox": [61, 60, 277, 100]}, {"text": "Golden", "bbox": [61, 60, 277, 100]}, {"text": "Restaurant", "bbox": [61, 60, 277, 100]}, {"text": "Madhusudan", "bbox": [61, 60, 277, 100]}, {"text": "Nagar", "bbox": [61, 60, 277, 100]}, {"text": ",", "bbox": [61, 60, 277, 100]}, {"text": "Unit", "bbox": [61, 60, 277, 100]}, {"text": "-", "bbox": [61, 60, 277, 100]}, {"text": "4", "bbox": [61, 60, 277, 100]}, {"text": ",", "bbox": [61, 60, 277, 100]}, {"text": "Bhubaneswar", "bbox": [61, 60, 277, 100]}], "id": 1}, {"box": [93, 99, 171, 118], "text": "", "label": "vendor_phoneno", "words": [], "id": 2}, {"box": [176, 99, 262, 117], "text": "", "label": "vendor_phoneno", "words": [], "id": 3}, {"box": [121, 115, 251, 131], "text": "21AABFW3989K1ZS ", "label": "vendor_gst", "words": [{"text": "21AABFW3989K1ZS", "bbox": [121, 115, 251, 131]}], "id": 4}, {"box": [80, 140, 244, 154], "text": "", "label": "customer_name", "words": [], "id": 5}, {"box": [72, 166, 135, 181], "text": "21/05/22 ", "label": "transaction_date", "words": [{"text": "21/05/22", "bbox": [72, 166, 135, 181]}], "id": 6}, {"box": [215, 181, 262, 193], "text": "89406 ", "label": "receipt_number", "words": [{"text": "89406", "bbox": [215, 181, 262, 193]}], "id": 7}, {"box": [239, 259, 292, 277], "text": "238.10 ", "label": "sub_total_amount", "words": [{"text": "238.10", "bbox": [239, 259, 292, 277]}], "id": 8}, {"box": [228, 306, 288, 324], "text": "250.00 ", "label": "total_amount", "words": [{"text": "250.00", "bbox": [228, 306, 288, 324]}], "id": 9}]}