{"form": [{"box": [110, 45, 261, 66], "text": "HOME CARE ", "label": "vendor_name", "words": [{"text": "HOME", "bbox": [110, 45, 261, 66]}, {"text": "CARE", "bbox": [110, 45, 261, 66]}], "id": 0}, {"box": [98, 65, 284, 92], "text": "MUKUNDA PRASAD MELAN PADIA ", "label": "vendor_address", "words": [{"text": "MUKUNDA", "bbox": [98, 65, 284, 92]}, {"text": "PRASAD", "bbox": [98, 65, 284, 92]}, {"text": "MELAN", "bbox": [98, 65, 284, 92]}, {"text": "PADIA", "bbox": [98, 65, 284, 92]}], "id": 1}, {"box": [166, 93, 226, 105], "text": "9439454006 ", "label": "vendor_phoneno", "words": [{"text": "9439454006", "bbox": [166, 93, 226, 105]}], "id": 2}, {"box": [124, 111, 229, 124], "text": "21GMAPS2777C1Z6 ", "label": "vendor_gst", "words": [{"text": "21GMAPS2777C1Z6", "bbox": [124, 111, 229, 124]}], "id": 3}, {"box": [89, 129, 193, 140], "text": "CASH ", "label": "customer_name", "words": [{"text": "CASH", "bbox": [89, 129, 193, 140]}], "id": 4}, {"box": [84, 138, 196, 149], "text": "", "label": "customer_phoneno", "words": [], "id": 5}, {"box": [259, 128, 304, 139], "text": "0002067 ", "label": "receipt_number", "words": [{"text": "0002067", "bbox": [259, 128, 304, 139]}], "id": 6}, {"box": [252, 138, 313, 149], "text": "07/05/2022 ", "label": "transaction_date", "words": [{"text": "07/05/2022", "bbox": [252, 138, 313, 149]}], "id": 7}, {"box": [255, 148, 290, 159], "text": "19:34 ", "label": "transaction_time", "words": [{"text": "19:34", "bbox": [255, 148, 290, 159]}], "id": 8}, {"box": [287, 283, 324, 296], "text": "335.00 ", "label": "sub_total_amount", "words": [{"text": "335.00", "bbox": [287, 283, 324, 296]}], "id": 9}, {"box": [282, 311, 325, 327], "text": "335.00 ", "label": "total_amount", "words": [{"text": "335.00", "bbox": [282, 311, 325, 327]}], "id": 10}, {"box": [208, 342, 238, 356], "text": "5.00 ", "label": "savings", "words": [{"text": "5.00", "bbox": [208, 342, 238, 356]}], "id": 11}]}