{"form": [{"box": [92, 143, 278, 166], "text": "MO GROCERY \u2122 ", "label": "vendor_name", "words": [{"text": "MO", "bbox": [92, 143, 278, 166]}, {"text": "GROCERY", "bbox": [92, 143, 278, 166]}, {"text": "\u2122", "bbox": [92, 143, 278, 166]}], "id": 0}, {"box": [150, 181, 258, 197], "text": "21IRBPS4454Q1Z6 ", "label": "vendor_gst", "words": [{"text": "21IRBPS4454Q1Z6", "bbox": [150, 181, 258, 197]}], "id": 1}, {"box": [46, 197, 321, 233], "text": "Plot no - D3 / 20 , Indira Gandhi Housing Colony Lingipur , Bhubaneshwar , Odisha - 751002 ", "label": "vendor_address", "words": [{"text": "Plot", "bbox": [46, 197, 321, 233]}, {"text": "no", "bbox": [46, 197, 321, 233]}, {"text": "-", "bbox": [46, 197, 321, 233]}, {"text": "D3", "bbox": [46, 197, 321, 233]}, {"text": "/", "bbox": [46, 197, 321, 233]}, {"text": "20", "bbox": [46, 197, 321, 233]}, {"text": ",", "bbox": [46, 197, 321, 233]}, {"text": "Indira", "bbox": [46, 197, 321, 233]}, {"text": "Gandhi", "bbox": [46, 197, 321, 233]}, {"text": "Housing", "bbox": [46, 197, 321, 233]}, {"text": "Colony", "bbox": [46, 197, 321, 233]}, {"text": "Lingipur", "bbox": [46, 197, 321, 233]}, {"text": ",", "bbox": [46, 197, 321, 233]}, {"text": "Bhubaneshwar", "bbox": [46, 197, 321, 233]}, {"text": ",", "bbox": [46, 197, 321, 233]}, {"text": "Odisha", "bbox": [46, 197, 321, 233]}, {"text": "-", "bbox": [46, 197, 321, 233]}, {"text": "751002", "bbox": [46, 197, 321, 233]}], "id": 2}, {"box": [72, 240, 151, 255], "text": "0674-2914169 ", "label": "vendor_phoneno", "words": [{"text": "0674-2914169", "bbox": [72, 240, 151, 255]}], "id": 3}, {"box": [162, 239, 232, 256], "text": "9861999321 ", "label": "vendor_phoneno", "words": [{"text": "9861999321", "bbox": [162, 239, 232, 256]}], "id": 4}, {"box": [243, 238, 314, 255], "text": "9881882449 ", "label": "vendor_phoneno", "words": [{"text": "9881882449", "bbox": [243, 238, 314, 255]}], "id": 5}, {"box": [181, 289, 286, 303], "text": "S // 2022-23 / AA1 / K1 / 151 ", "label": "receipt_number", "words": [{"text": "S", "bbox": [181, 289, 286, 303]}, {"text": "//", "bbox": [181, 289, 286, 303]}, {"text": "2022-23", "bbox": [181, 289, 286, 303]}, {"text": "/", "bbox": [181, 289, 286, 303]}, {"text": "AA1", "bbox": [181, 289, 286, 303]}, {"text": "/", "bbox": [181, 289, 286, 303]}, {"text": "K1", "bbox": [181, 289, 286, 303]}, {"text": "/", "bbox": [181, 289, 286, 303]}, {"text": "151", "bbox": [181, 289, 286, 303]}], "id": 6}, {"box": [174, 307, 252, 321], "text": "Wed Apr 06 2022 ", "label": "transaction_date", "words": [{"text": "Wed", "bbox": [174, 307, 252, 321]}, {"text": "Apr", "bbox": [174, 307, 252, 321]}, {"text": "06", "bbox": [174, 307, 252, 321]}, {"text": "2022", "bbox": [174, 307, 252, 321]}], "id": 7}, {"box": [252, 307, 294, 322], "text": "17:42:28 ", "label": "transaction_time", "words": [{"text": "17:42:28", "bbox": [252, 307, 294, 322]}], "id": 8}, {"box": [200, 327, 268, 339], "text": "Swagat Mantry ", "label": "customer_name", "words": [{"text": "Swagat", "bbox": [200, 327, 268, 339]}, {"text": "Mantry", "bbox": [200, 327, 268, 339]}], "id": 9}, {"box": [204, 344, 264, 359], "text": "7205873318 ", "label": "customer_phoneno", "words": [{"text": "7205873318", "bbox": [204, 344, 264, 359]}], "id": 10}, {"box": [256, 441, 281, 456], "text": "120 ", "label": "total_amount", "words": [{"text": "120", "bbox": [256, 441, 281, 456]}], "id": 11}]}