{"form": [{"box": [62, 45, 301, 62], "text": "HANUMAN MEDICINE STORE ", "label": "vendor_name", "words": [{"text": "HANUMAN", "bbox": [62, 45, 301, 62]}, {"text": "MEDICINE", "bbox": [62, 45, 301, 62]}, {"text": "STORE", "bbox": [62, 45, 301, 62]}], "id": 0}, {"box": [58, 62, 305, 86], "text": "AT - RAGHUNATH NAGAR , P.O - DUMUDUMA PLOT NO . - 361 , BHUBANESWAR - 751019 ", "label": "vendor_address", "words": [{"text": "AT", "bbox": [58, 62, 305, 86]}, {"text": "-", "bbox": [58, 62, 305, 86]}, {"text": "RAGHUNATH", "bbox": [58, 62, 305, 86]}, {"text": "NAGAR", "bbox": [58, 62, 305, 86]}, {"text": ",", "bbox": [58, 62, 305, 86]}, {"text": "P.O", "bbox": [58, 62, 305, 86]}, {"text": "-", "bbox": [58, 62, 305, 86]}, {"text": "DUMUDUMA", "bbox": [58, 62, 305, 86]}, {"text": "PLOT", "bbox": [58, 62, 305, 86]}, {"text": "NO", "bbox": [58, 62, 305, 86]}, {"text": ".", "bbox": [58, 62, 305, 86]}, {"text": "-", "bbox": [58, 62, 305, 86]}, {"text": "361", "bbox": [58, 62, 305, 86]}, {"text": ",", "bbox": [58, 62, 305, 86]}, {"text": "BHUBANESWAR", "bbox": [58, 62, 305, 86]}, {"text": "-", "bbox": [58, 62, 305, 86]}, {"text": "751019", "bbox": [58, 62, 305, 86]}], "id": 1}, {"box": [168, 82, 231, 94], "text": "9437130890 ", "label": "vendor_phoneno", "words": [{"text": "9437130890", "bbox": [168, 82, 231, 94]}], "id": 2}, {"box": [149, 103, 244, 115], "text": "21AHOPP9866G12S ", "label": "vendor_gst", "words": [{"text": "21AHOPP9866G12S", "bbox": [149, 103, 244, 115]}], "id": 3}, {"box": [88, 128, 204, 139], "text": "CASH ", "label": "customer_name", "words": [{"text": "CASH", "bbox": [88, 128, 204, 139]}], "id": 4}, {"box": [82, 138, 204, 149], "text": "", "label": "customer_phoneno", "words": [], "id": 5}, {"box": [253, 138, 297, 148], "text": "0006924 ", "label": "receipt_number", "words": [{"text": "0006924", "bbox": [253, 138, 297, 148]}], "id": 6}, {"box": [246, 148, 302, 161], "text": "09/03/2022 ", "label": "transaction_date", "words": [{"text": "09/03/2022", "bbox": [246, 148, 302, 161]}], "id": 7}, {"box": [108, 235, 144, 252], "text": "662.35 ", "label": "sub_total_amount", "words": [{"text": "662.35", "bbox": [108, 235, 144, 252]}], "id": 8}, {"box": [271, 284, 318, 299], "text": "710.00 ", "label": "total_amount", "words": [{"text": "710.00", "bbox": [271, 284, 318, 299]}], "id": 9}, {"box": [282, 252, 316, 269], "text": "45.04 ", "label": "savings", "words": [{"text": "45.04", "bbox": [282, 252, 316, 269]}], "id": 10}]}