{"form": [{"box": [90, 141, 276, 166], "text": "MO GROCERY \u2122 ", "label": "vendor_name", "words": [{"text": "MO", "bbox": [90, 141, 276, 166]}, {"text": "GROCERY", "bbox": [90, 141, 276, 166]}, {"text": "\u2122", "bbox": [90, 141, 276, 166]}], "id": 0}, {"box": [148, 181, 260, 196], "text": "21IRBPS4454Q1Z6 ", "label": "vendor_gst", "words": [{"text": "21IRBPS4454Q1Z6", "bbox": [148, 181, 260, 196]}], "id": 1}, {"box": [47, 200, 312, 234], "text": "Plot no - D3 / 20 , Indira Gandhi Housing Colony Lingipur , Bhubaneshwar , Odisha - 751002 ", "label": "vendor_address", "words": [{"text": "Plot", "bbox": [47, 200, 312, 234]}, {"text": "no", "bbox": [47, 200, 312, 234]}, {"text": "-", "bbox": [47, 200, 312, 234]}, {"text": "D3", "bbox": [47, 200, 312, 234]}, {"text": "/", "bbox": [47, 200, 312, 234]}, {"text": "20", "bbox": [47, 200, 312, 234]}, {"text": ",", "bbox": [47, 200, 312, 234]}, {"text": "Indira", "bbox": [47, 200, 312, 234]}, {"text": "Gandhi", "bbox": [47, 200, 312, 234]}, {"text": "Housing", "bbox": [47, 200, 312, 234]}, {"text": "Colony", "bbox": [47, 200, 312, 234]}, {"text": "Lingipur", "bbox": [47, 200, 312, 234]}, {"text": ",", "bbox": [47, 200, 312, 234]}, {"text": "Bhubaneshwar", "bbox": [47, 200, 312, 234]}, {"text": ",", "bbox": [47, 200, 312, 234]}, {"text": "Odisha", "bbox": [47, 200, 312, 234]}, {"text": "-", "bbox": [47, 200, 312, 234]}, {"text": "751002", "bbox": [47, 200, 312, 234]}], "id": 2}, {"box": [71, 241, 154, 256], "text": "0674-2914169 ", "label": "vendor_phoneno", "words": [{"text": "0674-2914169", "bbox": [71, 241, 154, 256]}], "id": 3}, {"box": [163, 240, 233, 256], "text": "9861999321 ", "label": "vendor_phoneno", "words": [{"text": "9861999321", "bbox": [163, 240, 233, 256]}], "id": 4}, {"box": [243, 240, 315, 258], "text": "9881882449 ", "label": "vendor_phoneno", "words": [{"text": "9881882449", "bbox": [243, 240, 315, 258]}], "id": 5}, {"box": [198, 289, 272, 303], "text": "SVAA1 / K1 / 2990 ", "label": "receipt_number", "words": [{"text": "SVAA1", "bbox": [198, 289, 272, 303]}, {"text": "/", "bbox": [198, 289, 272, 303]}, {"text": "K1", "bbox": [198, 289, 272, 303]}, {"text": "/", "bbox": [198, 289, 272, 303]}, {"text": "2990", "bbox": [198, 289, 272, 303]}], "id": 6}, {"box": [179, 309, 250, 322], "text": "Sat Mar 26 2022 ", "label": "transaction_date", "words": [{"text": "Sat", "bbox": [179, 309, 250, 322]}, {"text": "Mar", "bbox": [179, 309, 250, 322]}, {"text": "26", "bbox": [179, 309, 250, 322]}, {"text": "2022", "bbox": [179, 309, 250, 322]}], "id": 7}, {"box": [252, 308, 291, 321], "text": "12:00:23 ", "label": "transaction_time", "words": [{"text": "12:00:23", "bbox": [252, 308, 291, 321]}], "id": 8}, {"box": [212, 326, 260, 339], "text": "Subhasish ", "label": "customer_name", "words": [{"text": "Subhasish", "bbox": [212, 326, 260, 339]}], "id": 9}, {"box": [206, 347, 264, 358], "text": "9853864445 ", "label": "customer_phoneno", "words": [{"text": "9853864445", "bbox": [206, 347, 264, 358]}], "id": 10}, {"box": [258, 466, 278, 481], "text": "62 ", "label": "total_amount", "words": [{"text": "62", "bbox": [258, 466, 278, 481]}], "id": 11}, {"box": [213, 532, 245, 547], "text": "3.25 ", "label": "savings", "words": [{"text": "3.25", "bbox": [213, 532, 245, 547]}], "id": 12}]}