{"form": [{"box": [86, 59, 272, 84], "text": "MO GROCERY \u2122 ", "label": "vendor_name", "words": [{"text": "MO", "bbox": [86, 59, 272, 84]}, {"text": "GROCERY", "bbox": [86, 59, 272, 84]}, {"text": "\u2122", "bbox": [86, 59, 272, 84]}], "id": 0}, {"box": [149, 108, 261, 123], "text": "21IRBPS4454Q1Z6 ", "label": "vendor_gst", "words": [{"text": "21IRBPS4454Q1Z6", "bbox": [149, 108, 261, 123]}], "id": 1}, {"box": [50, 127, 315, 161], "text": "Plot no - D3 / 20 , Indira Gandhi Housing Colony Lingipur , Bhubaneshwar , Odisha - 751002 ", "label": "vendor_address", "words": [{"text": "Plot", "bbox": [50, 127, 315, 161]}, {"text": "no", "bbox": [50, 127, 315, 161]}, {"text": "-", "bbox": [50, 127, 315, 161]}, {"text": "D3", "bbox": [50, 127, 315, 161]}, {"text": "/", "bbox": [50, 127, 315, 161]}, {"text": "20", "bbox": [50, 127, 315, 161]}, {"text": ",", "bbox": [50, 127, 315, 161]}, {"text": "Indira", "bbox": [50, 127, 315, 161]}, {"text": "Gandhi", "bbox": [50, 127, 315, 161]}, {"text": "Housing", "bbox": [50, 127, 315, 161]}, {"text": "Colony", "bbox": [50, 127, 315, 161]}, {"text": "Lingipur", "bbox": [50, 127, 315, 161]}, {"text": ",", "bbox": [50, 127, 315, 161]}, {"text": "Bhubaneshwar", "bbox": [50, 127, 315, 161]}, {"text": ",", "bbox": [50, 127, 315, 161]}, {"text": "Odisha", "bbox": [50, 127, 315, 161]}, {"text": "-", "bbox": [50, 127, 315, 161]}, {"text": "751002", "bbox": [50, 127, 315, 161]}], "id": 2}, {"box": [71, 168, 154, 183], "text": "0674-2914169 ", "label": "vendor_phoneno", "words": [{"text": "0674-2914169", "bbox": [71, 168, 154, 183]}], "id": 3}, {"box": [162, 167, 232, 183], "text": "9861999321 ", "label": "vendor_phoneno", "words": [{"text": "9861999321", "bbox": [162, 167, 232, 183]}], "id": 4}, {"box": [242, 166, 314, 184], "text": "9881882449 ", "label": "vendor_phoneno", "words": [{"text": "9881882449", "bbox": [242, 166, 314, 184]}], "id": 5}, {"box": [180, 202, 286, 216], "text": "SI / 2022-23 / AA1 / K1 / 515 ", "label": "receipt_number", "words": [{"text": "SI", "bbox": [180, 202, 286, 216]}, {"text": "/", "bbox": [180, 202, 286, 216]}, {"text": "2022-23", "bbox": [180, 202, 286, 216]}, {"text": "/", "bbox": [180, 202, 286, 216]}, {"text": "AA1", "bbox": [180, 202, 286, 216]}, {"text": "/", "bbox": [180, 202, 286, 216]}, {"text": "K1", "bbox": [180, 202, 286, 216]}, {"text": "/", "bbox": [180, 202, 286, 216]}, {"text": "515", "bbox": [180, 202, 286, 216]}], "id": 6}, {"box": [175, 221, 252, 235], "text": "Mon Apr 18 2022 ", "label": "transaction_date", "words": [{"text": "Mon", "bbox": [175, 221, 252, 235]}, {"text": "Apr", "bbox": [175, 221, 252, 235]}, {"text": "18", "bbox": [175, 221, 252, 235]}, {"text": "2022", "bbox": [175, 221, 252, 235]}], "id": 7}, {"box": [252, 221, 291, 235], "text": "20:02:52 ", "label": "transaction_time", "words": [{"text": "20:02:52", "bbox": [252, 221, 291, 235]}], "id": 8}, {"box": [210, 237, 258, 251], "text": "_N_P_Muduli ", "label": "customer_name", "words": [{"text": "_N_P_Muduli", "bbox": [210, 237, 258, 251]}], "id": 9}, {"box": [206, 249, 264, 260], "text": "9438324728 ", "label": "customer_phoneno", "words": [{"text": "9438324728", "bbox": [206, 249, 264, 260]}], "id": 10}, {"box": [256, 418, 284, 429], "text": "374 ", "label": "total_amount", "words": [{"text": "374", "bbox": [256, 418, 284, 429]}], "id": 11}, {"box": [210, 471, 248, 488], "text": "65.95 ", "label": "savings", "words": [{"text": "65.95", "bbox": [210, 471, 248, 488]}], "id": 12}]}