{"form": [{"box": [63, 75, 293, 95], "text": "SRI SATYASAI ENTERPRISE ", "label": "vendor_name", "words": [{"text": "SRI", "bbox": [63, 75, 293, 95]}, {"text": "SATYASAI", "bbox": [63, 75, 293, 95]}, {"text": "ENTERPRISE", "bbox": [63, 75, 293, 95]}], "id": 0}, {"box": [76, 93, 305, 121], "text": "B - 63 , RUPALI SQUARE , SAHEED NAGAR , BHUBANESWAR - 751007 ", "label": "vendor_address", "words": [{"text": "B", "bbox": [76, 93, 305, 121]}, {"text": "-", "bbox": [76, 93, 305, 121]}, {"text": "63", "bbox": [76, 93, 305, 121]}, {"text": ",", "bbox": [76, 93, 305, 121]}, {"text": "RUPALI", "bbox": [76, 93, 305, 121]}, {"text": "SQUARE", "bbox": [76, 93, 305, 121]}, {"text": ",", "bbox": [76, 93, 305, 121]}, {"text": "SAHEED", "bbox": [76, 93, 305, 121]}, {"text": "NAGAR", "bbox": [76, 93, 305, 121]}, {"text": ",", "bbox": [76, 93, 305, 121]}, {"text": "BHUBANESWAR", "bbox": [76, 93, 305, 121]}, {"text": "-", "bbox": [76, 93, 305, 121]}, {"text": "751007", "bbox": [76, 93, 305, 121]}], "id": 1}, {"box": [158, 120, 224, 133], "text": "9437055558 ", "label": "vendor_phoneno", "words": [{"text": "9437055558", "bbox": [158, 120, 224, 133]}], "id": 2}, {"box": [146, 137, 261, 149], "text": "-21AGVPS4577PIZB ", "label": "vendor_gst", "words": [{"text": "-21AGVPS4577PIZB", "bbox": [146, 137, 261, 149]}], "id": 3}, {"box": [222, 195, 313, 211], "text": "ho ", "label": "customer_name", "words": [{"text": "ho", "bbox": [222, 195, 313, 211]}], "id": 4}, {"box": [90, 198, 179, 213], "text": "", "label": "customer_phoneno", "words": [], "id": 5}, {"box": [122, 220, 190, 235], "text": "EATS11320 . ", "label": "receipt_number", "words": [{"text": "EATS11320", "bbox": [122, 220, 190, 235]}, {"text": ".", "bbox": [122, 220, 190, 235]}], "id": 6}, {"box": [251, 221, 316, 235], "text": "12/03/2022 ", "label": "transaction_date", "words": [{"text": "12/03/2022", "bbox": [251, 221, 316, 235]}], "id": 7}, {"box": [247, 238, 293, 252], "text": "12:44 ", "label": "transaction_time", "words": [{"text": "12:44", "bbox": [247, 238, 293, 252]}], "id": 8}, {"box": [287, 545, 327, 559], "text": "885.00 ", "label": "total_amount", "words": [{"text": "885.00", "bbox": [287, 545, 327, 559]}], "id": 9}, {"box": [190, 634, 218, 648], "text": "0.00 ", "label": "savings", "words": [{"text": "0.00", "bbox": [190, 634, 218, 648]}], "id": 10}]}