{"form": [{"box": [119, 45, 247, 68], "text": "HOME CARE ", "label": "vendor_name", "words": [{"text": "HOME", "bbox": [119, 45, 247, 68]}, {"text": "CARE", "bbox": [119, 45, 247, 68]}], "id": 0}, {"box": [113, 66, 248, 93], "text": "MUKUNDA PRASAD MELAN PADIA ", "label": "vendor_address", "words": [{"text": "MUKUNDA", "bbox": [113, 66, 248, 93]}, {"text": "PRASAD", "bbox": [113, 66, 248, 93]}, {"text": "MELAN", "bbox": [113, 66, 248, 93]}, {"text": "PADIA", "bbox": [113, 66, 248, 93]}], "id": 1}, {"box": [166, 91, 227, 105], "text": "9439454006 ", "label": "vendor_phoneno", "words": [{"text": "9439454006", "bbox": [166, 91, 227, 105]}], "id": 2}, {"box": [126, 112, 223, 126], "text": "21GMAPS2777C1Z6 ", "label": "vendor_gst", "words": [{"text": "21GMAPS2777C1Z6", "bbox": [126, 112, 223, 126]}], "id": 3}, {"box": [89, 129, 198, 139], "text": "CASH ", "label": "customer_name", "words": [{"text": "CASH", "bbox": [89, 129, 198, 139]}], "id": 4}, {"box": [82, 138, 203, 149], "text": "", "label": "customer_phoneno", "words": [], "id": 5}, {"box": [260, 129, 304, 138], "text": "0013348 ", "label": "receipt_number", "words": [{"text": "0013348", "bbox": [260, 129, 304, 138]}], "id": 6}, {"box": [253, 138, 310, 150], "text": "23/03/2022 ", "label": "transaction_date", "words": [{"text": "23/03/2022", "bbox": [253, 138, 310, 150]}], "id": 7}, {"box": [255, 149, 288, 159], "text": "20:31 ", "label": "transaction_time", "words": [{"text": "20:31", "bbox": [255, 149, 288, 159]}], "id": 8}, {"box": [287, 269, 325, 280], "text": "118.60 ", "label": "sub_total_amount", "words": [{"text": "118.60", "bbox": [287, 269, 325, 280]}], "id": 9}, {"box": [281, 298, 326, 312], "text": "119.00 ", "label": "total_amount", "words": [{"text": "119.00", "bbox": [281, 298, 326, 312]}], "id": 10}, {"box": [210, 316, 238, 332], "text": "1.40 ", "label": "savings", "words": [{"text": "1.40", "bbox": [210, 316, 238, 332]}], "id": 11}]}