{"form": [{"box": [99, 41, 220, 62], "text": "WHITE SAND ", "label": "vendor_name", "words": [{"text": "WHITE", "bbox": [99, 41, 220, 62]}, {"text": "SAND", "bbox": [99, 41, 220, 62]}], "id": 0}, {"box": [63, 61, 257, 99], "text": "Shiraz Golden Restaurant Madhusudan Nagar , Unit - 4 , Bhubaneswar ", "label": "vendor_address", "words": [{"text": "Shiraz", "bbox": [63, 61, 257, 99]}, {"text": "Golden", "bbox": [63, 61, 257, 99]}, {"text": "Restaurant", "bbox": [63, 61, 257, 99]}, {"text": "Madhusudan", "bbox": [63, 61, 257, 99]}, {"text": "Nagar", "bbox": [63, 61, 257, 99]}, {"text": ",", "bbox": [63, 61, 257, 99]}, {"text": "Unit", "bbox": [63, 61, 257, 99]}, {"text": "-", "bbox": [63, 61, 257, 99]}, {"text": "4", "bbox": [63, 61, 257, 99]}, {"text": ",", "bbox": [63, 61, 257, 99]}, {"text": "Bhubaneswar", "bbox": [63, 61, 257, 99]}], "id": 1}, {"box": [92, 100, 172, 117], "text": "", "label": "vendor_phoneno", "words": [], "id": 2}, {"box": [176, 99, 258, 116], "text": "", "label": "vendor_phoneno", "words": [], "id": 3}, {"box": [121, 117, 257, 131], "text": "21AABFW3989K1ZS ", "label": "vendor_gst", "words": [{"text": "21AABFW3989K1ZS", "bbox": [121, 117, 257, 131]}], "id": 4}, {"box": [81, 139, 254, 154], "text": "", "label": "customer_name", "words": [], "id": 5}, {"box": [73, 169, 136, 182], "text": "21/05/22 ", "label": "transaction_date", "words": [{"text": "21/05/22", "bbox": [73, 169, 136, 182]}], "id": 6}, {"box": [212, 177, 261, 193], "text": "89425 ", "label": "receipt_number", "words": [{"text": "89425", "bbox": [212, 177, 261, 193]}], "id": 7}, {"box": [229, 355, 290, 373], "text": "1447.64 ", "label": "sub_total_amount", "words": [{"text": "1447.64", "bbox": [229, 355, 290, 373]}], "id": 8}, {"box": [218, 418, 293, 432], "text": "1520.00 ", "label": "total_amount", "words": [{"text": "1520.00", "bbox": [218, 418, 293, 432]}], "id": 9}]}