{"form": [{"box": [89, 144, 277, 167], "text": "MO GROCERY \u2122 ", "label": "vendor_name", "words": [{"text": "MO", "bbox": [89, 144, 277, 167]}, {"text": "GROCERY", "bbox": [89, 144, 277, 167]}, {"text": "\u2122", "bbox": [89, 144, 277, 167]}], "id": 0}, {"box": [150, 181, 261, 197], "text": "21IRBPS4454Q1Z6 ", "label": "vendor_gst", "words": [{"text": "21IRBPS4454Q1Z6", "bbox": [150, 181, 261, 197]}], "id": 1}, {"box": [51, 200, 311, 235], "text": "Plot no - D3 / 20 , Indira Gandhi Housing Colony Lingipur , Bhubaneshwar , Odisha - 751002 ", "label": "vendor_address", "words": [{"text": "Plot", "bbox": [51, 200, 311, 235]}, {"text": "no", "bbox": [51, 200, 311, 235]}, {"text": "-", "bbox": [51, 200, 311, 235]}, {"text": "D3", "bbox": [51, 200, 311, 235]}, {"text": "/", "bbox": [51, 200, 311, 235]}, {"text": "20", "bbox": [51, 200, 311, 235]}, {"text": ",", "bbox": [51, 200, 311, 235]}, {"text": "Indira", "bbox": [51, 200, 311, 235]}, {"text": "Gandhi", "bbox": [51, 200, 311, 235]}, {"text": "Housing", "bbox": [51, 200, 311, 235]}, {"text": "Colony", "bbox": [51, 200, 311, 235]}, {"text": "Lingipur", "bbox": [51, 200, 311, 235]}, {"text": ",", "bbox": [51, 200, 311, 235]}, {"text": "Bhubaneshwar", "bbox": [51, 200, 311, 235]}, {"text": ",", "bbox": [51, 200, 311, 235]}, {"text": "Odisha", "bbox": [51, 200, 311, 235]}, {"text": "-", "bbox": [51, 200, 311, 235]}, {"text": "751002", "bbox": [51, 200, 311, 235]}], "id": 2}, {"box": [70, 239, 153, 257], "text": "0674-2914169 ", "label": "vendor_phoneno", "words": [{"text": "0674-2914169", "bbox": [70, 239, 153, 257]}], "id": 3}, {"box": [164, 240, 233, 256], "text": "9861999321 ", "label": "vendor_phoneno", "words": [{"text": "9861999321", "bbox": [164, 240, 233, 256]}], "id": 4}, {"box": [244, 240, 315, 258], "text": "9881882449 ", "label": "vendor_phoneno", "words": [{"text": "9881882449", "bbox": [244, 240, 315, 258]}], "id": 5}, {"box": [199, 288, 273, 303], "text": "SVAA1 / K1 / 3004 ", "label": "receipt_number", "words": [{"text": "SVAA1", "bbox": [199, 288, 273, 303]}, {"text": "/", "bbox": [199, 288, 273, 303]}, {"text": "K1", "bbox": [199, 288, 273, 303]}, {"text": "/", "bbox": [199, 288, 273, 303]}, {"text": "3004", "bbox": [199, 288, 273, 303]}], "id": 6}, {"box": [177, 307, 251, 322], "text": "Sat Mar 26 2022 ", "label": "transaction_date", "words": [{"text": "Sat", "bbox": [177, 307, 251, 322]}, {"text": "Mar", "bbox": [177, 307, 251, 322]}, {"text": "26", "bbox": [177, 307, 251, 322]}, {"text": "2022", "bbox": [177, 307, 251, 322]}], "id": 7}, {"box": [251, 308, 290, 322], "text": "17:47:38 ", "label": "transaction_time", "words": [{"text": "17:47:38", "bbox": [251, 308, 290, 322]}], "id": 8}, {"box": [218, 325, 253, 340], "text": "Joshika ", "label": "customer_name", "words": [{"text": "Joshika", "bbox": [218, 325, 253, 340]}], "id": 9}, {"box": [204, 345, 270, 357], "text": "9116337344 ", "label": "customer_phoneno", "words": [{"text": "9116337344", "bbox": [204, 345, 270, 357]}], "id": 10}, {"box": [257, 508, 281, 523], "text": "160 ", "label": "total_amount", "words": [{"text": "160", "bbox": [257, 508, 281, 523]}], "id": 11}, {"box": [214, 562, 242, 578], "text": "16.9 ", "label": "savings", "words": [{"text": "16.9", "bbox": [214, 562, 242, 578]}], "id": 12}]}