{"form": [{"box": [87, 61, 275, 84], "text": "MO GROCERY \u2122 ", "label": "vendor_name", "words": [{"text": "MO", "bbox": [87, 61, 275, 84]}, {"text": "GROCERY", "bbox": [87, 61, 275, 84]}, {"text": "\u2122", "bbox": [87, 61, 275, 84]}], "id": 0}, {"box": [150, 108, 261, 124], "text": "21IRBPS4454Q1Z6 ", "label": "vendor_gst", "words": [{"text": "21IRBPS4454Q1Z6", "bbox": [150, 108, 261, 124]}], "id": 1}, {"box": [50, 126, 310, 161], "text": "Plot no - D3 / 20 , Indira Gandhi Housing Colony Lingipur , Bhubaneshwar , Odisha - 751002 ", "label": "vendor_address", "words": [{"text": "Plot", "bbox": [50, 126, 310, 161]}, {"text": "no", "bbox": [50, 126, 310, 161]}, {"text": "-", "bbox": [50, 126, 310, 161]}, {"text": "D3", "bbox": [50, 126, 310, 161]}, {"text": "/", "bbox": [50, 126, 310, 161]}, {"text": "20", "bbox": [50, 126, 310, 161]}, {"text": ",", "bbox": [50, 126, 310, 161]}, {"text": "Indira", "bbox": [50, 126, 310, 161]}, {"text": "Gandhi", "bbox": [50, 126, 310, 161]}, {"text": "Housing", "bbox": [50, 126, 310, 161]}, {"text": "Colony", "bbox": [50, 126, 310, 161]}, {"text": "Lingipur", "bbox": [50, 126, 310, 161]}, {"text": ",", "bbox": [50, 126, 310, 161]}, {"text": "Bhubaneshwar", "bbox": [50, 126, 310, 161]}, {"text": ",", "bbox": [50, 126, 310, 161]}, {"text": "Odisha", "bbox": [50, 126, 310, 161]}, {"text": "-", "bbox": [50, 126, 310, 161]}, {"text": "751002", "bbox": [50, 126, 310, 161]}], "id": 2}, {"box": [69, 166, 152, 184], "text": "0674-2914169 ", "label": "vendor_phoneno", "words": [{"text": "0674-2914169", "bbox": [69, 166, 152, 184]}], "id": 3}, {"box": [162, 166, 232, 184], "text": "9861999321 ", "label": "vendor_phoneno", "words": [{"text": "9861999321", "bbox": [162, 166, 232, 184]}], "id": 4}, {"box": [242, 166, 313, 184], "text": "9881882449 ", "label": "vendor_phoneno", "words": [{"text": "9881882449", "bbox": [242, 166, 313, 184]}], "id": 5}, {"box": [183, 204, 288, 215], "text": "51 / 2022-23 / AA1 / K2 / 789 ", "label": "receipt_number", "words": [{"text": "51", "bbox": [183, 204, 288, 215]}, {"text": "/", "bbox": [183, 204, 288, 215]}, {"text": "2022-23", "bbox": [183, 204, 288, 215]}, {"text": "/", "bbox": [183, 204, 288, 215]}, {"text": "AA1", "bbox": [183, 204, 288, 215]}, {"text": "/", "bbox": [183, 204, 288, 215]}, {"text": "K2", "bbox": [183, 204, 288, 215]}, {"text": "/", "bbox": [183, 204, 288, 215]}, {"text": "789", "bbox": [183, 204, 288, 215]}], "id": 6}, {"box": [174, 221, 253, 235], "text": "Wed May 18 2022 ", "label": "transaction_date", "words": [{"text": "Wed", "bbox": [174, 221, 253, 235]}, {"text": "May", "bbox": [174, 221, 253, 235]}, {"text": "18", "bbox": [174, 221, 253, 235]}, {"text": "2022", "bbox": [174, 221, 253, 235]}], "id": 7}, {"box": [254, 221, 293, 235], "text": "09:53:51 ", "label": "transaction_time", "words": [{"text": "09:53:51", "bbox": [254, 221, 293, 235]}], "id": 8}, {"box": [202, 237, 269, 251], "text": "", "label": "customer_name", "words": [], "id": 9}, {"box": [204, 249, 270, 261], "text": "", "label": "customer_phoneno", "words": [], "id": 10}, {"box": [258, 380, 282, 395], "text": "161 ", "label": "total_amount", "words": [{"text": "161", "bbox": [258, 380, 282, 395]}], "id": 11}]}