{"form": [{"box": [100, 41, 223, 61], "text": "WHITE SAND ", "label": "vendor_name", "words": [{"text": "WHITE", "bbox": [100, 41, 223, 61]}, {"text": "SAND", "bbox": [100, 41, 223, 61]}], "id": 0}, {"box": [66, 61, 277, 96], "text": "Shiraz Golden Restaurant Madhusudan Nagar , Unit - 4 , Bhubaneswar ", "label": "vendor_address", "words": [{"text": "Shiraz", "bbox": [66, 61, 277, 96]}, {"text": "Golden", "bbox": [66, 61, 277, 96]}, {"text": "Restaurant", "bbox": [66, 61, 277, 96]}, {"text": "Madhusudan", "bbox": [66, 61, 277, 96]}, {"text": "Nagar", "bbox": [66, 61, 277, 96]}, {"text": ",", "bbox": [66, 61, 277, 96]}, {"text": "Unit", "bbox": [66, 61, 277, 96]}, {"text": "-", "bbox": [66, 61, 277, 96]}, {"text": "4", "bbox": [66, 61, 277, 96]}, {"text": ",", "bbox": [66, 61, 277, 96]}, {"text": "Bhubaneswar", "bbox": [66, 61, 277, 96]}], "id": 1}, {"box": [92, 97, 174, 109], "text": "", "label": "vendor_phoneno", "words": [], "id": 2}, {"box": [176, 96, 260, 108], "text": "", "label": "vendor_phoneno", "words": [], "id": 3}, {"box": [120, 107, 253, 120], "text": "21AABFW3989K1ZS ", "label": "vendor_gst", "words": [{"text": "21AABFW3989K1ZS", "bbox": [120, 107, 253, 120]}], "id": 4}, {"box": [78, 128, 247, 143], "text": "", "label": "customer_name", "words": [], "id": 5}, {"box": [73, 155, 138, 169], "text": "16/05/22 ", "label": "transaction_date", "words": [{"text": "16/05/22", "bbox": [73, 155, 138, 169]}], "id": 6}, {"box": [214, 169, 260, 180], "text": "89183 ", "label": "receipt_number", "words": [{"text": "89183", "bbox": [214, 169, 260, 180]}], "id": 7}, {"box": [239, 322, 289, 337], "text": "714.31 ", "label": "sub_total_amount", "words": [{"text": "714.31", "bbox": [239, 322, 289, 337]}], "id": 8}, {"box": [227, 383, 294, 397], "text": "750.00 ", "label": "total_amount", "words": [{"text": "750.00", "bbox": [227, 383, 294, 397]}], "id": 9}]}