{"form": [{"box": [62, 76, 305, 96], "text": "SRI SATYASAI ENTERPRISE ", "label": "vendor_name", "words": [{"text": "SRI", "bbox": [62, 76, 305, 96]}, {"text": "SATYASAI", "bbox": [62, 76, 305, 96]}, {"text": "ENTERPRISE", "bbox": [62, 76, 305, 96]}], "id": 0}, {"box": [75, 97, 317, 121], "text": "B - 63 , RUPALI SQUARE , SAHEED NAGAR , BHUBANESWAR - 751007 ", "label": "vendor_address", "words": [{"text": "B", "bbox": [75, 97, 317, 121]}, {"text": "-", "bbox": [75, 97, 317, 121]}, {"text": "63", "bbox": [75, 97, 317, 121]}, {"text": ",", "bbox": [75, 97, 317, 121]}, {"text": "RUPALI", "bbox": [75, 97, 317, 121]}, {"text": "SQUARE", "bbox": [75, 97, 317, 121]}, {"text": ",", "bbox": [75, 97, 317, 121]}, {"text": "SAHEED", "bbox": [75, 97, 317, 121]}, {"text": "NAGAR", "bbox": [75, 97, 317, 121]}, {"text": ",", "bbox": [75, 97, 317, 121]}, {"text": "BHUBANESWAR", "bbox": [75, 97, 317, 121]}, {"text": "-", "bbox": [75, 97, 317, 121]}, {"text": "751007", "bbox": [75, 97, 317, 121]}], "id": 1}, {"box": [159, 123, 231, 132], "text": "9437055558 , ", "label": "vendor_phoneno", "words": [{"text": "9437055558", "bbox": [159, 123, 231, 132]}, {"text": ",", "bbox": [159, 123, 231, 132]}], "id": 2}, {"box": [147, 137, 263, 150], "text": "-21AGVPS4577PIZB ", "label": "vendor_gst", "words": [{"text": "-21AGVPS4577PIZB", "bbox": [147, 137, 263, 150]}], "id": 3}, {"box": [221, 195, 317, 209], "text": "user2 ", "label": "customer_name", "words": [{"text": "user2", "bbox": [221, 195, 317, 209]}], "id": 4}, {"box": [89, 197, 180, 210], "text": "", "label": "customer_phoneno", "words": [], "id": 5}, {"box": [118, 220, 192, 233], "text": "EATS11330 . ", "label": "receipt_number", "words": [{"text": "EATS11330", "bbox": [118, 220, 192, 233]}, {"text": ".", "bbox": [118, 220, 192, 233]}], "id": 6}, {"box": [250, 219, 319, 237], "text": "13/03/2022 ", "label": "transaction_date", "words": [{"text": "13/03/2022", "bbox": [250, 219, 319, 237]}], "id": 7}, {"box": [248, 238, 290, 251], "text": "07:40 ", "label": "transaction_time", "words": [{"text": "07:40", "bbox": [248, 238, 290, 251]}], "id": 8}, {"box": [279, 595, 329, 610], "text": "1172.00 ", "label": "total_amount", "words": [{"text": "1172.00", "bbox": [279, 595, 329, 610]}], "id": 9}, {"box": [187, 684, 219, 698], "text": "0.00 ", "label": "savings", "words": [{"text": "0.00", "bbox": [187, 684, 219, 698]}], "id": 10}]}