{"form": [{"box": [88, 55, 296, 87], "text": "MO GROCERY \u2122 ", "label": "vendor_name", "words": [{"text": "MO", "bbox": [88, 55, 296, 87]}, {"text": "GROCERY", "bbox": [88, 55, 296, 87]}, {"text": "\u2122", "bbox": [88, 55, 296, 87]}], "id": 0}, {"box": [149, 106, 270, 125], "text": "21IRBPS4454Q1Z6 ", "label": "vendor_gst", "words": [{"text": "21IRBPS4454Q1Z6", "bbox": [149, 106, 270, 125]}], "id": 1}, {"box": [48, 125, 321, 161], "text": "Plot no - D3 / 20 , Indira Gandhi Housing Colony Lingipur , Bhubaneshwar , Odisha - 751002 ", "label": "vendor_address", "words": [{"text": "Plot", "bbox": [48, 125, 321, 161]}, {"text": "no", "bbox": [48, 125, 321, 161]}, {"text": "-", "bbox": [48, 125, 321, 161]}, {"text": "D3", "bbox": [48, 125, 321, 161]}, {"text": "/", "bbox": [48, 125, 321, 161]}, {"text": "20", "bbox": [48, 125, 321, 161]}, {"text": ",", "bbox": [48, 125, 321, 161]}, {"text": "Indira", "bbox": [48, 125, 321, 161]}, {"text": "Gandhi", "bbox": [48, 125, 321, 161]}, {"text": "Housing", "bbox": [48, 125, 321, 161]}, {"text": "Colony", "bbox": [48, 125, 321, 161]}, {"text": "Lingipur", "bbox": [48, 125, 321, 161]}, {"text": ",", "bbox": [48, 125, 321, 161]}, {"text": "Bhubaneshwar", "bbox": [48, 125, 321, 161]}, {"text": ",", "bbox": [48, 125, 321, 161]}, {"text": "Odisha", "bbox": [48, 125, 321, 161]}, {"text": "-", "bbox": [48, 125, 321, 161]}, {"text": "751002", "bbox": [48, 125, 321, 161]}], "id": 2}, {"box": [71, 165, 154, 184], "text": "0674-2914169 ", "label": "vendor_phoneno", "words": [{"text": "0674-2914169", "bbox": [71, 165, 154, 184]}], "id": 3}, {"box": [162, 164, 235, 186], "text": "9861999321 ", "label": "vendor_phoneno", "words": [{"text": "9861999321", "bbox": [162, 164, 235, 186]}], "id": 4}, {"box": [243, 165, 316, 184], "text": "9881882449 ", "label": "vendor_phoneno", "words": [{"text": "9881882449", "bbox": [243, 165, 316, 184]}], "id": 5}, {"box": [182, 203, 286, 217], "text": "S // 2022-23 / AA1 / K2 / 512 ", "label": "receipt_number", "words": [{"text": "S", "bbox": [182, 203, 286, 217]}, {"text": "//", "bbox": [182, 203, 286, 217]}, {"text": "2022-23", "bbox": [182, 203, 286, 217]}, {"text": "/", "bbox": [182, 203, 286, 217]}, {"text": "AA1", "bbox": [182, 203, 286, 217]}, {"text": "/", "bbox": [182, 203, 286, 217]}, {"text": "K2", "bbox": [182, 203, 286, 217]}, {"text": "/", "bbox": [182, 203, 286, 217]}, {"text": "512", "bbox": [182, 203, 286, 217]}], "id": 6}, {"box": [176, 222, 254, 234], "text": "Mon May 09 2022 ", "label": "transaction_date", "words": [{"text": "Mon", "bbox": [176, 222, 254, 234]}, {"text": "May", "bbox": [176, 222, 254, 234]}, {"text": "09", "bbox": [176, 222, 254, 234]}, {"text": "2022", "bbox": [176, 222, 254, 234]}], "id": 7}, {"box": [254, 220, 291, 237], "text": "21:30:31 ", "label": "transaction_time", "words": [{"text": "21:30:31", "bbox": [254, 220, 291, 237]}], "id": 8}, {"box": [208, 236, 263, 250], "text": "Lalit Patra ", "label": "customer_name", "words": [{"text": "Lalit", "bbox": [208, 236, 263, 250]}, {"text": "Patra", "bbox": [208, 236, 263, 250]}], "id": 9}, {"box": [203, 249, 275, 261], "text": "BI44752109 ", "label": "customer_phoneno", "words": [{"text": "BI44752109", "bbox": [203, 249, 275, 261]}], "id": 10}, {"box": [251, 912, 281, 925], "text": "2388 ", "label": "total_amount", "words": [{"text": "2388", "bbox": [251, 912, 281, 925]}], "id": 11}, {"box": [205, 976, 254, 993], "text": "228.92 ", "label": "savings", "words": [{"text": "228.92", "bbox": [205, 976, 254, 993]}], "id": 12}]}