{"form": [{"box": [101, 40, 233, 60], "text": "WHITE SAND ", "label": "vendor_name", "words": [{"text": "WHITE", "bbox": [101, 40, 233, 60]}, {"text": "SAND", "bbox": [101, 40, 233, 60]}], "id": 0}, {"box": [65, 59, 268, 101], "text": "Shiraz Golden Restaurant Madhusudan Nagar , Unit - 4 , Bhubaneswar ", "label": "vendor_address", "words": [{"text": "Shiraz", "bbox": [65, 59, 268, 101]}, {"text": "Golden", "bbox": [65, 59, 268, 101]}, {"text": "Restaurant", "bbox": [65, 59, 268, 101]}, {"text": "Madhusudan", "bbox": [65, 59, 268, 101]}, {"text": "Nagar", "bbox": [65, 59, 268, 101]}, {"text": ",", "bbox": [65, 59, 268, 101]}, {"text": "Unit", "bbox": [65, 59, 268, 101]}, {"text": "-", "bbox": [65, 59, 268, 101]}, {"text": "4", "bbox": [65, 59, 268, 101]}, {"text": ",", "bbox": [65, 59, 268, 101]}, {"text": "Bhubaneswar", "bbox": [65, 59, 268, 101]}], "id": 1}, {"box": [94, 101, 172, 117], "text": "", "label": "vendor_phoneno", "words": [], "id": 2}, {"box": [175, 98, 262, 116], "text": "", "label": "vendor_phoneno", "words": [], "id": 3}, {"box": [120, 116, 254, 133], "text": "21AABFW3989K1ZS ", "label": "vendor_gst", "words": [{"text": "21AABFW3989K1ZS", "bbox": [120, 116, 254, 133]}], "id": 4}, {"box": [81, 138, 220, 155], "text": "", "label": "customer_name", "words": [], "id": 5}, {"box": [72, 167, 136, 181], "text": "22/05/22 ", "label": "transaction_date", "words": [{"text": "22/05/22", "bbox": [72, 167, 136, 181]}], "id": 6}, {"box": [214, 179, 259, 192], "text": "89480 ", "label": "receipt_number", "words": [{"text": "89480", "bbox": [214, 179, 259, 192]}], "id": 7}, {"box": [236, 331, 295, 348], "text": "766.68 ", "label": "sub_total_amount", "words": [{"text": "766.68", "bbox": [236, 331, 295, 348]}], "id": 8}, {"box": [226, 394, 294, 409], "text": "805.00 ", "label": "total_amount", "words": [{"text": "805.00", "bbox": [226, 394, 294, 409]}], "id": 9}]}