{"form": [{"box": [61, 44, 301, 62], "text": "HANUMAN MEDICINE STORE ", "label": "vendor_name", "words": [{"text": "HANUMAN", "bbox": [61, 44, 301, 62]}, {"text": "MEDICINE", "bbox": [61, 44, 301, 62]}, {"text": "STORE", "bbox": [61, 44, 301, 62]}], "id": 0}, {"box": [66, 62, 324, 82], "text": "AT - RAGHUNATH NAGAR , P.O - DUMUDUMA PLOT NO . - 361 , BHUBANESWAR - 751019 ", "label": "vendor_address", "words": [{"text": "AT", "bbox": [66, 62, 324, 82]}, {"text": "-", "bbox": [66, 62, 324, 82]}, {"text": "RAGHUNATH", "bbox": [66, 62, 324, 82]}, {"text": "NAGAR", "bbox": [66, 62, 324, 82]}, {"text": ",", "bbox": [66, 62, 324, 82]}, {"text": "P.O", "bbox": [66, 62, 324, 82]}, {"text": "-", "bbox": [66, 62, 324, 82]}, {"text": "DUMUDUMA", "bbox": [66, 62, 324, 82]}, {"text": "PLOT", "bbox": [66, 62, 324, 82]}, {"text": "NO", "bbox": [66, 62, 324, 82]}, {"text": ".", "bbox": [66, 62, 324, 82]}, {"text": "-", "bbox": [66, 62, 324, 82]}, {"text": "361", "bbox": [66, 62, 324, 82]}, {"text": ",", "bbox": [66, 62, 324, 82]}, {"text": "BHUBANESWAR", "bbox": [66, 62, 324, 82]}, {"text": "-", "bbox": [66, 62, 324, 82]}, {"text": "751019", "bbox": [66, 62, 324, 82]}], "id": 1}, {"box": [170, 81, 227, 92], "text": "9437130890 ", "label": "vendor_phoneno", "words": [{"text": "9437130890", "bbox": [170, 81, 227, 92]}], "id": 2}, {"box": [151, 102, 245, 114], "text": "21AHOPP9866G12S ", "label": "vendor_gst", "words": [{"text": "21AHOPP9866G12S", "bbox": [151, 102, 245, 114]}], "id": 3}, {"box": [88, 128, 222, 139], "text": "CVP KUSUMALATA DEBI ", "label": "customer_name", "words": [{"text": "CVP", "bbox": [88, 128, 222, 139]}, {"text": "KUSUMALATA", "bbox": [88, 128, 222, 139]}, {"text": "DEBI", "bbox": [88, 128, 222, 139]}], "id": 4}, {"box": [81, 139, 213, 149], "text": "", "label": "customer_phoneno", "words": [], "id": 5}, {"box": [252, 136, 297, 149], "text": "0007217 ", "label": "receipt_number", "words": [{"text": "0007217", "bbox": [252, 136, 297, 149]}], "id": 6}, {"box": [247, 148, 303, 159], "text": "24/03/2022 ", "label": "transaction_date", "words": [{"text": "24/03/2022", "bbox": [247, 148, 303, 159]}], "id": 7}, {"box": [107, 267, 152, 279], "text": "1265.85 ", "label": "sub_total_amount", "words": [{"text": "1265.85", "bbox": [107, 267, 152, 279]}], "id": 8}, {"box": [265, 314, 314, 328], "text": "1347.00 ", "label": "total_amount", "words": [{"text": "1347.00", "bbox": [265, 314, 314, 328]}], "id": 9}, {"box": [280, 281, 317, 300], "text": "70.89 ", "label": "savings", "words": [{"text": "70.89", "bbox": [280, 281, 317, 300]}], "id": 10}]}