{"form": [{"box": [64, 79, 285, 94], "text": "SRI SATYASAI ENTERPRISE ", "label": "vendor_name", "words": [{"text": "SRI", "bbox": [64, 79, 285, 94]}, {"text": "SATYASAI", "bbox": [64, 79, 285, 94]}, {"text": "ENTERPRISE", "bbox": [64, 79, 285, 94]}], "id": 0}, {"box": [75, 95, 291, 120], "text": "B - 63 , RUPALI SQUARE , SAHEED NAGAR , BHUBANESWAR - 751007 ", "label": "vendor_address", "words": [{"text": "B", "bbox": [75, 95, 291, 120]}, {"text": "-", "bbox": [75, 95, 291, 120]}, {"text": "63", "bbox": [75, 95, 291, 120]}, {"text": ",", "bbox": [75, 95, 291, 120]}, {"text": "RUPALI", "bbox": [75, 95, 291, 120]}, {"text": "SQUARE", "bbox": [75, 95, 291, 120]}, {"text": ",", "bbox": [75, 95, 291, 120]}, {"text": "SAHEED", "bbox": [75, 95, 291, 120]}, {"text": "NAGAR", "bbox": [75, 95, 291, 120]}, {"text": ",", "bbox": [75, 95, 291, 120]}, {"text": "BHUBANESWAR", "bbox": [75, 95, 291, 120]}, {"text": "-", "bbox": [75, 95, 291, 120]}, {"text": "751007", "bbox": [75, 95, 291, 120]}], "id": 1}, {"box": [157, 120, 225, 132], "text": "9437055558 ", "label": "vendor_phoneno", "words": [{"text": "9437055558", "bbox": [157, 120, 225, 132]}], "id": 2}, {"box": [147, 137, 258, 149], "text": "-21AGVPS4577PIZB ", "label": "vendor_gst", "words": [{"text": "-21AGVPS4577PIZB", "bbox": [147, 137, 258, 149]}], "id": 3}, {"box": [89, 196, 178, 211], "text": "", "label": "customer_phoneno", "words": [], "id": 4}, {"box": [222, 195, 305, 209], "text": "ho ", "label": "customer_name", "words": [{"text": "ho", "bbox": [222, 195, 305, 209]}], "id": 5}, {"box": [122, 219, 188, 233], "text": "EATS11337 ", "label": "receipt_number", "words": [{"text": "EATS11337", "bbox": [122, 219, 188, 233]}], "id": 6}, {"box": [252, 219, 313, 234], "text": "15/03/2022 ", "label": "transaction_date", "words": [{"text": "15/03/2022", "bbox": [252, 219, 313, 234]}], "id": 7}, {"box": [254, 238, 284, 251], "text": "11:56 ", "label": "transaction_time", "words": [{"text": "11:56", "bbox": [254, 238, 284, 251]}], "id": 8}, {"box": [282, 671, 325, 683], "text": "3632.00 ", "label": "total_amount", "words": [{"text": "3632.00", "bbox": [282, 671, 325, 683]}], "id": 9}, {"box": [191, 761, 216, 772], "text": "0.00 ", "label": "savings", "words": [{"text": "0.00", "bbox": [191, 761, 216, 772]}], "id": 10}]}