{"form": [{"box": [119, 45, 242, 67], "text": "HOME CARE ", "label": "vendor_name", "words": [{"text": "HOME", "bbox": [119, 45, 242, 67]}, {"text": "CARE", "bbox": [119, 45, 242, 67]}], "id": 0}, {"box": [122, 69, 235, 94], "text": "MUKUNDA PRASAD MELAN PADIA ", "label": "vendor_address", "words": [{"text": "MUKUNDA", "bbox": [122, 69, 235, 94]}, {"text": "PRASAD", "bbox": [122, 69, 235, 94]}, {"text": "MELAN", "bbox": [122, 69, 235, 94]}, {"text": "PADIA", "bbox": [122, 69, 235, 94]}], "id": 1}, {"box": [166, 93, 224, 104], "text": "9439454006 ", "label": "vendor_phoneno", "words": [{"text": "9439454006", "bbox": [166, 93, 224, 104]}], "id": 2}, {"box": [126, 112, 223, 126], "text": "21GMAPS2777C1Z6 ", "label": "vendor_gst", "words": [{"text": "21GMAPS2777C1Z6", "bbox": [126, 112, 223, 126]}], "id": 3}, {"box": [89, 129, 183, 138], "text": "CASH ", "label": "customer_name", "words": [{"text": "CASH", "bbox": [89, 129, 183, 138]}], "id": 4}, {"box": [81, 139, 175, 149], "text": "", "label": "customer_phoneno", "words": [], "id": 5}, {"box": [260, 128, 301, 138], "text": "0013440 ", "label": "receipt_number", "words": [{"text": "0013440", "bbox": [260, 128, 301, 138]}], "id": 6}, {"box": [254, 138, 307, 150], "text": "25/03/2022 ", "label": "transaction_date", "words": [{"text": "25/03/2022", "bbox": [254, 138, 307, 150]}], "id": 7}, {"box": [256, 149, 283, 159], "text": "19:34 ", "label": "transaction_time", "words": [{"text": "19:34", "bbox": [256, 149, 283, 159]}], "id": 8}, {"box": [283, 267, 323, 282], "text": "374.00 ", "label": "total_amount", "words": [{"text": "374.00", "bbox": [283, 267, 323, 282]}], "id": 9}, {"box": [287, 238, 323, 251], "text": "374.20 ", "label": "sub_total_amount", "words": [{"text": "374.20", "bbox": [287, 238, 323, 251]}], "id": 10}, {"box": [207, 285, 239, 300], "text": "10.80 ", "label": "savings", "words": [{"text": "10.80", "bbox": [207, 285, 239, 300]}], "id": 11}]}