{"form": [{"box": [93, 59, 266, 85], "text": "MO GROCERY \u2122 ", "label": "vendor_name", "words": [{"text": "MO", "bbox": [93, 59, 266, 85]}, {"text": "GROCERY", "bbox": [93, 59, 266, 85]}, {"text": "\u2122", "bbox": [93, 59, 266, 85]}], "id": 0}, {"box": [148, 108, 256, 124], "text": "21IRBPS4454Q1Z6 ", "label": "vendor_gst", "words": [{"text": "21IRBPS4454Q1Z6", "bbox": [148, 108, 256, 124]}], "id": 1}, {"box": [50, 126, 308, 162], "text": "Plot no - D3 / 20 , Indira Gandhi Housing Colony Lingipur , Bhubaneshwar , Odisha - 751002 ", "label": "vendor_address", "words": [{"text": "Plot", "bbox": [50, 126, 308, 162]}, {"text": "no", "bbox": [50, 126, 308, 162]}, {"text": "-", "bbox": [50, 126, 308, 162]}, {"text": "D3", "bbox": [50, 126, 308, 162]}, {"text": "/", "bbox": [50, 126, 308, 162]}, {"text": "20", "bbox": [50, 126, 308, 162]}, {"text": ",", "bbox": [50, 126, 308, 162]}, {"text": "Indira", "bbox": [50, 126, 308, 162]}, {"text": "Gandhi", "bbox": [50, 126, 308, 162]}, {"text": "Housing", "bbox": [50, 126, 308, 162]}, {"text": "Colony", "bbox": [50, 126, 308, 162]}, {"text": "Lingipur", "bbox": [50, 126, 308, 162]}, {"text": ",", "bbox": [50, 126, 308, 162]}, {"text": "Bhubaneshwar", "bbox": [50, 126, 308, 162]}, {"text": ",", "bbox": [50, 126, 308, 162]}, {"text": "Odisha", "bbox": [50, 126, 308, 162]}, {"text": "-", "bbox": [50, 126, 308, 162]}, {"text": "751002", "bbox": [50, 126, 308, 162]}], "id": 2}, {"box": [69, 166, 152, 182], "text": "0674-2914169 ", "label": "vendor_phoneno", "words": [{"text": "0674-2914169", "bbox": [69, 166, 152, 182]}], "id": 3}, {"box": [160, 165, 235, 183], "text": "9861999321 ", "label": "vendor_phoneno", "words": [{"text": "9861999321", "bbox": [160, 165, 235, 183]}], "id": 4}, {"box": [242, 165, 314, 181], "text": "9881882449 ", "label": "vendor_phoneno", "words": [{"text": "9881882449", "bbox": [242, 165, 314, 181]}], "id": 5}, {"box": [184, 204, 286, 216], "text": "S // 2022-23 / AA1 / K2 / 532 ", "label": "receipt_number", "words": [{"text": "S", "bbox": [184, 204, 286, 216]}, {"text": "//", "bbox": [184, 204, 286, 216]}, {"text": "2022-23", "bbox": [184, 204, 286, 216]}, {"text": "/", "bbox": [184, 204, 286, 216]}, {"text": "AA1", "bbox": [184, 204, 286, 216]}, {"text": "/", "bbox": [184, 204, 286, 216]}, {"text": "K2", "bbox": [184, 204, 286, 216]}, {"text": "/", "bbox": [184, 204, 286, 216]}, {"text": "532", "bbox": [184, 204, 286, 216]}], "id": 6}, {"box": [178, 220, 253, 235], "text": "Tue May 10 2022 ", "label": "transaction_date", "words": [{"text": "Tue", "bbox": [178, 220, 253, 235]}, {"text": "May", "bbox": [178, 220, 253, 235]}, {"text": "10", "bbox": [178, 220, 253, 235]}, {"text": "2022", "bbox": [178, 220, 253, 235]}], "id": 7}, {"box": [252, 220, 290, 237], "text": "18:09:28 ", "label": "transaction_time", "words": [{"text": "18:09:28", "bbox": [252, 220, 290, 237]}], "id": 8}, {"box": [200, 240, 268, 255], "text": "Sasmita Nayak ", "label": "customer_name", "words": [{"text": "Sasmita", "bbox": [200, 240, 268, 255]}, {"text": "Nayak", "bbox": [200, 240, 268, 255]}], "id": 9}, {"box": [205, 258, 265, 272], "text": "6371551012 ", "label": "customer_phoneno", "words": [{"text": "6371551012", "bbox": [205, 258, 265, 272]}], "id": 10}, {"box": [260, 407, 285, 425], "text": "114 ", "label": "total_amount", "words": [{"text": "114", "bbox": [260, 407, 285, 425]}], "id": 11}, {"box": [216, 463, 240, 482], "text": "72 ", "label": "savings", "words": [{"text": "72", "bbox": [216, 463, 240, 482]}], "id": 12}]}