{"form": [{"box": [122, 46, 243, 67], "text": "HOME CARE ", "label": "vendor_name", "words": [{"text": "HOME", "bbox": [122, 46, 243, 67]}, {"text": "CARE", "bbox": [122, 46, 243, 67]}], "id": 0}, {"box": [123, 69, 237, 94], "text": "MUKUNDA PRASAD MELAN PADIA ", "label": "vendor_address", "words": [{"text": "MUKUNDA", "bbox": [123, 69, 237, 94]}, {"text": "PRASAD", "bbox": [123, 69, 237, 94]}, {"text": "MELAN", "bbox": [123, 69, 237, 94]}, {"text": "PADIA", "bbox": [123, 69, 237, 94]}], "id": 1}, {"box": [164, 93, 224, 104], "text": "9439454006 ", "label": "vendor_phoneno", "words": [{"text": "9439454006", "bbox": [164, 93, 224, 104]}], "id": 2}, {"box": [127, 113, 222, 126], "text": "21GMAPS2777C1Z6 ", "label": "vendor_gst", "words": [{"text": "21GMAPS2777C1Z6", "bbox": [127, 113, 222, 126]}], "id": 3}, {"box": [89, 128, 180, 139], "text": "CASH ", "label": "customer_name", "words": [{"text": "CASH", "bbox": [89, 128, 180, 139]}], "id": 4}, {"box": [81, 140, 173, 150], "text": "", "label": "customer_phoneno", "words": [], "id": 5}, {"box": [260, 126, 303, 139], "text": "0002992 ", "label": "receipt_number", "words": [{"text": "0002992", "bbox": [260, 126, 303, 139]}], "id": 6}, {"box": [253, 138, 308, 150], "text": "22/05/2022 ", "label": "transaction_date", "words": [{"text": "22/05/2022", "bbox": [253, 138, 308, 150]}], "id": 7}, {"box": [256, 149, 285, 160], "text": "17:41 ", "label": "transaction_time", "words": [{"text": "17:41", "bbox": [256, 149, 285, 160]}], "id": 8}, {"box": [293, 253, 323, 266], "text": "35.00 ", "label": "sub_total_amount", "words": [{"text": "35.00", "bbox": [293, 253, 323, 266]}], "id": 9}, {"box": [288, 282, 321, 297], "text": "35.00 ", "label": "total_amount", "words": [{"text": "35.00", "bbox": [288, 282, 321, 297]}], "id": 10}, {"box": [208, 300, 237, 315], "text": "0.00 ", "label": "savings", "words": [{"text": "0.00", "bbox": [208, 300, 237, 315]}], "id": 11}]}