{"form": [{"box": [94, 58, 264, 85], "text": "MO GROCERY \u2122 ", "label": "vendor_name", "words": [{"text": "MO", "bbox": [94, 58, 264, 85]}, {"text": "GROCERY", "bbox": [94, 58, 264, 85]}, {"text": "\u2122", "bbox": [94, 58, 264, 85]}], "id": 0}, {"box": [149, 108, 257, 123], "text": "21IRBPS4454Q1Z6 ", "label": "vendor_gst", "words": [{"text": "21IRBPS4454Q1Z6", "bbox": [149, 108, 257, 123]}], "id": 1}, {"box": [50, 126, 308, 162], "text": "Plot no - D3 / 20 , Indira Gandhi Housing Colony Lingipur , Bhubaneshwar , Odisha - 751002 ", "label": "vendor_address", "words": [{"text": "Plot", "bbox": [50, 126, 308, 162]}, {"text": "no", "bbox": [50, 126, 308, 162]}, {"text": "-", "bbox": [50, 126, 308, 162]}, {"text": "D3", "bbox": [50, 126, 308, 162]}, {"text": "/", "bbox": [50, 126, 308, 162]}, {"text": "20", "bbox": [50, 126, 308, 162]}, {"text": ",", "bbox": [50, 126, 308, 162]}, {"text": "Indira", "bbox": [50, 126, 308, 162]}, {"text": "Gandhi", "bbox": [50, 126, 308, 162]}, {"text": "Housing", "bbox": [50, 126, 308, 162]}, {"text": "Colony", "bbox": [50, 126, 308, 162]}, {"text": "Lingipur", "bbox": [50, 126, 308, 162]}, {"text": ",", "bbox": [50, 126, 308, 162]}, {"text": "Bhubaneshwar", "bbox": [50, 126, 308, 162]}, {"text": ",", "bbox": [50, 126, 308, 162]}, {"text": "Odisha", "bbox": [50, 126, 308, 162]}, {"text": "-", "bbox": [50, 126, 308, 162]}, {"text": "751002", "bbox": [50, 126, 308, 162]}], "id": 2}, {"box": [70, 167, 153, 181], "text": "0674-2914169 ", "label": "vendor_phoneno", "words": [{"text": "0674-2914169", "bbox": [70, 167, 153, 181]}], "id": 3}, {"box": [162, 167, 233, 183], "text": "9861999321 ", "label": "vendor_phoneno", "words": [{"text": "9861999321", "bbox": [162, 167, 233, 183]}], "id": 4}, {"box": [242, 167, 313, 181], "text": "9881882449 ", "label": "vendor_phoneno", "words": [{"text": "9881882449", "bbox": [242, 167, 313, 181]}], "id": 5}, {"box": [200, 204, 269, 215], "text": "SVAA1 / K1 / 2543 ", "label": "receipt_number", "words": [{"text": "SVAA1", "bbox": [200, 204, 269, 215]}, {"text": "/", "bbox": [200, 204, 269, 215]}, {"text": "K1", "bbox": [200, 204, 269, 215]}, {"text": "/", "bbox": [200, 204, 269, 215]}, {"text": "2543", "bbox": [200, 204, 269, 215]}], "id": 6}, {"box": [179, 221, 253, 235], "text": "Tue Mar 08 2022 ", "label": "transaction_date", "words": [{"text": "Tue", "bbox": [179, 221, 253, 235]}, {"text": "Mar", "bbox": [179, 221, 253, 235]}, {"text": "08", "bbox": [179, 221, 253, 235]}, {"text": "2022", "bbox": [179, 221, 253, 235]}], "id": 7}, {"box": [252, 221, 291, 236], "text": "21:19:10 ", "label": "transaction_time", "words": [{"text": "21:19:10", "bbox": [252, 221, 291, 236]}], "id": 8}, {"box": [219, 242, 252, 251], "text": "Asis Sir ", "label": "customer_name", "words": [{"text": "Asis", "bbox": [219, 242, 252, 251]}, {"text": "Sir", "bbox": [219, 242, 252, 251]}], "id": 9}, {"box": [207, 249, 263, 258], "text": "9881882449 ", "label": "customer_phoneno", "words": [{"text": "9881882449", "bbox": [207, 249, 263, 258]}], "id": 10}, {"box": [253, 410, 274, 423], "text": "176 ", "label": "total_amount", "words": [{"text": "176", "bbox": [253, 410, 274, 423]}], "id": 11}, {"box": [209, 464, 246, 479], "text": "14.78 ", "label": "savings", "words": [{"text": "14.78", "bbox": [209, 464, 246, 479]}], "id": 12}]}