{"form": [{"box": [64, 78, 283, 96], "text": "SRI SATYASAI ENTERPRISE ", "label": "vendor_name", "words": [{"text": "SRI", "bbox": [64, 78, 283, 96]}, {"text": "SATYASAI", "bbox": [64, 78, 283, 96]}, {"text": "ENTERPRISE", "bbox": [64, 78, 283, 96]}], "id": 0}, {"box": [75, 97, 292, 121], "text": "B - 63 , RUPALI SQUARE , SAHEED NAGAR , BHUBANESWAR - 751007 ", "label": "vendor_address", "words": [{"text": "B", "bbox": [75, 97, 292, 121]}, {"text": "-", "bbox": [75, 97, 292, 121]}, {"text": "63", "bbox": [75, 97, 292, 121]}, {"text": ",", "bbox": [75, 97, 292, 121]}, {"text": "RUPALI", "bbox": [75, 97, 292, 121]}, {"text": "SQUARE", "bbox": [75, 97, 292, 121]}, {"text": ",", "bbox": [75, 97, 292, 121]}, {"text": "SAHEED", "bbox": [75, 97, 292, 121]}, {"text": "NAGAR", "bbox": [75, 97, 292, 121]}, {"text": ",", "bbox": [75, 97, 292, 121]}, {"text": "BHUBANESWAR", "bbox": [75, 97, 292, 121]}, {"text": "-", "bbox": [75, 97, 292, 121]}, {"text": "751007", "bbox": [75, 97, 292, 121]}], "id": 1}, {"box": [158, 120, 224, 133], "text": "9437055558 ", "label": "vendor_phoneno", "words": [{"text": "9437055558", "bbox": [158, 120, 224, 133]}], "id": 2}, {"box": [146, 137, 259, 150], "text": "-21AGVPS4577PIZB ", "label": "vendor_gst", "words": [{"text": "-21AGVPS4577PIZB", "bbox": [146, 137, 259, 150]}], "id": 3}, {"box": [89, 196, 177, 211], "text": "", "label": "customer_phoneno", "words": [], "id": 4}, {"box": [220, 195, 316, 211], "text": "ho ", "label": "customer_name", "words": [{"text": "ho", "bbox": [220, 195, 316, 211]}], "id": 5}, {"box": [121, 220, 189, 233], "text": "EATS11379 ", "label": "receipt_number", "words": [{"text": "EATS11379", "bbox": [121, 220, 189, 233]}], "id": 6}, {"box": [252, 220, 314, 234], "text": "25/03/2022 ", "label": "transaction_date", "words": [{"text": "25/03/2022", "bbox": [252, 220, 314, 234]}], "id": 7}, {"box": [252, 238, 284, 252], "text": "02:11 ", "label": "transaction_time", "words": [{"text": "02:11", "bbox": [252, 238, 284, 252]}], "id": 8}, {"box": [288, 392, 324, 405], "text": "400.00 ", "label": "total_amount", "words": [{"text": "400.00", "bbox": [288, 392, 324, 405]}], "id": 9}, {"box": [190, 480, 216, 495], "text": "0.00 ", "label": "savings", "words": [{"text": "0.00", "bbox": [190, 480, 216, 495]}], "id": 10}]}