{"form": [{"box": [120, 45, 243, 67], "text": "HOME CARE ", "label": "vendor_name", "words": [{"text": "HOME", "bbox": [120, 45, 243, 67]}, {"text": "CARE", "bbox": [120, 45, 243, 67]}], "id": 0}, {"box": [123, 69, 237, 94], "text": "MUKUNDA PRASAD MELAN PADIA ", "label": "vendor_address", "words": [{"text": "MUKUNDA", "bbox": [123, 69, 237, 94]}, {"text": "PRASAD", "bbox": [123, 69, 237, 94]}, {"text": "MELAN", "bbox": [123, 69, 237, 94]}, {"text": "PADIA", "bbox": [123, 69, 237, 94]}], "id": 1}, {"box": [166, 93, 223, 104], "text": "9439454006 ", "label": "vendor_phoneno", "words": [{"text": "9439454006", "bbox": [166, 93, 223, 104]}], "id": 2}, {"box": [128, 112, 223, 125], "text": "21GMAPS2777C1Z6 ", "label": "vendor_gst", "words": [{"text": "21GMAPS2777C1Z6", "bbox": [128, 112, 223, 125]}], "id": 3}, {"box": [88, 127, 173, 139], "text": "CASH ", "label": "customer_name", "words": [{"text": "CASH", "bbox": [88, 127, 173, 139]}], "id": 4}, {"box": [80, 140, 170, 149], "text": "", "label": "customer_phoneno", "words": [], "id": 5}, {"box": [260, 127, 301, 139], "text": "0000209 ", "label": "receipt_number", "words": [{"text": "0000209", "bbox": [260, 127, 301, 139]}], "id": 6}, {"box": [254, 138, 307, 149], "text": "04/04/2022 ", "label": "transaction_date", "words": [{"text": "04/04/2022", "bbox": [254, 138, 307, 149]}], "id": 7}, {"box": [257, 148, 284, 159], "text": "17:35 ", "label": "transaction_time", "words": [{"text": "17:35", "bbox": [257, 148, 284, 159]}], "id": 8}, {"box": [283, 445, 323, 460], "text": "295.00 ", "label": "total_amount", "words": [{"text": "295.00", "bbox": [283, 445, 323, 460]}], "id": 9}, {"box": [289, 417, 322, 428], "text": "295.48 ", "label": "sub_total_amount", "words": [{"text": "295.48", "bbox": [289, 417, 322, 428]}], "id": 10}, {"box": [209, 475, 236, 490], "text": "7.77 ", "label": "savings", "words": [{"text": "7.77", "bbox": [209, 475, 236, 490]}], "id": 11}]}