{"form": [{"box": [102, 46, 217, 61], "text": "WHITE SAND ", "label": "vendor_name", "words": [{"text": "WHITE", "bbox": [102, 46, 217, 61]}, {"text": "SAND", "bbox": [102, 46, 217, 61]}], "id": 0}, {"box": [72, 61, 247, 100], "text": "Shiraz Golden Restaurant Madhusudan Nagar , Unit - 4 , Bhubaneswar ", "label": "vendor_address", "words": [{"text": "Shiraz", "bbox": [72, 61, 247, 100]}, {"text": "Golden", "bbox": [72, 61, 247, 100]}, {"text": "Restaurant", "bbox": [72, 61, 247, 100]}, {"text": "Madhusudan", "bbox": [72, 61, 247, 100]}, {"text": "Nagar", "bbox": [72, 61, 247, 100]}, {"text": ",", "bbox": [72, 61, 247, 100]}, {"text": "Unit", "bbox": [72, 61, 247, 100]}, {"text": "-", "bbox": [72, 61, 247, 100]}, {"text": "4", "bbox": [72, 61, 247, 100]}, {"text": ",", "bbox": [72, 61, 247, 100]}, {"text": "Bhubaneswar", "bbox": [72, 61, 247, 100]}], "id": 1}, {"box": [92, 101, 172, 115], "text": "", "label": "vendor_phoneno", "words": [], "id": 2}, {"box": [175, 101, 255, 116], "text": "", "label": "vendor_phoneno", "words": [], "id": 3}, {"box": [120, 118, 249, 132], "text": "21AABFW3989K1ZS ", "label": "vendor_gst", "words": [{"text": "21AABFW3989K1ZS", "bbox": [120, 118, 249, 132]}], "id": 4}, {"box": [77, 139, 212, 154], "text": "", "label": "customer_name", "words": [], "id": 5}, {"box": [72, 167, 132, 182], "text": "21/05/22 ", "label": "transaction_date", "words": [{"text": "21/05/22", "bbox": [72, 167, 132, 182]}], "id": 6}, {"box": [212, 179, 258, 193], "text": "89443 ", "label": "receipt_number", "words": [{"text": "89443", "bbox": [212, 179, 258, 193]}], "id": 7}, {"box": [229, 382, 284, 397], "text": "865.00 ", "label": "total_amount", "words": [{"text": "865.00", "bbox": [229, 382, 284, 397]}], "id": 8}]}