{"form": [{"box": [120, 45, 243, 67], "text": "HOME CARE ", "label": "vendor_name", "words": [{"text": "HOME", "bbox": [120, 45, 243, 67]}, {"text": "CARE", "bbox": [120, 45, 243, 67]}], "id": 0}, {"box": [125, 70, 236, 93], "text": "MUKUNDA PRASAD MELAN PADIA ", "label": "vendor_address", "words": [{"text": "MUKUNDA", "bbox": [125, 70, 236, 93]}, {"text": "PRASAD", "bbox": [125, 70, 236, 93]}, {"text": "MELAN", "bbox": [125, 70, 236, 93]}, {"text": "PADIA", "bbox": [125, 70, 236, 93]}], "id": 1}, {"box": [165, 93, 224, 104], "text": "9439454006 ", "label": "vendor_phoneno", "words": [{"text": "9439454006", "bbox": [165, 93, 224, 104]}], "id": 2}, {"box": [127, 113, 222, 126], "text": "21GMAPS2777C1Z6 ", "label": "vendor_gst", "words": [{"text": "21GMAPS2777C1Z6", "bbox": [127, 113, 222, 126]}], "id": 3}, {"box": [89, 127, 173, 138], "text": "CASH ", "label": "customer_name", "words": [{"text": "CASH", "bbox": [89, 127, 173, 138]}], "id": 4}, {"box": [81, 140, 171, 150], "text": "", "label": "customer_phoneno", "words": [], "id": 5}, {"box": [259, 128, 303, 139], "text": "0001057 ", "label": "receipt_number", "words": [{"text": "0001057", "bbox": [259, 128, 303, 139]}], "id": 6}, {"box": [255, 138, 306, 149], "text": "19/04/2022 ", "label": "transaction_date", "words": [{"text": "19/04/2022", "bbox": [255, 138, 306, 149]}], "id": 7}, {"box": [257, 148, 283, 160], "text": "21:05 ", "label": "transaction_time", "words": [{"text": "21:05", "bbox": [257, 148, 283, 160]}], "id": 8}, {"box": [283, 239, 322, 252], "text": "212.00 ", "label": "total_amount", "words": [{"text": "212.00", "bbox": [283, 239, 322, 252]}], "id": 9}, {"box": [289, 208, 323, 221], "text": "211.85 ", "label": "sub_total_amount", "words": [{"text": "211.85", "bbox": [289, 208, 323, 221]}], "id": 10}, {"box": [207, 255, 239, 270], "text": "11.15 ", "label": "savings", "words": [{"text": "11.15", "bbox": [207, 255, 239, 270]}], "id": 11}]}