{"form": [{"box": [92, 60, 265, 83], "text": "MO GROCERY \u2122 ", "label": "vendor_name", "words": [{"text": "MO", "bbox": [92, 60, 265, 83]}, {"text": "GROCERY", "bbox": [92, 60, 265, 83]}, {"text": "\u2122", "bbox": [92, 60, 265, 83]}], "id": 0}, {"box": [149, 109, 257, 123], "text": "21IRBPS4454Q1Z6 ", "label": "vendor_gst", "words": [{"text": "21IRBPS4454Q1Z6", "bbox": [149, 109, 257, 123]}], "id": 1}, {"box": [49, 126, 308, 161], "text": "Plot no - D3 / 20 , Indira Gandhi Housing Colony Lingipur , Bhubaneshwar , Odisha - 751002 ", "label": "vendor_address", "words": [{"text": "Plot", "bbox": [49, 126, 308, 161]}, {"text": "no", "bbox": [49, 126, 308, 161]}, {"text": "-", "bbox": [49, 126, 308, 161]}, {"text": "D3", "bbox": [49, 126, 308, 161]}, {"text": "/", "bbox": [49, 126, 308, 161]}, {"text": "20", "bbox": [49, 126, 308, 161]}, {"text": ",", "bbox": [49, 126, 308, 161]}, {"text": "Indira", "bbox": [49, 126, 308, 161]}, {"text": "Gandhi", "bbox": [49, 126, 308, 161]}, {"text": "Housing", "bbox": [49, 126, 308, 161]}, {"text": "Colony", "bbox": [49, 126, 308, 161]}, {"text": "Lingipur", "bbox": [49, 126, 308, 161]}, {"text": ",", "bbox": [49, 126, 308, 161]}, {"text": "Bhubaneshwar", "bbox": [49, 126, 308, 161]}, {"text": ",", "bbox": [49, 126, 308, 161]}, {"text": "Odisha", "bbox": [49, 126, 308, 161]}, {"text": "-", "bbox": [49, 126, 308, 161]}, {"text": "751002", "bbox": [49, 126, 308, 161]}], "id": 2}, {"box": [69, 166, 153, 183], "text": "0674-2914169 ", "label": "vendor_phoneno", "words": [{"text": "0674-2914169", "bbox": [69, 166, 153, 183]}], "id": 3}, {"box": [162, 167, 231, 183], "text": "9861999321 ", "label": "vendor_phoneno", "words": [{"text": "9861999321", "bbox": [162, 167, 231, 183]}], "id": 4}, {"box": [242, 164, 313, 182], "text": "9881882449 ", "label": "vendor_phoneno", "words": [{"text": "9881882449", "bbox": [242, 164, 313, 182]}], "id": 5}, {"box": [200, 203, 269, 216], "text": "SI / AA1 / K1 / 2771 ", "label": "receipt_number", "words": [{"text": "SI", "bbox": [200, 203, 269, 216]}, {"text": "/", "bbox": [200, 203, 269, 216]}, {"text": "AA1", "bbox": [200, 203, 269, 216]}, {"text": "/", "bbox": [200, 203, 269, 216]}, {"text": "K1", "bbox": [200, 203, 269, 216]}, {"text": "/", "bbox": [200, 203, 269, 216]}, {"text": "2771", "bbox": [200, 203, 269, 216]}], "id": 6}, {"box": [178, 222, 253, 235], "text": "Thu Mar 17 2022 ", "label": "transaction_date", "words": [{"text": "Thu", "bbox": [178, 222, 253, 235]}, {"text": "Mar", "bbox": [178, 222, 253, 235]}, {"text": "17", "bbox": [178, 222, 253, 235]}, {"text": "2022", "bbox": [178, 222, 253, 235]}], "id": 7}, {"box": [251, 222, 291, 235], "text": "19:21:08 ", "label": "transaction_time", "words": [{"text": "19:21:08", "bbox": [251, 222, 291, 235]}], "id": 8}, {"box": [216, 241, 254, 251], "text": "S Kumar ", "label": "customer_name", "words": [{"text": "S", "bbox": [216, 241, 254, 251]}, {"text": "Kumar", "bbox": [216, 241, 254, 251]}], "id": 9}, {"box": [206, 248, 264, 259], "text": "B114927677 ", "label": "customer_phoneno", "words": [{"text": "B114927677", "bbox": [206, 248, 264, 259]}], "id": 10}, {"box": [256, 395, 281, 412], "text": "223 ", "label": "total_amount", "words": [{"text": "223", "bbox": [256, 395, 281, 412]}], "id": 11}, {"box": [211, 451, 244, 469], "text": "20.4 ", "label": "savings", "words": [{"text": "20.4", "bbox": [211, 451, 244, 469]}], "id": 12}]}