{"form": [{"box": [92, 60, 265, 83], "text": "MO GROCERY \u2122 ", "label": "vendor_name", "words": [{"text": "MO", "bbox": [92, 60, 265, 83]}, {"text": "GROCERY", "bbox": [92, 60, 265, 83]}, {"text": "\u2122", "bbox": [92, 60, 265, 83]}], "id": 0}, {"box": [149, 109, 257, 123], "text": "21IRBPS4454Q1Z6 ", "label": "vendor_gst", "words": [{"text": "21IRBPS4454Q1Z6", "bbox": [149, 109, 257, 123]}], "id": 1}, {"box": [49, 126, 308, 161], "text": "Plot no - D3 / 20 , Indira Gandhi Housing Colony Lingipur , Bhubaneshwar , Odisha - 751002 ", "label": "vendor_address", "words": [{"text": "Plot", "bbox": [49, 126, 308, 161]}, {"text": "no", "bbox": [49, 126, 308, 161]}, {"text": "-", "bbox": [49, 126, 308, 161]}, {"text": "D3", "bbox": [49, 126, 308, 161]}, {"text": "/", "bbox": [49, 126, 308, 161]}, {"text": "20", "bbox": [49, 126, 308, 161]}, {"text": ",", "bbox": [49, 126, 308, 161]}, {"text": "Indira", "bbox": [49, 126, 308, 161]}, {"text": "Gandhi", "bbox": [49, 126, 308, 161]}, {"text": "Housing", "bbox": [49, 126, 308, 161]}, {"text": "Colony", "bbox": [49, 126, 308, 161]}, {"text": "Lingipur", "bbox": [49, 126, 308, 161]}, {"text": ",", "bbox": [49, 126, 308, 161]}, {"text": "Bhubaneshwar", "bbox": [49, 126, 308, 161]}, {"text": ",", "bbox": [49, 126, 308, 161]}, {"text": "Odisha", "bbox": [49, 126, 308, 161]}, {"text": "-", "bbox": [49, 126, 308, 161]}, {"text": "751002", "bbox": [49, 126, 308, 161]}], "id": 2}, {"box": [69, 166, 153, 183], "text": "0674-2914169 ", "label": "vendor_phoneno", "words": [{"text": "0674-2914169", "bbox": [69, 166, 153, 183]}], "id": 3}, {"box": [162, 167, 231, 183], "text": "9861999321 ", "label": "vendor_phoneno", "words": [{"text": "9861999321", "bbox": [162, 167, 231, 183]}], "id": 4}, {"box": [242, 164, 313, 182], "text": "9881882449 ", "label": "vendor_phoneno", "words": [{"text": "9881882449", "bbox": [242, 164, 313, 182]}], "id": 5}, {"box": [200, 203, 269, 216], "text": "SVAA1 / K1 / 2543 ", "label": "receipt_number", "words": [{"text": "SVAA1", "bbox": [200, 203, 269, 216]}, {"text": "/", "bbox": [200, 203, 269, 216]}, {"text": "K1", "bbox": [200, 203, 269, 216]}, {"text": "/", "bbox": [200, 203, 269, 216]}, {"text": "2543", "bbox": [200, 203, 269, 216]}], "id": 6}, {"box": [178, 222, 253, 235], "text": "Tue Mar 08 2022 ", "label": "transaction_date", "words": [{"text": "Tue", "bbox": [178, 222, 253, 235]}, {"text": "Mar", "bbox": [178, 222, 253, 235]}, {"text": "08", "bbox": [178, 222, 253, 235]}, {"text": "2022", "bbox": [178, 222, 253, 235]}], "id": 7}, {"box": [251, 222, 291, 235], "text": "21:19:10 ", "label": "transaction_time", "words": [{"text": "21:19:10", "bbox": [251, 222, 291, 235]}], "id": 8}, {"box": [216, 241, 254, 251], "text": "Asis Sir ", "label": "customer_name", "words": [{"text": "Asis", "bbox": [216, 241, 254, 251]}, {"text": "Sir", "bbox": [216, 241, 254, 251]}], "id": 9}, {"box": [206, 248, 264, 259], "text": "9881882449 ", "label": "customer_phoneno", "words": [{"text": "9881882449", "bbox": [206, 248, 264, 259]}], "id": 10}, {"box": [252, 410, 276, 425], "text": "176 ", "label": "total_amount", "words": [{"text": "176", "bbox": [252, 410, 276, 425]}], "id": 11}, {"box": [209, 462, 244, 481], "text": "14.78 ", "label": "savings", "words": [{"text": "14.78", "bbox": [209, 462, 244, 481]}], "id": 12}]}