{"form": [{"box": [90, 144, 264, 167], "text": "MO GROCERY \u2122 ", "label": "vendor_name", "words": [{"text": "MO", "bbox": [90, 144, 264, 167]}, {"text": "GROCERY", "bbox": [90, 144, 264, 167]}, {"text": "\u2122", "bbox": [90, 144, 264, 167]}], "id": 0}, {"box": [150, 181, 257, 197], "text": "21IRBPS4454Q1Z6 ", "label": "vendor_phoneno", "words": [{"text": "21IRBPS4454Q1Z6", "bbox": [150, 181, 257, 197]}], "id": 1}, {"box": [50, 200, 308, 235], "text": "Plot no - D3 / 20 , Indira Gandhi Housing Colony Lingipur , Bhubaneshwar , Odisha - 751002 ", "label": "vendor_address", "words": [{"text": "Plot", "bbox": [50, 200, 308, 235]}, {"text": "no", "bbox": [50, 200, 308, 235]}, {"text": "-", "bbox": [50, 200, 308, 235]}, {"text": "D3", "bbox": [50, 200, 308, 235]}, {"text": "/", "bbox": [50, 200, 308, 235]}, {"text": "20", "bbox": [50, 200, 308, 235]}, {"text": ",", "bbox": [50, 200, 308, 235]}, {"text": "Indira", "bbox": [50, 200, 308, 235]}, {"text": "Gandhi", "bbox": [50, 200, 308, 235]}, {"text": "Housing", "bbox": [50, 200, 308, 235]}, {"text": "Colony", "bbox": [50, 200, 308, 235]}, {"text": "Lingipur", "bbox": [50, 200, 308, 235]}, {"text": ",", "bbox": [50, 200, 308, 235]}, {"text": "Bhubaneshwar", "bbox": [50, 200, 308, 235]}, {"text": ",", "bbox": [50, 200, 308, 235]}, {"text": "Odisha", "bbox": [50, 200, 308, 235]}, {"text": "-", "bbox": [50, 200, 308, 235]}, {"text": "751002", "bbox": [50, 200, 308, 235]}], "id": 2}, {"box": [69, 239, 153, 256], "text": "0674-2914169 ", "label": "vendor_phoneno", "words": [{"text": "0674-2914169", "bbox": [69, 239, 153, 256]}], "id": 3}, {"box": [162, 239, 234, 256], "text": "9861999321 ", "label": "vendor_phoneno", "words": [{"text": "9861999321", "bbox": [162, 239, 234, 256]}], "id": 4}, {"box": [241, 238, 314, 255], "text": "9881882449 ", "label": "vendor_phoneno", "words": [{"text": "9881882449", "bbox": [241, 238, 314, 255]}], "id": 5}, {"box": [182, 289, 285, 301], "text": "S // 2022-23 / AA1 / K1 / 153 ", "label": "receipt_number", "words": [{"text": "S", "bbox": [182, 289, 285, 301]}, {"text": "//", "bbox": [182, 289, 285, 301]}, {"text": "2022-23", "bbox": [182, 289, 285, 301]}, {"text": "/", "bbox": [182, 289, 285, 301]}, {"text": "AA1", "bbox": [182, 289, 285, 301]}, {"text": "/", "bbox": [182, 289, 285, 301]}, {"text": "K1", "bbox": [182, 289, 285, 301]}, {"text": "/", "bbox": [182, 289, 285, 301]}, {"text": "153", "bbox": [182, 289, 285, 301]}], "id": 6}, {"box": [175, 307, 253, 320], "text": "Wed Apr 06 2022 ", "label": "transaction_date", "words": [{"text": "Wed", "bbox": [175, 307, 253, 320]}, {"text": "Apr", "bbox": [175, 307, 253, 320]}, {"text": "06", "bbox": [175, 307, 253, 320]}, {"text": "2022", "bbox": [175, 307, 253, 320]}], "id": 7}, {"box": [251, 306, 289, 321], "text": "18:35:31 ", "label": "transaction_time", "words": [{"text": "18:35:31", "bbox": [251, 306, 289, 321]}], "id": 8}, {"box": [211, 326, 257, 340], "text": "Tuli Nayak ", "label": "customer_name", "words": [{"text": "Tuli", "bbox": [211, 326, 257, 340]}, {"text": "Nayak", "bbox": [211, 326, 257, 340]}], "id": 9}, {"box": [205, 344, 262, 359], "text": "9438159711 ", "label": "customer_phoneno", "words": [{"text": "9438159711", "bbox": [205, 344, 262, 359]}], "id": 10}, {"box": [256, 638, 279, 652], "text": "423 ", "label": "total_amount", "words": [{"text": "423", "bbox": [256, 638, 279, 652]}], "id": 11}, {"box": [209, 691, 244, 707], "text": "37.55 ", "label": "savings", "words": [{"text": "37.55", "bbox": [209, 691, 244, 707]}], "id": 12}]}