{"form": [{"box": [121, 46, 244, 67], "text": "HOME CARE ", "label": "vendor_name", "words": [{"text": "HOME", "bbox": [121, 46, 244, 67]}, {"text": "CARE", "bbox": [121, 46, 244, 67]}], "id": 0}, {"box": [124, 69, 237, 93], "text": "MUKUNDA PRASAD MELAN PADIA ", "label": "vendor_address", "words": [{"text": "MUKUNDA", "bbox": [124, 69, 237, 93]}, {"text": "PRASAD", "bbox": [124, 69, 237, 93]}, {"text": "MELAN", "bbox": [124, 69, 237, 93]}, {"text": "PADIA", "bbox": [124, 69, 237, 93]}], "id": 1}, {"box": [166, 93, 224, 103], "text": "9439454006 ", "label": "vendor_phoneno", "words": [{"text": "9439454006", "bbox": [166, 93, 224, 103]}], "id": 2}, {"box": [125, 114, 222, 124], "text": "21GMAPS2777C1Z6 ", "label": "vendor_gst", "words": [{"text": "21GMAPS2777C1Z6", "bbox": [125, 114, 222, 124]}], "id": 3}, {"box": [88, 127, 194, 139], "text": "CASH ", "label": "customer_name", "words": [{"text": "CASH", "bbox": [88, 127, 194, 139]}], "id": 4}, {"box": [81, 139, 185, 149], "text": "", "label": "customer_phoneno", "words": [], "id": 5}, {"box": [261, 127, 301, 138], "text": "0001741 ", "label": "receipt_number", "words": [{"text": "0001741", "bbox": [261, 127, 301, 138]}], "id": 6}, {"box": [254, 138, 307, 149], "text": "01/05/2022 ", "label": "transaction_date", "words": [{"text": "01/05/2022", "bbox": [254, 138, 307, 149]}], "id": 7}, {"box": [256, 148, 284, 160], "text": "21:23 ", "label": "transaction_time", "words": [{"text": "21:23", "bbox": [256, 148, 284, 160]}], "id": 8}, {"box": [289, 355, 323, 370], "text": "345.85 ", "label": "transaction_time", "words": [{"text": "345.85", "bbox": [289, 355, 323, 370]}], "id": 9}, {"box": [283, 386, 324, 400], "text": "346.00 ", "label": "total_amount", "words": [{"text": "346.00", "bbox": [283, 386, 324, 400]}], "id": 10}, {"box": [207, 403, 237, 419], "text": "7.15 ", "label": "savings", "words": [{"text": "7.15", "bbox": [207, 403, 237, 419]}], "id": 11}]}