{"form": [{"box": [118, 47, 276, 69], "text": "NEHA'S MART ", "label": "vendor_name", "words": [{"text": "NEHA'S", "bbox": [118, 47, 276, 69]}, {"text": "MART", "bbox": [118, 47, 276, 69]}], "id": 0}, {"box": [55, 70, 282, 93], "text": "1ST FLOOR , DWARIKA ENCLAVE NEAR SUREKHA REGENCY , PURI CANAL ROAD ", "label": "vendor_address", "words": [{"text": "1ST", "bbox": [55, 70, 282, 93]}, {"text": "FLOOR", "bbox": [55, 70, 282, 93]}, {"text": ",", "bbox": [55, 70, 282, 93]}, {"text": "DWARIKA", "bbox": [55, 70, 282, 93]}, {"text": "ENCLAVE", "bbox": [55, 70, 282, 93]}, {"text": "NEAR", "bbox": [55, 70, 282, 93]}, {"text": "SUREKHA", "bbox": [55, 70, 282, 93]}, {"text": "REGENCY", "bbox": [55, 70, 282, 93]}, {"text": ",", "bbox": [55, 70, 282, 93]}, {"text": "PURI", "bbox": [55, 70, 282, 93]}, {"text": "CANAL", "bbox": [55, 70, 282, 93]}, {"text": "ROAD", "bbox": [55, 70, 282, 93]}], "id": 1}, {"box": [165, 93, 223, 105], "text": "7008960240 ", "label": "vendor_phoneno", "words": [{"text": "7008960240", "bbox": [165, 93, 223, 105]}], "id": 2}, {"box": [129, 114, 220, 126], "text": "21CIUPP5534Q1ZF ", "label": "vendor_gst", "words": [{"text": "21CIUPP5534Q1ZF", "bbox": [129, 114, 220, 126]}], "id": 3}, {"box": [87, 127, 200, 139], "text": "UPENDRA PALACE 203 ", "label": "customer_name", "words": [{"text": "UPENDRA", "bbox": [87, 127, 200, 139]}, {"text": "PALACE", "bbox": [87, 127, 200, 139]}, {"text": "203", "bbox": [87, 127, 200, 139]}], "id": 4}, {"box": [77, 137, 136, 149], "text": "7763932193 ", "label": "customer_phoneno", "words": [{"text": "7763932193", "bbox": [77, 137, 136, 149]}], "id": 5}, {"box": [258, 128, 300, 138], "text": "0015117 ", "label": "receipt_number", "words": [{"text": "0015117", "bbox": [258, 128, 300, 138]}], "id": 6}, {"box": [252, 138, 305, 150], "text": "10/03/2022 ", "label": "transaction_date", "words": [{"text": "10/03/2022", "bbox": [252, 138, 305, 150]}], "id": 7}, {"box": [254, 149, 282, 160], "text": "21:48 ", "label": "transaction_time", "words": [{"text": "21:48", "bbox": [254, 149, 282, 160]}], "id": 8}, {"box": [286, 283, 324, 296], "text": "234.00 ", "label": "total_amount", "words": [{"text": "234.00", "bbox": [286, 283, 324, 296]}], "id": 9}, {"box": [130, 311, 157, 327], "text": "0.00 ", "label": "savings", "words": [{"text": "0.00", "bbox": [130, 311, 157, 327]}], "id": 10}]}