{"form": [{"box": [121, 46, 243, 66], "text": "HOME CARE ", "label": "vendor_name", "words": [{"text": "HOME", "bbox": [121, 46, 243, 66]}, {"text": "CARE", "bbox": [121, 46, 243, 66]}], "id": 0}, {"box": [124, 69, 237, 94], "text": "MUKUNDA PRASAD MELAN PADIA ", "label": "vendor_address", "words": [{"text": "MUKUNDA", "bbox": [124, 69, 237, 94]}, {"text": "PRASAD", "bbox": [124, 69, 237, 94]}, {"text": "MELAN", "bbox": [124, 69, 237, 94]}, {"text": "PADIA", "bbox": [124, 69, 237, 94]}], "id": 1}, {"box": [166, 93, 224, 104], "text": "9439454006 ", "label": "vendor_phoneno", "words": [{"text": "9439454006", "bbox": [166, 93, 224, 104]}], "id": 2}, {"box": [126, 113, 223, 125], "text": "21GMAPS2777C1Z6 ", "label": "vendor_gst", "words": [{"text": "21GMAPS2777C1Z6", "bbox": [126, 113, 223, 125]}], "id": 3}, {"box": [89, 128, 169, 140], "text": "CASH ", "label": "customer_name", "words": [{"text": "CASH", "bbox": [89, 128, 169, 140]}], "id": 4}, {"box": [80, 138, 165, 149], "text": "", "label": "customer_phoneno", "words": [], "id": 5}, {"box": [258, 127, 302, 138], "text": "0001210 ", "label": "receipt_number", "words": [{"text": "0001210", "bbox": [258, 127, 302, 138]}], "id": 6}, {"box": [254, 139, 306, 149], "text": "22/04/2022 ", "label": "transaction_date", "words": [{"text": "22/04/2022", "bbox": [254, 139, 306, 149]}], "id": 7}, {"box": [256, 149, 285, 159], "text": "19:02 ", "label": "transaction_time", "words": [{"text": "19:02", "bbox": [256, 149, 285, 159]}], "id": 8}, {"box": [294, 238, 322, 251], "text": "91.00 ", "label": "sub_total_amount", "words": [{"text": "91.00", "bbox": [294, 238, 322, 251]}], "id": 9}, {"box": [288, 269, 322, 281], "text": "91.00 ", "label": "total_amount", "words": [{"text": "91.00", "bbox": [288, 269, 322, 281]}], "id": 10}, {"box": [206, 285, 241, 299], "text": "54.00 ", "label": "savings", "words": [{"text": "54.00", "bbox": [206, 285, 241, 299]}], "id": 11}]}