{"form": [{"box": [66, 76, 287, 95], "text": "SRI SATYASAI ENTERPRISE ", "label": "vendor_name", "words": [{"text": "SRI", "bbox": [66, 76, 287, 95]}, {"text": "SATYASAI", "bbox": [66, 76, 287, 95]}, {"text": "ENTERPRISE", "bbox": [66, 76, 287, 95]}], "id": 0}, {"box": [76, 95, 291, 121], "text": "B - 63 , RUPALI SQUARE , SAHEED NAGAR , BHUBANESWAR - 751007 ", "label": "vendor_address", "words": [{"text": "B", "bbox": [76, 95, 291, 121]}, {"text": "-", "bbox": [76, 95, 291, 121]}, {"text": "63", "bbox": [76, 95, 291, 121]}, {"text": ",", "bbox": [76, 95, 291, 121]}, {"text": "RUPALI", "bbox": [76, 95, 291, 121]}, {"text": "SQUARE", "bbox": [76, 95, 291, 121]}, {"text": ",", "bbox": [76, 95, 291, 121]}, {"text": "SAHEED", "bbox": [76, 95, 291, 121]}, {"text": "NAGAR", "bbox": [76, 95, 291, 121]}, {"text": ",", "bbox": [76, 95, 291, 121]}, {"text": "BHUBANESWAR", "bbox": [76, 95, 291, 121]}, {"text": "-", "bbox": [76, 95, 291, 121]}, {"text": "751007", "bbox": [76, 95, 291, 121]}], "id": 1}, {"box": [158, 120, 227, 133], "text": "9437055558 , ", "label": "vendor_phoneno", "words": [{"text": "9437055558", "bbox": [158, 120, 227, 133]}, {"text": ",", "bbox": [158, 120, 227, 133]}], "id": 2}, {"box": [147, 136, 259, 150], "text": "-21AGVPS4577PIZB ", "label": "vendor_gst", "words": [{"text": "-21AGVPS4577PIZB", "bbox": [147, 136, 259, 150]}], "id": 3}, {"box": [89, 195, 183, 209], "text": "", "label": "customer_phoneno", "words": [], "id": 4}, {"box": [222, 195, 303, 209], "text": "ho ", "label": "customer_name", "words": [{"text": "ho", "bbox": [222, 195, 303, 209]}], "id": 5}, {"box": [121, 218, 189, 233], "text": "EATS11405 ", "label": "receipt_number", "words": [{"text": "EATS11405", "bbox": [121, 218, 189, 233]}], "id": 6}, {"box": [251, 219, 312, 235], "text": "31/03/2022 ", "label": "transaction_date", "words": [{"text": "31/03/2022", "bbox": [251, 219, 312, 235]}], "id": 7}, {"box": [252, 236, 285, 253], "text": "11:26 ", "label": "transaction_time", "words": [{"text": "11:26", "bbox": [252, 236, 285, 253]}], "id": 8}, {"box": [287, 440, 324, 454], "text": "840.00 ", "label": "total_amount", "words": [{"text": "840.00", "bbox": [287, 440, 324, 454]}], "id": 9}, {"box": [190, 530, 215, 542], "text": "0.00 ", "label": "savings", "words": [{"text": "0.00", "bbox": [190, 530, 215, 542]}], "id": 10}]}