{"form": [{"box": [91, 143, 265, 166], "text": "MO GROCERY \u2122 ", "label": "vendor_name", "words": [{"text": "MO", "bbox": [91, 143, 265, 166]}, {"text": "GROCERY", "bbox": [91, 143, 265, 166]}, {"text": "\u2122", "bbox": [91, 143, 265, 166]}], "id": 0}, {"box": [148, 179, 259, 199], "text": "21IRBPS4454Q1Z6 ", "label": "vendor_gst", "words": [{"text": "21IRBPS4454Q1Z6", "bbox": [148, 179, 259, 199]}], "id": 1}, {"box": [48, 199, 318, 238], "text": "Plot no - D3 / 20 , Indira Gandhi Housing Colony Lingipur , Bhubaneshwar , Odisha - 751002 ", "label": "vendor_address", "words": [{"text": "Plot", "bbox": [48, 199, 318, 238]}, {"text": "no", "bbox": [48, 199, 318, 238]}, {"text": "-", "bbox": [48, 199, 318, 238]}, {"text": "D3", "bbox": [48, 199, 318, 238]}, {"text": "/", "bbox": [48, 199, 318, 238]}, {"text": "20", "bbox": [48, 199, 318, 238]}, {"text": ",", "bbox": [48, 199, 318, 238]}, {"text": "Indira", "bbox": [48, 199, 318, 238]}, {"text": "Gandhi", "bbox": [48, 199, 318, 238]}, {"text": "Housing", "bbox": [48, 199, 318, 238]}, {"text": "Colony", "bbox": [48, 199, 318, 238]}, {"text": "Lingipur", "bbox": [48, 199, 318, 238]}, {"text": ",", "bbox": [48, 199, 318, 238]}, {"text": "Bhubaneshwar", "bbox": [48, 199, 318, 238]}, {"text": ",", "bbox": [48, 199, 318, 238]}, {"text": "Odisha", "bbox": [48, 199, 318, 238]}, {"text": "-", "bbox": [48, 199, 318, 238]}, {"text": "751002", "bbox": [48, 199, 318, 238]}], "id": 2}, {"box": [70, 239, 153, 260], "text": "0674-2914169 ", "label": "vendor_phoneno", "words": [{"text": "0674-2914169", "bbox": [70, 239, 153, 260]}], "id": 3}, {"box": [163, 241, 232, 259], "text": "9861999321 ", "label": "vendor_phoneno", "words": [{"text": "9861999321", "bbox": [163, 241, 232, 259]}], "id": 4}, {"box": [242, 240, 317, 259], "text": "9881882449 ", "label": "vendor_phoneno", "words": [{"text": "9881882449", "bbox": [242, 240, 317, 259]}], "id": 5}, {"box": [185, 290, 287, 302], "text": "S / 2022-23 / AA1 / K1 / 54 ", "label": "receipt_number", "words": [{"text": "S", "bbox": [185, 290, 287, 302]}, {"text": "/", "bbox": [185, 290, 287, 302]}, {"text": "2022-23", "bbox": [185, 290, 287, 302]}, {"text": "/", "bbox": [185, 290, 287, 302]}, {"text": "AA1", "bbox": [185, 290, 287, 302]}, {"text": "/", "bbox": [185, 290, 287, 302]}, {"text": "K1", "bbox": [185, 290, 287, 302]}, {"text": "/", "bbox": [185, 290, 287, 302]}, {"text": "54", "bbox": [185, 290, 287, 302]}], "id": 6}, {"box": [178, 309, 251, 321], "text": "Sun Apr 03 2022 ", "label": "transaction_date", "words": [{"text": "Sun", "bbox": [178, 309, 251, 321]}, {"text": "Apr", "bbox": [178, 309, 251, 321]}, {"text": "03", "bbox": [178, 309, 251, 321]}, {"text": "2022", "bbox": [178, 309, 251, 321]}], "id": 7}, {"box": [252, 309, 294, 321], "text": "09:13:08 ", "label": "transaction_time", "words": [{"text": "09:13:08", "bbox": [252, 309, 294, 321]}], "id": 8}, {"box": [219, 328, 252, 339], "text": "ashok ", "label": "customer_name", "words": [{"text": "ashok", "bbox": [219, 328, 252, 339]}], "id": 9}, {"box": [205, 346, 266, 357], "text": "9040160660 ", "label": "customer_phoneno", "words": [{"text": "9040160660", "bbox": [205, 346, 266, 357]}], "id": 10}, {"box": [239, 596, 270, 610], "text": "366 ", "label": "total_amount", "words": [{"text": "366", "bbox": [239, 596, 270, 610]}], "id": 11}, {"box": [209, 649, 247, 665], "text": "52.51 ", "label": "savings", "words": [{"text": "52.51", "bbox": [209, 649, 247, 665]}], "id": 12}]}