{"form": [{"box": [100, 40, 225, 62], "text": "WHITE SAND ", "label": "vendor_name", "words": [{"text": "WHITE", "bbox": [100, 40, 225, 62]}, {"text": "SAND", "bbox": [100, 40, 225, 62]}], "id": 0}, {"box": [64, 59, 261, 100], "text": "Shiraz Golden Restaurant Madhusudan Nagar , Unit - 4 , Bhubaneswar ", "label": "vendor_address", "words": [{"text": "Shiraz", "bbox": [64, 59, 261, 100]}, {"text": "Golden", "bbox": [64, 59, 261, 100]}, {"text": "Restaurant", "bbox": [64, 59, 261, 100]}, {"text": "Madhusudan", "bbox": [64, 59, 261, 100]}, {"text": "Nagar", "bbox": [64, 59, 261, 100]}, {"text": ",", "bbox": [64, 59, 261, 100]}, {"text": "Unit", "bbox": [64, 59, 261, 100]}, {"text": "-", "bbox": [64, 59, 261, 100]}, {"text": "4", "bbox": [64, 59, 261, 100]}, {"text": ",", "bbox": [64, 59, 261, 100]}, {"text": "Bhubaneswar", "bbox": [64, 59, 261, 100]}], "id": 1}, {"box": [91, 99, 172, 117], "text": "", "label": "vendor_phoneno", "words": [], "id": 2}, {"box": [176, 100, 260, 115], "text": "", "label": "customer_phoneno", "words": [], "id": 3}, {"box": [120, 118, 257, 132], "text": "21AABFW3989K1ZS ", "label": "vendor_gst", "words": [{"text": "21AABFW3989K1ZS", "bbox": [120, 118, 257, 132]}], "id": 4}, {"box": [79, 138, 255, 155], "text": "", "label": "customer_name", "words": [], "id": 5}, {"box": [70, 165, 139, 181], "text": "20/05/22 ", "label": "transaction_date", "words": [{"text": "20/05/22", "bbox": [70, 165, 139, 181]}], "id": 6}, {"box": [213, 180, 257, 192], "text": "89387 ", "label": "receipt_number", "words": [{"text": "89387", "bbox": [213, 180, 257, 192]}], "id": 7}, {"box": [228, 344, 289, 360], "text": "1119.03 ", "label": "sub_total_amount", "words": [{"text": "1119.03", "bbox": [228, 344, 289, 360]}], "id": 8}, {"box": [217, 405, 290, 421], "text": "1175.00 ", "label": "total_amount", "words": [{"text": "1175.00", "bbox": [217, 405, 290, 421]}], "id": 9}]}