{"form": [{"box": [42, 43, 310, 63], "text": "JAY HANUMAN MEDICINE STORE ", "label": "vendor_name", "words": [{"text": "JAY", "bbox": [42, 43, 310, 63]}, {"text": "HANUMAN", "bbox": [42, 43, 310, 63]}, {"text": "MEDICINE", "bbox": [42, 43, 310, 63]}, {"text": "STORE", "bbox": [42, 43, 310, 63]}], "id": 0}, {"box": [76, 61, 269, 85], "text": "PLOT NO - 1154 / 1657 , P.O - DUMUDUMA , BHUBANESWAR - 751019 ", "label": "vendor_address", "words": [{"text": "PLOT", "bbox": [76, 61, 269, 85]}, {"text": "NO", "bbox": [76, 61, 269, 85]}, {"text": "-", "bbox": [76, 61, 269, 85]}, {"text": "1154", "bbox": [76, 61, 269, 85]}, {"text": "/", "bbox": [76, 61, 269, 85]}, {"text": "1657", "bbox": [76, 61, 269, 85]}, {"text": ",", "bbox": [76, 61, 269, 85]}, {"text": "P.O", "bbox": [76, 61, 269, 85]}, {"text": "-", "bbox": [76, 61, 269, 85]}, {"text": "DUMUDUMA", "bbox": [76, 61, 269, 85]}, {"text": ",", "bbox": [76, 61, 269, 85]}, {"text": "BHUBANESWAR", "bbox": [76, 61, 269, 85]}, {"text": "-", "bbox": [76, 61, 269, 85]}, {"text": "751019", "bbox": [76, 61, 269, 85]}], "id": 1}, {"box": [160, 83, 214, 93], "text": "9437130890 ", "label": "vendor_phoneno", "words": [{"text": "9437130890", "bbox": [160, 83, 214, 93]}], "id": 2}, {"box": [142, 103, 228, 114], "text": "21BMSPP1108B1ZJ ", "label": "vendor_gst", "words": [{"text": "21BMSPP1108B1ZJ", "bbox": [142, 103, 228, 114]}], "id": 3}, {"box": [85, 128, 206, 139], "text": "CWQ TUKUNA ", "label": "customer_name", "words": [{"text": "CWQ", "bbox": [85, 128, 206, 139]}, {"text": "TUKUNA", "bbox": [85, 128, 206, 139]}], "id": 4}, {"box": [77, 139, 204, 149], "text": "", "label": "customer_phoneno", "words": [], "id": 5}, {"box": [236, 138, 281, 149], "text": "A000392 ", "label": "receipt_number", "words": [{"text": "A000392", "bbox": [236, 138, 281, 149]}], "id": 6}, {"box": [233, 148, 281, 159], "text": "21/04/2022 ", "label": "transaction_date", "words": [{"text": "21/04/2022", "bbox": [233, 148, 281, 159]}], "id": 7}, {"box": [103, 223, 138, 238], "text": "406.78 ", "label": "sub_total_amount", "words": [{"text": "406.78", "bbox": [103, 223, 138, 238]}], "id": 8}, {"box": [253, 268, 298, 284], "text": "466.00 ", "label": "total_amount", "words": [{"text": "466.00", "bbox": [253, 268, 298, 284]}], "id": 9}, {"box": [264, 237, 298, 254], "text": "14.40 ", "label": "savings", "words": [{"text": "14.40", "bbox": [264, 237, 298, 254]}], "id": 10}]}