{"form": [{"box": [62, 77, 291, 97], "text": "SRI SATYASAI ENTERPRISE ", "label": "vendor_name", "words": [{"text": "SRI", "bbox": [62, 77, 291, 97]}, {"text": "SATYASAI", "bbox": [62, 77, 291, 97]}, {"text": "ENTERPRISE", "bbox": [62, 77, 291, 97]}], "id": 0}, {"box": [73, 96, 297, 121], "text": "B - 63 , RUPALI SQUARE , SAHEED NAGAR , BHUBANESWAR - 751007 ", "label": "vendor_address", "words": [{"text": "B", "bbox": [73, 96, 297, 121]}, {"text": "-", "bbox": [73, 96, 297, 121]}, {"text": "63", "bbox": [73, 96, 297, 121]}, {"text": ",", "bbox": [73, 96, 297, 121]}, {"text": "RUPALI", "bbox": [73, 96, 297, 121]}, {"text": "SQUARE", "bbox": [73, 96, 297, 121]}, {"text": ",", "bbox": [73, 96, 297, 121]}, {"text": "SAHEED", "bbox": [73, 96, 297, 121]}, {"text": "NAGAR", "bbox": [73, 96, 297, 121]}, {"text": ",", "bbox": [73, 96, 297, 121]}, {"text": "BHUBANESWAR", "bbox": [73, 96, 297, 121]}, {"text": "-", "bbox": [73, 96, 297, 121]}, {"text": "751007", "bbox": [73, 96, 297, 121]}], "id": 1}, {"box": [158, 120, 224, 134], "text": "9437055558 ", "label": "vendor_phoneno", "words": [{"text": "9437055558", "bbox": [158, 120, 224, 134]}], "id": 2}, {"box": [147, 136, 261, 150], "text": "-21AGVPS4577PIZB ", "label": "vendor_gst", "words": [{"text": "-21AGVPS4577PIZB", "bbox": [147, 136, 261, 150]}], "id": 3}, {"box": [220, 195, 312, 209], "text": "ho ", "label": "customer_name", "words": [{"text": "ho", "bbox": [220, 195, 312, 209]}], "id": 4}, {"box": [91, 197, 183, 210], "text": "", "label": "customer_phoneno", "words": [], "id": 5}, {"box": [120, 220, 172, 236], "text": "EATS15 ", "label": "receipt_number", "words": [{"text": "EATS15", "bbox": [120, 220, 172, 236]}], "id": 6}, {"box": [249, 221, 318, 235], "text": "01/04/2022 ", "label": "transaction_date", "words": [{"text": "01/04/2022", "bbox": [249, 221, 318, 235]}], "id": 7}, {"box": [251, 238, 291, 253], "text": "11:23 ", "label": "transaction_time", "words": [{"text": "11:23", "bbox": [251, 238, 291, 253]}], "id": 8}, {"box": [280, 366, 329, 382], "text": "1390.00 ", "label": "total_amount", "words": [{"text": "1390.00", "bbox": [280, 366, 329, 382]}], "id": 9}, {"box": [181, 457, 218, 470], "text": "62.00 ", "label": "savings", "words": [{"text": "62.00", "bbox": [181, 457, 218, 470]}], "id": 10}]}