{"form": [{"box": [117, 46, 248, 67], "text": "HOME CARE ", "label": "vendor_name", "words": [{"text": "HOME", "bbox": [117, 46, 248, 67]}, {"text": "CARE", "bbox": [117, 46, 248, 67]}], "id": 0}, {"box": [120, 69, 246, 94], "text": "MUKUNDA PRASAD MELAN PADIA ", "label": "vendor_address", "words": [{"text": "MUKUNDA", "bbox": [120, 69, 246, 94]}, {"text": "PRASAD", "bbox": [120, 69, 246, 94]}, {"text": "MELAN", "bbox": [120, 69, 246, 94]}, {"text": "PADIA", "bbox": [120, 69, 246, 94]}], "id": 1}, {"box": [163, 92, 226, 106], "text": "9439454006 ", "label": "vendor_phoneno", "words": [{"text": "9439454006", "bbox": [163, 92, 226, 106]}], "id": 2}, {"box": [125, 113, 225, 126], "text": "21GMAPS2777C1Z6 ", "label": "vendor_gst", "words": [{"text": "21GMAPS2777C1Z6", "bbox": [125, 113, 225, 126]}], "id": 3}, {"box": [90, 129, 208, 140], "text": "CASH ", "label": "customer_name", "words": [{"text": "CASH", "bbox": [90, 129, 208, 140]}], "id": 4}, {"box": [84, 138, 208, 149], "text": "", "label": "customer_phoneno", "words": [], "id": 5}, {"box": [259, 128, 304, 137], "text": "0013542 ", "label": "receipt_number", "words": [{"text": "0013542", "bbox": [259, 128, 304, 137]}], "id": 6}, {"box": [254, 139, 311, 150], "text": "27/03/2022 ", "label": "transaction_date", "words": [{"text": "27/03/2022", "bbox": [254, 139, 311, 150]}], "id": 7}, {"box": [253, 148, 289, 161], "text": "17:31 ", "label": "transaction_time", "words": [{"text": "17:31", "bbox": [253, 148, 289, 161]}], "id": 8}, {"box": [286, 254, 324, 265], "text": "380.00 ", "label": "sub_total_amount", "words": [{"text": "380.00", "bbox": [286, 254, 324, 265]}], "id": 9}, {"box": [282, 283, 326, 297], "text": "380.00 ", "label": "total_amount", "words": [{"text": "380.00", "bbox": [282, 283, 326, 297]}], "id": 10}, {"box": [206, 300, 241, 318], "text": "0.00 ", "label": "savings", "words": [{"text": "0.00", "bbox": [206, 300, 241, 318]}], "id": 11}]}