{"form": [{"box": [99, 55, 276, 84], "text": "MO GROCERY \u2122 ", "label": "vendor_name", "words": [{"text": "MO", "bbox": [99, 55, 276, 84]}, {"text": "GROCERY", "bbox": [99, 55, 276, 84]}, {"text": "\u2122", "bbox": [99, 55, 276, 84]}], "id": 0}, {"box": [152, 102, 251, 117], "text": "21IRBPS4454Q1Z6 ", "label": "vendor_gst", "words": [{"text": "21IRBPS4454Q1Z6", "bbox": [152, 102, 251, 117]}], "id": 1}, {"box": [59, 118, 312, 151], "text": "Plot no - D3 / 20 , Indira Gandhi Housing Colony Lingipur , Bhubaneshwar , Odisha - 751002 ", "label": "vendor_address", "words": [{"text": "Plot", "bbox": [59, 118, 312, 151]}, {"text": "no", "bbox": [59, 118, 312, 151]}, {"text": "-", "bbox": [59, 118, 312, 151]}, {"text": "D3", "bbox": [59, 118, 312, 151]}, {"text": "/", "bbox": [59, 118, 312, 151]}, {"text": "20", "bbox": [59, 118, 312, 151]}, {"text": ",", "bbox": [59, 118, 312, 151]}, {"text": "Indira", "bbox": [59, 118, 312, 151]}, {"text": "Gandhi", "bbox": [59, 118, 312, 151]}, {"text": "Housing", "bbox": [59, 118, 312, 151]}, {"text": "Colony", "bbox": [59, 118, 312, 151]}, {"text": "Lingipur", "bbox": [59, 118, 312, 151]}, {"text": ",", "bbox": [59, 118, 312, 151]}, {"text": "Bhubaneshwar", "bbox": [59, 118, 312, 151]}, {"text": ",", "bbox": [59, 118, 312, 151]}, {"text": "Odisha", "bbox": [59, 118, 312, 151]}, {"text": "-", "bbox": [59, 118, 312, 151]}, {"text": "751002", "bbox": [59, 118, 312, 151]}], "id": 2}, {"box": [80, 154, 152, 173], "text": "0674-2914169 ", "label": "vendor_phoneno", "words": [{"text": "0674-2914169", "bbox": [80, 154, 152, 173]}], "id": 3}, {"box": [163, 154, 230, 173], "text": "9861999321 ", "label": "vendor_phoneno", "words": [{"text": "9861999321", "bbox": [163, 154, 230, 173]}], "id": 4}, {"box": [236, 154, 307, 173], "text": "9881882449 ", "label": "vendor_phoneno", "words": [{"text": "9881882449", "bbox": [236, 154, 307, 173]}], "id": 5}, {"box": [186, 202, 283, 214], "text": "S / 2022-23 / AA1 / K1 / 610 ", "label": "receipt_number", "words": [{"text": "S", "bbox": [186, 202, 283, 214]}, {"text": "/", "bbox": [186, 202, 283, 214]}, {"text": "2022-23", "bbox": [186, 202, 283, 214]}, {"text": "/", "bbox": [186, 202, 283, 214]}, {"text": "AA1", "bbox": [186, 202, 283, 214]}, {"text": "/", "bbox": [186, 202, 283, 214]}, {"text": "K1", "bbox": [186, 202, 283, 214]}, {"text": "/", "bbox": [186, 202, 283, 214]}, {"text": "610", "bbox": [186, 202, 283, 214]}], "id": 6}, {"box": [182, 219, 250, 232], "text": "Sat Apr 23 2022 ", "label": "transaction_date", "words": [{"text": "Sat", "bbox": [182, 219, 250, 232]}, {"text": "Apr", "bbox": [182, 219, 250, 232]}, {"text": "23", "bbox": [182, 219, 250, 232]}, {"text": "2022", "bbox": [182, 219, 250, 232]}], "id": 7}, {"box": [250, 219, 288, 232], "text": "13:57:01 ", "label": "transaction_time", "words": [{"text": "13:57:01", "bbox": [250, 219, 288, 232]}], "id": 8}, {"box": [212, 236, 261, 249], "text": "ManaliSahu ", "label": "customer_name", "words": [{"text": "ManaliSahu", "bbox": [212, 236, 261, 249]}], "id": 9}, {"box": [208, 253, 267, 266], "text": "8338810069 ", "label": "customer_phoneno", "words": [{"text": "8338810069", "bbox": [208, 253, 267, 266]}], "id": 10}, {"box": [257, 350, 281, 367], "text": "93 ", "label": "total_amount", "words": [{"text": "93", "bbox": [257, 350, 281, 367]}], "id": 11}]}