{"form": [{"box": [61, 75, 302, 95], "text": "SRI SATYASAI ENTERPRISE ", "label": "vendor_name", "words": [{"text": "SRI", "bbox": [61, 75, 302, 95]}, {"text": "SATYASAI", "bbox": [61, 75, 302, 95]}, {"text": "ENTERPRISE", "bbox": [61, 75, 302, 95]}], "id": 0}, {"box": [73, 95, 299, 121], "text": "B - 63 , RUPALI SQUARE , SAHEED NAGAR , BHUBANESWAR - 751007 ", "label": "vendor_address", "words": [{"text": "B", "bbox": [73, 95, 299, 121]}, {"text": "-", "bbox": [73, 95, 299, 121]}, {"text": "63", "bbox": [73, 95, 299, 121]}, {"text": ",", "bbox": [73, 95, 299, 121]}, {"text": "RUPALI", "bbox": [73, 95, 299, 121]}, {"text": "SQUARE", "bbox": [73, 95, 299, 121]}, {"text": ",", "bbox": [73, 95, 299, 121]}, {"text": "SAHEED", "bbox": [73, 95, 299, 121]}, {"text": "NAGAR", "bbox": [73, 95, 299, 121]}, {"text": ",", "bbox": [73, 95, 299, 121]}, {"text": "BHUBANESWAR", "bbox": [73, 95, 299, 121]}, {"text": "-", "bbox": [73, 95, 299, 121]}, {"text": "751007", "bbox": [73, 95, 299, 121]}], "id": 1}, {"box": [159, 121, 224, 132], "text": "9437055558 ", "label": "vendor_phoneno", "words": [{"text": "9437055558", "bbox": [159, 121, 224, 132]}], "id": 2}, {"box": [148, 138, 259, 153], "text": "-21AGVPS4577PIZB ", "label": "vendor_gst", "words": [{"text": "-21AGVPS4577PIZB", "bbox": [148, 138, 259, 153]}], "id": 3}, {"box": [91, 198, 184, 209], "text": "", "label": "customer_phoneno", "words": [], "id": 4}, {"box": [222, 196, 318, 209], "text": "ho ", "label": "customer_name", "words": [{"text": "ho", "bbox": [222, 196, 318, 209]}], "id": 5}, {"box": [121, 221, 190, 235], "text": "EATS11385 ", "label": "receipt_number", "words": [{"text": "EATS11385", "bbox": [121, 221, 190, 235]}], "id": 6}, {"box": [249, 220, 316, 235], "text": "26/03/2022 ", "label": "transaction_date", "words": [{"text": "26/03/2022", "bbox": [249, 220, 316, 235]}], "id": 7}, {"box": [250, 237, 291, 253], "text": "06:15 ", "label": "transaction_time", "words": [{"text": "06:15", "bbox": [250, 237, 291, 253]}], "id": 8}, {"box": [281, 570, 332, 584], "text": "1034.00 ", "label": "total_amount", "words": [{"text": "1034.00", "bbox": [281, 570, 332, 584]}], "id": 9}, {"box": [188, 657, 221, 676], "text": "0.00 ", "label": "savings", "words": [{"text": "0.00", "bbox": [188, 657, 221, 676]}], "id": 10}]}