{"form": [{"box": [93, 56, 268, 87], "text": "MO GROCERY \u2122 ", "label": "vendor_name", "words": [{"text": "MO", "bbox": [93, 56, 268, 87]}, {"text": "GROCERY", "bbox": [93, 56, 268, 87]}, {"text": "\u2122", "bbox": [93, 56, 268, 87]}], "id": 0}, {"box": [149, 107, 263, 123], "text": "21IRBPS4454Q1Z6 ", "label": "vendor_gst", "words": [{"text": "21IRBPS4454Q1Z6", "bbox": [149, 107, 263, 123]}], "id": 1}, {"box": [46, 125, 321, 163], "text": "Plot no - D3 / 20 , Indira Gandhi Housing Colony Lingipur , Bhubaneshwar , Odisha - 751002 ", "label": "vendor_address", "words": [{"text": "Plot", "bbox": [46, 125, 321, 163]}, {"text": "no", "bbox": [46, 125, 321, 163]}, {"text": "-", "bbox": [46, 125, 321, 163]}, {"text": "D3", "bbox": [46, 125, 321, 163]}, {"text": "/", "bbox": [46, 125, 321, 163]}, {"text": "20", "bbox": [46, 125, 321, 163]}, {"text": ",", "bbox": [46, 125, 321, 163]}, {"text": "Indira", "bbox": [46, 125, 321, 163]}, {"text": "Gandhi", "bbox": [46, 125, 321, 163]}, {"text": "Housing", "bbox": [46, 125, 321, 163]}, {"text": "Colony", "bbox": [46, 125, 321, 163]}, {"text": "Lingipur", "bbox": [46, 125, 321, 163]}, {"text": ",", "bbox": [46, 125, 321, 163]}, {"text": "Bhubaneshwar", "bbox": [46, 125, 321, 163]}, {"text": ",", "bbox": [46, 125, 321, 163]}, {"text": "Odisha", "bbox": [46, 125, 321, 163]}, {"text": "-", "bbox": [46, 125, 321, 163]}, {"text": "751002", "bbox": [46, 125, 321, 163]}], "id": 2}, {"box": [69, 165, 153, 184], "text": "0674-2914169 ", "label": "vendor_phoneno", "words": [{"text": "0674-2914169", "bbox": [69, 165, 153, 184]}], "id": 3}, {"box": [162, 166, 233, 184], "text": "9861999321 ", "label": "vendor_phoneno", "words": [{"text": "9861999321", "bbox": [162, 166, 233, 184]}], "id": 4}, {"box": [243, 165, 315, 184], "text": "9881882449 ", "label": "vendor_phoneno", "words": [{"text": "9881882449", "bbox": [243, 165, 315, 184]}], "id": 5}, {"box": [184, 204, 287, 218], "text": "S // 2022-23 / AA1 / K2 / 311 ", "label": "receipt_number", "words": [{"text": "S", "bbox": [184, 204, 287, 218]}, {"text": "//", "bbox": [184, 204, 287, 218]}, {"text": "2022-23", "bbox": [184, 204, 287, 218]}, {"text": "/", "bbox": [184, 204, 287, 218]}, {"text": "AA1", "bbox": [184, 204, 287, 218]}, {"text": "/", "bbox": [184, 204, 287, 218]}, {"text": "K2", "bbox": [184, 204, 287, 218]}, {"text": "/", "bbox": [184, 204, 287, 218]}, {"text": "311", "bbox": [184, 204, 287, 218]}], "id": 6}, {"box": [178, 221, 252, 237], "text": "Tue May 03 2022 ", "label": "transaction_date", "words": [{"text": "Tue", "bbox": [178, 221, 252, 237]}, {"text": "May", "bbox": [178, 221, 252, 237]}, {"text": "03", "bbox": [178, 221, 252, 237]}, {"text": "2022", "bbox": [178, 221, 252, 237]}], "id": 7}, {"box": [253, 221, 293, 238], "text": "13:36:31 ", "label": "transaction_time", "words": [{"text": "13:36:31", "bbox": [253, 221, 293, 238]}], "id": 8}, {"box": [190, 238, 289, 250], "text": "Sahoo ", "label": "customer_name", "words": [{"text": "Sahoo", "bbox": [190, 238, 289, 250]}], "id": 9}, {"box": [203, 248, 268, 261], "text": "", "label": "customer_phoneno", "words": [], "id": 10}, {"box": [268, 352, 287, 370], "text": "60 ", "label": "total_amount", "words": [{"text": "60", "bbox": [268, 352, 287, 370]}], "id": 11}]}