{"form": [{"box": [90, 58, 272, 86], "text": "MO GROCERY \u2122 ", "label": "vendor_name", "words": [{"text": "MO", "bbox": [90, 58, 272, 86]}, {"text": "GROCERY", "bbox": [90, 58, 272, 86]}, {"text": "\u2122", "bbox": [90, 58, 272, 86]}], "id": 0}, {"box": [148, 106, 261, 124], "text": "211RBPS4454Q1Z6 ", "label": "vendor_gst", "words": [{"text": "211RBPS4454Q1Z6", "bbox": [148, 106, 261, 124]}], "id": 1}, {"box": [45, 126, 322, 163], "text": "Plot no - D3 / 20 , Indira Gandhi Housing Colony Lingipur , Bhubaneshwar , Odisha - 751002 ", "label": "vendor_address", "words": [{"text": "Plot", "bbox": [45, 126, 322, 163]}, {"text": "no", "bbox": [45, 126, 322, 163]}, {"text": "-", "bbox": [45, 126, 322, 163]}, {"text": "D3", "bbox": [45, 126, 322, 163]}, {"text": "/", "bbox": [45, 126, 322, 163]}, {"text": "20", "bbox": [45, 126, 322, 163]}, {"text": ",", "bbox": [45, 126, 322, 163]}, {"text": "Indira", "bbox": [45, 126, 322, 163]}, {"text": "Gandhi", "bbox": [45, 126, 322, 163]}, {"text": "Housing", "bbox": [45, 126, 322, 163]}, {"text": "Colony", "bbox": [45, 126, 322, 163]}, {"text": "Lingipur", "bbox": [45, 126, 322, 163]}, {"text": ",", "bbox": [45, 126, 322, 163]}, {"text": "Bhubaneshwar", "bbox": [45, 126, 322, 163]}, {"text": ",", "bbox": [45, 126, 322, 163]}, {"text": "Odisha", "bbox": [45, 126, 322, 163]}, {"text": "-", "bbox": [45, 126, 322, 163]}, {"text": "751002", "bbox": [45, 126, 322, 163]}], "id": 2}, {"box": [70, 166, 153, 185], "text": "0674-2914169 ", "label": "vendor_phoneno", "words": [{"text": "0674-2914169", "bbox": [70, 166, 153, 185]}], "id": 3}, {"box": [163, 165, 235, 186], "text": "9861999321 ", "label": "vendor_phoneno", "words": [{"text": "9861999321", "bbox": [163, 165, 235, 186]}], "id": 4}, {"box": [243, 165, 318, 183], "text": "9881882449 ", "label": "vendor_phoneno", "words": [{"text": "9881882449", "bbox": [243, 165, 318, 183]}], "id": 5}, {"box": [182, 203, 290, 218], "text": "S // 2022-23 / AA1 / K2 / 625 ", "label": "receipt_number", "words": [{"text": "S", "bbox": [182, 203, 290, 218]}, {"text": "//", "bbox": [182, 203, 290, 218]}, {"text": "2022-23", "bbox": [182, 203, 290, 218]}, {"text": "/", "bbox": [182, 203, 290, 218]}, {"text": "AA1", "bbox": [182, 203, 290, 218]}, {"text": "/", "bbox": [182, 203, 290, 218]}, {"text": "K2", "bbox": [182, 203, 290, 218]}, {"text": "/", "bbox": [182, 203, 290, 218]}, {"text": "625", "bbox": [182, 203, 290, 218]}], "id": 6}, {"box": [181, 219, 251, 237], "text": "Fri May 13 2022 ", "label": "transaction_date", "words": [{"text": "Fri", "bbox": [181, 219, 251, 237]}, {"text": "May", "bbox": [181, 219, 251, 237]}, {"text": "13", "bbox": [181, 219, 251, 237]}, {"text": "2022", "bbox": [181, 219, 251, 237]}], "id": 7}, {"box": [250, 218, 296, 236], "text": "10:31:42 ", "label": "transaction_time", "words": [{"text": "10:31:42", "bbox": [250, 218, 296, 236]}], "id": 8}, {"box": [201, 238, 281, 251], "text": "bhabani shankar ", "label": "customer_name", "words": [{"text": "bhabani", "bbox": [201, 238, 281, 251]}, {"text": "shankar", "bbox": [201, 238, 281, 251]}], "id": 9}, {"box": [206, 249, 272, 262], "text": "9437278101 ", "label": "customer_phoneno", "words": [{"text": "9437278101", "bbox": [206, 249, 272, 262]}], "id": 10}, {"box": [250, 751, 284, 766], "text": "1570 ", "label": "total_amount", "words": [{"text": "1570", "bbox": [250, 751, 284, 766]}], "id": 11}, {"box": [206, 805, 251, 824], "text": "224.73 ", "label": "savings", "words": [{"text": "224.73", "bbox": [206, 805, 251, 824]}], "id": 12}]}