{"form": [{"box": [88, 145, 282, 167], "text": "MO GROCERY \u2122 ", "label": "vendor_name", "words": [{"text": "MO", "bbox": [88, 145, 282, 167]}, {"text": "GROCERY", "bbox": [88, 145, 282, 167]}, {"text": "\u2122", "bbox": [88, 145, 282, 167]}], "id": 0}, {"box": [148, 181, 259, 198], "text": "21IRBPS4454Q1Z6 ", "label": "vendor_gst", "words": [{"text": "21IRBPS4454Q1Z6", "bbox": [148, 181, 259, 198]}], "id": 1}, {"box": [49, 199, 316, 235], "text": "Plot no - D3 / 20 , Indira Gandhi Housing Colony Lingipur , Bhubaneshwar , Odisha - 751002 ", "label": "vendor_address", "words": [{"text": "Plot", "bbox": [49, 199, 316, 235]}, {"text": "no", "bbox": [49, 199, 316, 235]}, {"text": "-", "bbox": [49, 199, 316, 235]}, {"text": "D3", "bbox": [49, 199, 316, 235]}, {"text": "/", "bbox": [49, 199, 316, 235]}, {"text": "20", "bbox": [49, 199, 316, 235]}, {"text": ",", "bbox": [49, 199, 316, 235]}, {"text": "Indira", "bbox": [49, 199, 316, 235]}, {"text": "Gandhi", "bbox": [49, 199, 316, 235]}, {"text": "Housing", "bbox": [49, 199, 316, 235]}, {"text": "Colony", "bbox": [49, 199, 316, 235]}, {"text": "Lingipur", "bbox": [49, 199, 316, 235]}, {"text": ",", "bbox": [49, 199, 316, 235]}, {"text": "Bhubaneshwar", "bbox": [49, 199, 316, 235]}, {"text": ",", "bbox": [49, 199, 316, 235]}, {"text": "Odisha", "bbox": [49, 199, 316, 235]}, {"text": "-", "bbox": [49, 199, 316, 235]}, {"text": "751002", "bbox": [49, 199, 316, 235]}], "id": 2}, {"box": [70, 240, 151, 257], "text": "0674-2914169 ", "label": "vendor_phoneno", "words": [{"text": "0674-2914169", "bbox": [70, 240, 151, 257]}], "id": 3}, {"box": [162, 239, 233, 260], "text": "9861999321 ", "label": "vendor_phoneno", "words": [{"text": "9861999321", "bbox": [162, 239, 233, 260]}], "id": 4}, {"box": [243, 239, 316, 259], "text": "9881882449 ", "label": "vendor_phoneno", "words": [{"text": "9881882449", "bbox": [243, 239, 316, 259]}], "id": 5}, {"box": [198, 289, 272, 304], "text": "SVAA1 / K1 / 2850 ", "label": "receipt_number", "words": [{"text": "SVAA1", "bbox": [198, 289, 272, 304]}, {"text": "/", "bbox": [198, 289, 272, 304]}, {"text": "K1", "bbox": [198, 289, 272, 304]}, {"text": "/", "bbox": [198, 289, 272, 304]}, {"text": "2850", "bbox": [198, 289, 272, 304]}], "id": 6}, {"box": [176, 308, 253, 322], "text": "Mon Mar 21 2022 ", "label": "transaction_date", "words": [{"text": "Mon", "bbox": [176, 308, 253, 322]}, {"text": "Mar", "bbox": [176, 308, 253, 322]}, {"text": "21", "bbox": [176, 308, 253, 322]}, {"text": "2022", "bbox": [176, 308, 253, 322]}], "id": 7}, {"box": [254, 307, 294, 324], "text": "12:46:29 ", "label": "transaction_time", "words": [{"text": "12:46:29", "bbox": [254, 307, 294, 324]}], "id": 8}, {"box": [211, 327, 259, 341], "text": "Yashdeep ", "label": "customer_name", "words": [{"text": "Yashdeep", "bbox": [211, 327, 259, 341]}], "id": 9}, {"box": [203, 344, 267, 360], "text": "9556139339 ", "label": "customer_phoneno", "words": [{"text": "9556139339", "bbox": [203, 344, 267, 360]}], "id": 10}, {"box": [255, 478, 284, 492], "text": "124 ", "label": "total_amount", "words": [{"text": "124", "bbox": [255, 478, 284, 492]}], "id": 11}, {"box": [214, 543, 244, 561], "text": "16.2 ", "label": "savings", "words": [{"text": "16.2", "bbox": [214, 543, 244, 561]}], "id": 12}]}