{"form": [{"box": [87, 58, 278, 85], "text": "MO GROCERY \u2122 ", "label": "vendor_name", "words": [{"text": "MO", "bbox": [87, 58, 278, 85]}, {"text": "GROCERY", "bbox": [87, 58, 278, 85]}, {"text": "\u2122", "bbox": [87, 58, 278, 85]}], "id": 0}, {"box": [148, 108, 259, 125], "text": "21IRBPS4454Q1Z6 ", "label": "vendor_gst", "words": [{"text": "21IRBPS4454Q1Z6", "bbox": [148, 108, 259, 125]}], "id": 1}, {"box": [51, 125, 318, 161], "text": "Plot no - D3 / 20 , Indira Gandhi Housing Colony Lingipur , Bhubaneshwar , Odisha - 751002 ", "label": "vendor_address", "words": [{"text": "Plot", "bbox": [51, 125, 318, 161]}, {"text": "no", "bbox": [51, 125, 318, 161]}, {"text": "-", "bbox": [51, 125, 318, 161]}, {"text": "D3", "bbox": [51, 125, 318, 161]}, {"text": "/", "bbox": [51, 125, 318, 161]}, {"text": "20", "bbox": [51, 125, 318, 161]}, {"text": ",", "bbox": [51, 125, 318, 161]}, {"text": "Indira", "bbox": [51, 125, 318, 161]}, {"text": "Gandhi", "bbox": [51, 125, 318, 161]}, {"text": "Housing", "bbox": [51, 125, 318, 161]}, {"text": "Colony", "bbox": [51, 125, 318, 161]}, {"text": "Lingipur", "bbox": [51, 125, 318, 161]}, {"text": ",", "bbox": [51, 125, 318, 161]}, {"text": "Bhubaneshwar", "bbox": [51, 125, 318, 161]}, {"text": ",", "bbox": [51, 125, 318, 161]}, {"text": "Odisha", "bbox": [51, 125, 318, 161]}, {"text": "-", "bbox": [51, 125, 318, 161]}, {"text": "751002", "bbox": [51, 125, 318, 161]}], "id": 2}, {"box": [71, 167, 152, 184], "text": "0674-2914169 ", "label": "vendor_phoneno", "words": [{"text": "0674-2914169", "bbox": [71, 167, 152, 184]}], "id": 3}, {"box": [162, 165, 233, 186], "text": "9861999321 ", "label": "vendor_phoneno", "words": [{"text": "9861999321", "bbox": [162, 165, 233, 186]}], "id": 4}, {"box": [241, 164, 314, 184], "text": "9881882449 ", "label": "vendor_phoneno", "words": [{"text": "9881882449", "bbox": [241, 164, 314, 184]}], "id": 5}, {"box": [177, 202, 287, 216], "text": "51 / 2022-23 / AA1 / K2 / 547 ", "label": "receipt_number", "words": [{"text": "51", "bbox": [177, 202, 287, 216]}, {"text": "/", "bbox": [177, 202, 287, 216]}, {"text": "2022-23", "bbox": [177, 202, 287, 216]}, {"text": "/", "bbox": [177, 202, 287, 216]}, {"text": "AA1", "bbox": [177, 202, 287, 216]}, {"text": "/", "bbox": [177, 202, 287, 216]}, {"text": "K2", "bbox": [177, 202, 287, 216]}, {"text": "/", "bbox": [177, 202, 287, 216]}, {"text": "547", "bbox": [177, 202, 287, 216]}], "id": 6}, {"box": [175, 220, 252, 234], "text": "Wed May 11 2022 ", "label": "transaction_date", "words": [{"text": "Wed", "bbox": [175, 220, 252, 234]}, {"text": "May", "bbox": [175, 220, 252, 234]}, {"text": "11", "bbox": [175, 220, 252, 234]}, {"text": "2022", "bbox": [175, 220, 252, 234]}], "id": 7}, {"box": [252, 220, 292, 238], "text": "08:55:54 ", "label": "transaction_time", "words": [{"text": "08:55:54", "bbox": [252, 220, 292, 238]}], "id": 8}, {"box": [198, 240, 272, 253], "text": "Itishree Mohanty ", "label": "customer_name", "words": [{"text": "Itishree", "bbox": [198, 240, 272, 253]}, {"text": "Mohanty", "bbox": [198, 240, 272, 253]}], "id": 9}, {"box": [205, 255, 269, 271], "text": "9090301405 ", "label": "customer_phoneno", "words": [{"text": "9090301405", "bbox": [205, 255, 269, 271]}], "id": 10}, {"box": [254, 411, 281, 423], "text": "206 ", "label": "total_amount", "words": [{"text": "206", "bbox": [254, 411, 281, 423]}], "id": 11}, {"box": [211, 461, 246, 482], "text": "86.9 ", "label": "savings", "words": [{"text": "86.9", "bbox": [211, 461, 246, 482]}], "id": 12}]}