{"form": [{"box": [117, 44, 251, 68], "text": "HOME CARE ", "label": "vendor_name", "words": [{"text": "HOME", "bbox": [117, 44, 251, 68]}, {"text": "CARE", "bbox": [117, 44, 251, 68]}], "id": 0}, {"box": [122, 70, 250, 94], "text": "MUKUNDA PRASAD MELAN PADIA ", "label": "vendor_address", "words": [{"text": "MUKUNDA", "bbox": [122, 70, 250, 94]}, {"text": "PRASAD", "bbox": [122, 70, 250, 94]}, {"text": "MELAN", "bbox": [122, 70, 250, 94]}, {"text": "PADIA", "bbox": [122, 70, 250, 94]}], "id": 1}, {"box": [163, 91, 234, 104], "text": "9439454006 ", "label": "vendor_phoneno", "words": [{"text": "9439454006", "bbox": [163, 91, 234, 104]}], "id": 2}, {"box": [126, 111, 225, 125], "text": "21GMAPS2777C1Z6 ", "label": "vendor_gst", "words": [{"text": "21GMAPS2777C1Z6", "bbox": [126, 111, 225, 125]}], "id": 3}, {"box": [89, 127, 214, 139], "text": "CASH ", "label": "customer_name", "words": [{"text": "CASH", "bbox": [89, 127, 214, 139]}], "id": 4}, {"box": [82, 139, 214, 149], "text": "", "label": "vendor_phoneno", "words": [], "id": 5}, {"box": [259, 127, 304, 140], "text": "0013717 ", "label": "receipt_number", "words": [{"text": "0013717", "bbox": [259, 127, 304, 140]}], "id": 6}, {"box": [253, 139, 312, 150], "text": "31/03/2022 ", "label": "transaction_date", "words": [{"text": "31/03/2022", "bbox": [253, 139, 312, 150]}], "id": 7}, {"box": [254, 149, 290, 159], "text": "10:01 ", "label": "transaction_time", "words": [{"text": "10:01", "bbox": [254, 149, 290, 159]}], "id": 8}, {"box": [279, 476, 328, 488], "text": "1,966.30 ", "label": "sub_total_amount", "words": [{"text": "1,966.30", "bbox": [279, 476, 328, 488]}], "id": 9}, {"box": [279, 504, 326, 521], "text": "1966.00 ", "label": "total_amount", "words": [{"text": "1966.00", "bbox": [279, 504, 326, 521]}], "id": 10}, {"box": [204, 532, 248, 551], "text": "164.70 ", "label": "savings", "words": [{"text": "164.70", "bbox": [204, 532, 248, 551]}], "id": 11}]}