{"form": [{"box": [93, 139, 276, 168], "text": "MO GROCERY \u2122 ", "label": "vendor_name", "words": [{"text": "MO", "bbox": [93, 139, 276, 168]}, {"text": "GROCERY", "bbox": [93, 139, 276, 168]}, {"text": "\u2122", "bbox": [93, 139, 276, 168]}], "id": 0}, {"box": [148, 182, 261, 198], "text": "21IRBPS4454Q1Z6 ", "label": "vendor_gst", "words": [{"text": "21IRBPS4454Q1Z6", "bbox": [148, 182, 261, 198]}], "id": 1}, {"box": [46, 198, 330, 238], "text": "Plot no - D3 / 20 , Indira Gandhi Housing Colony Lingipur , Bhubaneshwar , Odisha - 751002 ", "label": "vendor_address", "words": [{"text": "Plot", "bbox": [46, 198, 330, 238]}, {"text": "no", "bbox": [46, 198, 330, 238]}, {"text": "-", "bbox": [46, 198, 330, 238]}, {"text": "D3", "bbox": [46, 198, 330, 238]}, {"text": "/", "bbox": [46, 198, 330, 238]}, {"text": "20", "bbox": [46, 198, 330, 238]}, {"text": ",", "bbox": [46, 198, 330, 238]}, {"text": "Indira", "bbox": [46, 198, 330, 238]}, {"text": "Gandhi", "bbox": [46, 198, 330, 238]}, {"text": "Housing", "bbox": [46, 198, 330, 238]}, {"text": "Colony", "bbox": [46, 198, 330, 238]}, {"text": "Lingipur", "bbox": [46, 198, 330, 238]}, {"text": ",", "bbox": [46, 198, 330, 238]}, {"text": "Bhubaneshwar", "bbox": [46, 198, 330, 238]}, {"text": ",", "bbox": [46, 198, 330, 238]}, {"text": "Odisha", "bbox": [46, 198, 330, 238]}, {"text": "-", "bbox": [46, 198, 330, 238]}, {"text": "751002", "bbox": [46, 198, 330, 238]}], "id": 2}, {"box": [70, 240, 154, 260], "text": "0674-2914169 ", "label": "vendor_phoneno", "words": [{"text": "0674-2914169", "bbox": [70, 240, 154, 260]}], "id": 3}, {"box": [162, 239, 231, 262], "text": "9861999321 ", "label": "vendor_phoneno", "words": [{"text": "9861999321", "bbox": [162, 239, 231, 262]}], "id": 4}, {"box": [243, 239, 317, 260], "text": "9881882449 ", "label": "vendor_phoneno", "words": [{"text": "9881882449", "bbox": [243, 239, 317, 260]}], "id": 5}, {"box": [179, 287, 288, 304], "text": "SI / 2022-23 / AA1 / K1 / 330 ", "label": "receipt_number", "words": [{"text": "SI", "bbox": [179, 287, 288, 304]}, {"text": "/", "bbox": [179, 287, 288, 304]}, {"text": "2022-23", "bbox": [179, 287, 288, 304]}, {"text": "/", "bbox": [179, 287, 288, 304]}, {"text": "AA1", "bbox": [179, 287, 288, 304]}, {"text": "/", "bbox": [179, 287, 288, 304]}, {"text": "K1", "bbox": [179, 287, 288, 304]}, {"text": "/", "bbox": [179, 287, 288, 304]}, {"text": "330", "bbox": [179, 287, 288, 304]}], "id": 6}, {"box": [176, 303, 251, 325], "text": "Tue Apr 12 2022 ", "label": "transaction_date", "words": [{"text": "Tue", "bbox": [176, 303, 251, 325]}, {"text": "Apr", "bbox": [176, 303, 251, 325]}, {"text": "12", "bbox": [176, 303, 251, 325]}, {"text": "2022", "bbox": [176, 303, 251, 325]}], "id": 7}, {"box": [250, 303, 293, 323], "text": "08:27:42 ", "label": "transaction_time", "words": [{"text": "08:27:42", "bbox": [250, 303, 293, 323]}], "id": 8}, {"box": [199, 326, 273, 341], "text": "Manash Ranjan ", "label": "customer_name", "words": [{"text": "Manash", "bbox": [199, 326, 273, 341]}, {"text": "Ranjan", "bbox": [199, 326, 273, 341]}], "id": 9}, {"box": [205, 344, 266, 364], "text": "9776042775 ", "label": "customer_phoneno", "words": [{"text": "9776042775", "bbox": [205, 344, 266, 364]}], "id": 10}, {"box": [258, 624, 286, 644], "text": "389 ", "label": "total_amount", "words": [{"text": "389", "bbox": [258, 624, 286, 644]}], "id": 11}, {"box": [210, 678, 247, 698], "text": "64.25 ", "label": "savings", "words": [{"text": "64.25", "bbox": [210, 678, 247, 698]}], "id": 12}]}