{"form": [{"box": [117, 44, 251, 68], "text": "MO GROCERY ", "label": "vendor_name", "words": [{"text": "MO", "bbox": [117, 44, 251, 68]}, {"text": "GROCERY", "bbox": [117, 44, 251, 68]}], "id": 0}, {"box": [73, 81, 288, 117], "text": "Plot no - D3 / 20 , Indira Gandhi Housing Colony , Lingipur , Bhubaneshwar , Odisha - 751002 ", "label": "vendor_address", "words": [{"text": "Plot", "bbox": [73, 81, 288, 117]}, {"text": "no", "bbox": [73, 81, 288, 117]}, {"text": "-", "bbox": [73, 81, 288, 117]}, {"text": "D3", "bbox": [73, 81, 288, 117]}, {"text": "/", "bbox": [73, 81, 288, 117]}, {"text": "20", "bbox": [73, 81, 288, 117]}, {"text": ",", "bbox": [73, 81, 288, 117]}, {"text": "Indira", "bbox": [73, 81, 288, 117]}, {"text": "Gandhi", "bbox": [73, 81, 288, 117]}, {"text": "Housing", "bbox": [73, 81, 288, 117]}, {"text": "Colony", "bbox": [73, 81, 288, 117]}, {"text": ",", "bbox": [73, 81, 288, 117]}, {"text": "Lingipur", "bbox": [73, 81, 288, 117]}, {"text": ",", "bbox": [73, 81, 288, 117]}, {"text": "Bhubaneshwar", "bbox": [73, 81, 288, 117]}, {"text": ",", "bbox": [73, 81, 288, 117]}, {"text": "Odisha", "bbox": [73, 81, 288, 117]}, {"text": "-", "bbox": [73, 81, 288, 117]}, {"text": "751002", "bbox": [73, 81, 288, 117]}], "id": 1}, {"box": [157, 131, 231, 145], "text": "211RBPS4454Q126 ", "label": "vendor_gst", "words": [{"text": "211RBPS4454Q126", "bbox": [157, 131, 231, 145]}], "id": 2}, {"box": [129, 120, 186, 133], "text": "0674-2914169 ", "label": "vendor_phoneno", "words": [{"text": "0674-2914169", "bbox": [129, 120, 186, 133]}], "id": 3}, {"box": [195, 120, 244, 133], "text": "8975957657 ", "label": "vendor_phoneno", "words": [{"text": "8975957657", "bbox": [195, 120, 244, 133]}], "id": 4}, {"box": [244, 187, 328, 201], "text": "Sun Mar 27 2022 ", "label": "transaction_date", "words": [{"text": "Sun", "bbox": [244, 187, 328, 201]}, {"text": "Mar", "bbox": [244, 187, 328, 201]}, {"text": "27", "bbox": [244, 187, 328, 201]}, {"text": "2022", "bbox": [244, 187, 328, 201]}], "id": 5}, {"box": [279, 202, 323, 216], "text": "05:30:00 ", "label": "transaction_time", "words": [{"text": "05:30:00", "bbox": [279, 202, 323, 216]}], "id": 6}, {"box": [100, 189, 195, 199], "text": "SAI SUBHA ", "label": "customer_name", "words": [{"text": "SAI", "bbox": [100, 189, 195, 199]}, {"text": "SUBHA", "bbox": [100, 189, 195, 199]}], "id": 7}, {"box": [81, 214, 165, 227], "text": "7978704830 ", "label": "customer_phoneno", "words": [{"text": "7978704830", "bbox": [81, 214, 165, 227]}], "id": 8}, {"box": [247, 641, 284, 659], "text": "3979.2 ", "label": "total_amount", "words": [{"text": "3979.2", "bbox": [247, 641, 284, 659]}], "id": 9}]}