{"form": [{"box": [117, 44, 279, 70], "text": "NEHA'S MART ", "label": "vendor_name", "words": [{"text": "NEHA'S", "bbox": [117, 44, 279, 70]}, {"text": "MART", "bbox": [117, 44, 279, 70]}], "id": 0}, {"box": [53, 70, 290, 93], "text": "1ST FLOOR , DWARIKA ENCLAVE NEAR SUREKHA REGENCY , PURI CANAL ROAD ", "label": "vendor_address", "words": [{"text": "1ST", "bbox": [53, 70, 290, 93]}, {"text": "FLOOR", "bbox": [53, 70, 290, 93]}, {"text": ",", "bbox": [53, 70, 290, 93]}, {"text": "DWARIKA", "bbox": [53, 70, 290, 93]}, {"text": "ENCLAVE", "bbox": [53, 70, 290, 93]}, {"text": "NEAR", "bbox": [53, 70, 290, 93]}, {"text": "SUREKHA", "bbox": [53, 70, 290, 93]}, {"text": "REGENCY", "bbox": [53, 70, 290, 93]}, {"text": ",", "bbox": [53, 70, 290, 93]}, {"text": "PURI", "bbox": [53, 70, 290, 93]}, {"text": "CANAL", "bbox": [53, 70, 290, 93]}, {"text": "ROAD", "bbox": [53, 70, 290, 93]}], "id": 1}, {"box": [163, 91, 234, 104], "text": "7008960240 ", "label": "vendor_phoneno", "words": [{"text": "7008960240", "bbox": [163, 91, 234, 104]}], "id": 2}, {"box": [129, 114, 222, 125], "text": "21CIUPP5534Q1ZF ", "label": "vendor_gst", "words": [{"text": "21CIUPP5534Q1ZF", "bbox": [129, 114, 222, 125]}], "id": 3}, {"box": [89, 128, 215, 141], "text": "METRO D 176 LANE 5 ", "label": "customer_name", "words": [{"text": "METRO", "bbox": [89, 128, 215, 141]}, {"text": "D", "bbox": [89, 128, 215, 141]}, {"text": "176", "bbox": [89, 128, 215, 141]}, {"text": "LANE", "bbox": [89, 128, 215, 141]}, {"text": "5", "bbox": [89, 128, 215, 141]}], "id": 4}, {"box": [78, 139, 140, 150], "text": "9438842153 ", "label": "customer_phoneno", "words": [{"text": "9438842153", "bbox": [78, 139, 140, 150]}], "id": 5}, {"box": [258, 128, 307, 138], "text": "0014869 ", "label": "receipt_number", "words": [{"text": "0014869", "bbox": [258, 128, 307, 138]}], "id": 6}, {"box": [251, 138, 309, 149], "text": "05/03/2022 ", "label": "transaction_date", "words": [{"text": "05/03/2022", "bbox": [251, 138, 309, 149]}], "id": 7}, {"box": [252, 149, 285, 159], "text": "11:17 ", "label": "transaction_time", "words": [{"text": "11:17", "bbox": [252, 149, 285, 159]}], "id": 8}, {"box": [286, 269, 324, 283], "text": "134.00 ", "label": "total_amount", "words": [{"text": "134.00", "bbox": [286, 269, 324, 283]}], "id": 9}, {"box": [127, 293, 159, 315], "text": "0.00 ", "label": "savings", "words": [{"text": "0.00", "bbox": [127, 293, 159, 315]}], "id": 10}]}