{"form": [{"box": [117, 44, 251, 68], "text": "HOME CARE ", "label": "vendor_name", "words": [{"text": "HOME", "bbox": [117, 44, 251, 68]}, {"text": "CARE", "bbox": [117, 44, 251, 68]}], "id": 0}, {"box": [122, 70, 250, 94], "text": "MUKUNDA PRASAD MELAN PADIA ", "label": "vendor_address", "words": [{"text": "MUKUNDA", "bbox": [122, 70, 250, 94]}, {"text": "PRASAD", "bbox": [122, 70, 250, 94]}, {"text": "MELAN", "bbox": [122, 70, 250, 94]}, {"text": "PADIA", "bbox": [122, 70, 250, 94]}], "id": 1}, {"box": [163, 91, 234, 104], "text": "9439454006 ", "label": "vendor_phoneno", "words": [{"text": "9439454006", "bbox": [163, 91, 234, 104]}], "id": 2}, {"box": [126, 111, 225, 125], "text": "21GMAPS2777C1Z6 ", "label": "vendor_gst", "words": [{"text": "21GMAPS2777C1Z6", "bbox": [126, 111, 225, 125]}], "id": 3}, {"box": [89, 127, 214, 139], "text": "CASH ", "label": "customer_name", "words": [{"text": "CASH", "bbox": [89, 127, 214, 139]}], "id": 4}, {"box": [82, 139, 214, 149], "text": "", "label": "vendor_phoneno", "words": [], "id": 5}, {"box": [259, 127, 304, 140], "text": "0002063 ", "label": "receipt_number", "words": [{"text": "0002063", "bbox": [259, 127, 304, 140]}], "id": 6}, {"box": [253, 139, 312, 150], "text": "07/05/2022 ", "label": "transaction_date", "words": [{"text": "07/05/2022", "bbox": [253, 139, 312, 150]}], "id": 7}, {"box": [254, 149, 290, 159], "text": "18:54 ", "label": "transaction_time", "words": [{"text": "18:54", "bbox": [254, 149, 290, 159]}], "id": 8}, {"box": [282, 445, 332, 459], "text": "861.71 ", "label": "sub_total_amount", "words": [{"text": "861.71", "bbox": [282, 445, 332, 459]}], "id": 9}, {"box": [280, 475, 327, 492], "text": "862.00 ", "label": "total_amount", "words": [{"text": "862.00", "bbox": [280, 475, 327, 492]}], "id": 10}, {"box": [203, 492, 247, 511], "text": "97.29 ", "label": "savings", "words": [{"text": "97.29", "bbox": [203, 492, 247, 511]}], "id": 11}]}