{"form": [{"box": [88, 57, 267, 89], "text": "MO GROCERY \u2122 ", "label": "vendor_name", "words": [{"text": "MO", "bbox": [88, 57, 267, 89]}, {"text": "GROCERY", "bbox": [88, 57, 267, 89]}, {"text": "\u2122", "bbox": [88, 57, 267, 89]}], "id": 0}, {"box": [47, 126, 310, 166], "text": "Plot no - D3 / 20 , Indira Gandhi Housing Colony Lingipur , Bhubaneshwar , Odisha - 751002 ", "label": "vendor_address", "words": [{"text": "Plot", "bbox": [47, 126, 310, 166]}, {"text": "no", "bbox": [47, 126, 310, 166]}, {"text": "-", "bbox": [47, 126, 310, 166]}, {"text": "D3", "bbox": [47, 126, 310, 166]}, {"text": "/", "bbox": [47, 126, 310, 166]}, {"text": "20", "bbox": [47, 126, 310, 166]}, {"text": ",", "bbox": [47, 126, 310, 166]}, {"text": "Indira", "bbox": [47, 126, 310, 166]}, {"text": "Gandhi", "bbox": [47, 126, 310, 166]}, {"text": "Housing", "bbox": [47, 126, 310, 166]}, {"text": "Colony", "bbox": [47, 126, 310, 166]}, {"text": "Lingipur", "bbox": [47, 126, 310, 166]}, {"text": ",", "bbox": [47, 126, 310, 166]}, {"text": "Bhubaneshwar", "bbox": [47, 126, 310, 166]}, {"text": ",", "bbox": [47, 126, 310, 166]}, {"text": "Odisha", "bbox": [47, 126, 310, 166]}, {"text": "-", "bbox": [47, 126, 310, 166]}, {"text": "751002", "bbox": [47, 126, 310, 166]}], "id": 1}, {"box": [150, 108, 258, 125], "text": "21IRBPS4454Q1Z6 ", "label": "vendor_gst", "words": [{"text": "21IRBPS4454Q1Z6", "bbox": [150, 108, 258, 125]}], "id": 2}, {"box": [174, 240, 300, 252], "text": "Santosh ", "label": "customer_name", "words": [{"text": "Santosh", "bbox": [174, 240, 300, 252]}], "id": 3}, {"box": [68, 165, 154, 181], "text": "0674-2914169 ", "label": "vendor_phoneno", "words": [{"text": "0674-2914169", "bbox": [68, 165, 154, 181]}], "id": 4}, {"box": [181, 203, 293, 216], "text": "SI / 2022-23 / AA1 / K1 / 516 ", "label": "receipt_number", "words": [{"text": "SI", "bbox": [181, 203, 293, 216]}, {"text": "/", "bbox": [181, 203, 293, 216]}, {"text": "2022-23", "bbox": [181, 203, 293, 216]}, {"text": "/", "bbox": [181, 203, 293, 216]}, {"text": "AA1", "bbox": [181, 203, 293, 216]}, {"text": "/", "bbox": [181, 203, 293, 216]}, {"text": "K1", "bbox": [181, 203, 293, 216]}, {"text": "/", "bbox": [181, 203, 293, 216]}, {"text": "516", "bbox": [181, 203, 293, 216]}], "id": 5}, {"box": [177, 220, 253, 235], "text": "Mon Apr 18 2022 ", "label": "transaction_date", "words": [{"text": "Mon", "bbox": [177, 220, 253, 235]}, {"text": "Apr", "bbox": [177, 220, 253, 235]}, {"text": "18", "bbox": [177, 220, 253, 235]}, {"text": "2022", "bbox": [177, 220, 253, 235]}], "id": 6}, {"box": [250, 223, 294, 234], "text": "20:10:43 ", "label": "transaction_time", "words": [{"text": "20:10:43", "bbox": [250, 223, 294, 234]}], "id": 7}, {"box": [246, 395, 293, 412], "text": "237 ", "label": "total_amount", "words": [{"text": "237", "bbox": [246, 395, 293, 412]}], "id": 8}, {"box": [210, 452, 254, 471], "text": "42.41 ", "label": "savings", "words": [{"text": "42.41", "bbox": [210, 452, 254, 471]}], "id": 9}, {"box": [202, 249, 269, 263], "text": "9438471471 ", "label": "customer_phoneno", "words": [{"text": "9438471471", "bbox": [202, 249, 269, 263]}], "id": 10}, {"box": [161, 168, 233, 185], "text": "9861999321 ", "label": "vendor_phoneno", "words": [{"text": "9861999321", "bbox": [161, 168, 233, 185]}], "id": 11}, {"box": [243, 168, 316, 184], "text": "9881882449 ", "label": "vendor_phoneno", "words": [{"text": "9881882449", "bbox": [243, 168, 316, 184]}], "id": 12}]}