{"form": [{"box": [61, 45, 297, 64], "text": "HANUMAN MEDICINE STORE ", "label": "vendor_name", "words": [{"text": "HANUMAN", "bbox": [61, 45, 297, 64]}, {"text": "MEDICINE", "bbox": [61, 45, 297, 64]}, {"text": "STORE", "bbox": [61, 45, 297, 64]}], "id": 0}, {"box": [65, 62, 289, 83], "text": "AT - RAGHUNATH NAGAR , P.O - DUMUDUMA PLOT NO . - 361 , BHUBANESWAR - 751019 ", "label": "vendor_address", "words": [{"text": "AT", "bbox": [65, 62, 289, 83]}, {"text": "-", "bbox": [65, 62, 289, 83]}, {"text": "RAGHUNATH", "bbox": [65, 62, 289, 83]}, {"text": "NAGAR", "bbox": [65, 62, 289, 83]}, {"text": ",", "bbox": [65, 62, 289, 83]}, {"text": "P.O", "bbox": [65, 62, 289, 83]}, {"text": "-", "bbox": [65, 62, 289, 83]}, {"text": "DUMUDUMA", "bbox": [65, 62, 289, 83]}, {"text": "PLOT", "bbox": [65, 62, 289, 83]}, {"text": "NO", "bbox": [65, 62, 289, 83]}, {"text": ".", "bbox": [65, 62, 289, 83]}, {"text": "-", "bbox": [65, 62, 289, 83]}, {"text": "361", "bbox": [65, 62, 289, 83]}, {"text": ",", "bbox": [65, 62, 289, 83]}, {"text": "BHUBANESWAR", "bbox": [65, 62, 289, 83]}, {"text": "-", "bbox": [65, 62, 289, 83]}, {"text": "751019", "bbox": [65, 62, 289, 83]}], "id": 1}, {"box": [167, 81, 228, 93], "text": "9437130890 ", "label": "vendor_phoneno", "words": [{"text": "9437130890", "bbox": [167, 81, 228, 93]}], "id": 2}, {"box": [147, 102, 247, 115], "text": ": 21AHOPP9866G12S ", "label": "vendor_gst", "words": [{"text": ":", "bbox": [147, 102, 247, 115]}, {"text": "21AHOPP9866G12S", "bbox": [147, 102, 247, 115]}], "id": 3}, {"box": [89, 127, 214, 139], "text": "CASH ", "label": "customer_name", "words": [{"text": "CASH", "bbox": [89, 127, 214, 139]}], "id": 4}, {"box": [82, 139, 214, 149], "text": "", "label": "vendor_phoneno", "words": [], "id": 5}, {"box": [252, 135, 294, 148], "text": "0007343 ", "label": "receipt_number", "words": [{"text": "0007343", "bbox": [252, 135, 294, 148]}], "id": 6}, {"box": [107, 253, 157, 267], "text": "265.03 ", "label": "sub_total_amount", "words": [{"text": "265.03", "bbox": [107, 253, 157, 267]}], "id": 7}, {"box": [269, 298, 316, 315], "text": "268.00 ", "label": "total_amount", "words": [{"text": "268.00", "bbox": [269, 298, 316, 315]}], "id": 8}, {"box": [277, 266, 321, 285], "text": "20.20 ", "label": "savings", "words": [{"text": "20.20", "bbox": [277, 266, 321, 285]}], "id": 9}, {"box": [247, 148, 301, 160], "text": "30/03/2022 ", "label": "transaction_date", "words": [{"text": "30/03/2022", "bbox": [247, 148, 301, 160]}], "id": 10}]}