{"form": [{"box": [99, 40, 226, 61], "text": "WHITE SAND ", "label": "vendor_name", "words": [{"text": "WHITE", "bbox": [99, 40, 226, 61]}, {"text": "SAND", "bbox": [99, 40, 226, 61]}], "id": 0}, {"box": [55, 59, 269, 101], "text": "Shiraz Golden Restaurant Madhusudan Nagar , Unit - 4 , Bhubaneswar ", "label": "vendor_address", "words": [{"text": "Shiraz", "bbox": [55, 59, 269, 101]}, {"text": "Golden", "bbox": [55, 59, 269, 101]}, {"text": "Restaurant", "bbox": [55, 59, 269, 101]}, {"text": "Madhusudan", "bbox": [55, 59, 269, 101]}, {"text": "Nagar", "bbox": [55, 59, 269, 101]}, {"text": ",", "bbox": [55, 59, 269, 101]}, {"text": "Unit", "bbox": [55, 59, 269, 101]}, {"text": "-", "bbox": [55, 59, 269, 101]}, {"text": "4", "bbox": [55, 59, 269, 101]}, {"text": ",", "bbox": [55, 59, 269, 101]}, {"text": "Bhubaneswar", "bbox": [55, 59, 269, 101]}], "id": 1}, {"box": [92, 101, 172, 119], "text": "", "label": "vendor_phoneno", "words": [], "id": 2}, {"box": [175, 100, 265, 118], "text": "", "label": "vendor_phoneno", "words": [], "id": 3}, {"box": [120, 116, 261, 133], "text": "21AABFW3989K1ZS ", "label": "vendor_gst", "words": [{"text": "21AABFW3989K1ZS", "bbox": [120, 116, 261, 133]}], "id": 4}, {"box": [84, 141, 249, 155], "text": "", "label": "customer_name", "words": [], "id": 5}, {"box": [73, 163, 139, 183], "text": "22/05/22 ", "label": "transaction_date", "words": [{"text": "22/05/22", "bbox": [73, 163, 139, 183]}], "id": 6}, {"box": [214, 178, 261, 192], "text": "89512 ", "label": "transaction_time", "words": [{"text": "89512", "bbox": [214, 178, 261, 192]}], "id": 7}, {"box": [237, 309, 293, 324], "text": "642.86 ", "label": "sub_total_amount", "words": [{"text": "642.86", "bbox": [237, 309, 293, 324]}], "id": 8}, {"box": [227, 356, 291, 373], "text": "675.00 ", "label": "total_amount", "words": [{"text": "675.00", "bbox": [227, 356, 291, 373]}], "id": 9}]}