{"form": [{"box": [59, 76, 292, 95], "text": "SRI SATYASAI ENTERPRISE ", "label": "vendor_name", "words": [{"text": "SRI", "bbox": [59, 76, 292, 95]}, {"text": "SATYASAI", "bbox": [59, 76, 292, 95]}, {"text": "ENTERPRISE", "bbox": [59, 76, 292, 95]}], "id": 0}, {"box": [74, 94, 294, 120], "text": "B - 63 , RUPALI SQUARE , SAHEED NAGAR , BHUBANESWAR - 751007 ", "label": "vendor_address", "words": [{"text": "B", "bbox": [74, 94, 294, 120]}, {"text": "-", "bbox": [74, 94, 294, 120]}, {"text": "63", "bbox": [74, 94, 294, 120]}, {"text": ",", "bbox": [74, 94, 294, 120]}, {"text": "RUPALI", "bbox": [74, 94, 294, 120]}, {"text": "SQUARE", "bbox": [74, 94, 294, 120]}, {"text": ",", "bbox": [74, 94, 294, 120]}, {"text": "SAHEED", "bbox": [74, 94, 294, 120]}, {"text": "NAGAR", "bbox": [74, 94, 294, 120]}, {"text": ",", "bbox": [74, 94, 294, 120]}, {"text": "BHUBANESWAR", "bbox": [74, 94, 294, 120]}, {"text": "-", "bbox": [74, 94, 294, 120]}, {"text": "751007", "bbox": [74, 94, 294, 120]}], "id": 1}, {"box": [158, 118, 224, 135], "text": "9437055558 ", "label": "vendor_phoneno", "words": [{"text": "9437055558", "bbox": [158, 118, 224, 135]}], "id": 2}, {"box": [147, 136, 266, 153], "text": "-21AGVPS4577PIZB ", "label": "vendor_gst", "words": [{"text": "-21AGVPS4577PIZB", "bbox": [147, 136, 266, 153]}], "id": 3}, {"box": [91, 197, 181, 210], "text": "", "label": "customer_phoneno", "words": [], "id": 4}, {"box": [222, 192, 315, 210], "text": "ho ", "label": "customer_name", "words": [{"text": "ho", "bbox": [222, 192, 315, 210]}], "id": 5}, {"box": [120, 221, 189, 235], "text": "EATS11392 ", "label": "receipt_number", "words": [{"text": "EATS11392", "bbox": [120, 221, 189, 235]}], "id": 6}, {"box": [250, 220, 317, 235], "text": "28/03/2022 ", "label": "transaction_date", "words": [{"text": "28/03/2022", "bbox": [250, 220, 317, 235]}], "id": 7}, {"box": [251, 237, 290, 253], "text": "10:50 ", "label": "transaction_time", "words": [{"text": "10:50", "bbox": [251, 237, 290, 253]}], "id": 8}, {"box": [278, 417, 332, 431], "text": "1150.00 ", "label": "total_amount", "words": [{"text": "1150.00", "bbox": [278, 417, 332, 431]}], "id": 9}, {"box": [189, 507, 216, 521], "text": "0.00 ", "label": "savings", "words": [{"text": "0.00", "bbox": [189, 507, 216, 521]}], "id": 10}]}