{"form": [{"box": [99, 59, 268, 86], "text": "MO GROCERY \u2122 ", "label": "vendor_name", "words": [{"text": "MO", "bbox": [99, 59, 268, 86]}, {"text": "GROCERY", "bbox": [99, 59, 268, 86]}, {"text": "\u2122", "bbox": [99, 59, 268, 86]}], "id": 0}, {"box": [49, 124, 312, 161], "text": "Plot no - D3 / 20 , Indira Gandhi Housing Colony Lingipur , Bhubaneshwar , Odisha - 751002 ", "label": "vendor_address", "words": [{"text": "Plot", "bbox": [49, 124, 312, 161]}, {"text": "no", "bbox": [49, 124, 312, 161]}, {"text": "-", "bbox": [49, 124, 312, 161]}, {"text": "D3", "bbox": [49, 124, 312, 161]}, {"text": "/", "bbox": [49, 124, 312, 161]}, {"text": "20", "bbox": [49, 124, 312, 161]}, {"text": ",", "bbox": [49, 124, 312, 161]}, {"text": "Indira", "bbox": [49, 124, 312, 161]}, {"text": "Gandhi", "bbox": [49, 124, 312, 161]}, {"text": "Housing", "bbox": [49, 124, 312, 161]}, {"text": "Colony", "bbox": [49, 124, 312, 161]}, {"text": "Lingipur", "bbox": [49, 124, 312, 161]}, {"text": ",", "bbox": [49, 124, 312, 161]}, {"text": "Bhubaneshwar", "bbox": [49, 124, 312, 161]}, {"text": ",", "bbox": [49, 124, 312, 161]}, {"text": "Odisha", "bbox": [49, 124, 312, 161]}, {"text": "-", "bbox": [49, 124, 312, 161]}, {"text": "751002", "bbox": [49, 124, 312, 161]}], "id": 1}, {"box": [160, 167, 234, 182], "text": "9861999321 ", "label": "vendor_phoneno", "words": [{"text": "9861999321", "bbox": [160, 167, 234, 182]}], "id": 2}, {"box": [148, 109, 257, 124], "text": "21IRBPS4454Q1Z6 ", "label": "vendor_gst", "words": [{"text": "21IRBPS4454Q1Z6", "bbox": [148, 109, 257, 124]}], "id": 3}, {"box": [172, 241, 298, 253], "text": "Manash Ranjan ", "label": "customer_name", "words": [{"text": "Manash", "bbox": [172, 241, 298, 253]}, {"text": "Ranjan", "bbox": [172, 241, 298, 253]}], "id": 4}, {"box": [71, 168, 153, 184], "text": "0674-2914169 ", "label": "vendor_phoneno", "words": [{"text": "0674-2914169", "bbox": [71, 168, 153, 184]}], "id": 5}, {"box": [197, 203, 278, 218], "text": "SI / AA1 / K1 / 2728 ", "label": "receipt_number", "words": [{"text": "SI", "bbox": [197, 203, 278, 218]}, {"text": "/", "bbox": [197, 203, 278, 218]}, {"text": "AA1", "bbox": [197, 203, 278, 218]}, {"text": "/", "bbox": [197, 203, 278, 218]}, {"text": "K1", "bbox": [197, 203, 278, 218]}, {"text": "/", "bbox": [197, 203, 278, 218]}, {"text": "2728", "bbox": [197, 203, 278, 218]}], "id": 6}, {"box": [172, 222, 254, 234], "text": "Wed Mar 16 2022 ", "label": "transaction_date", "words": [{"text": "Wed", "bbox": [172, 222, 254, 234]}, {"text": "Mar", "bbox": [172, 222, 254, 234]}, {"text": "16", "bbox": [172, 222, 254, 234]}, {"text": "2022", "bbox": [172, 222, 254, 234]}], "id": 7}, {"box": [252, 222, 295, 233], "text": "08:56:51 ", "label": "transaction_time", "words": [{"text": "08:56:51", "bbox": [252, 222, 295, 233]}], "id": 8}, {"box": [252, 392, 299, 409], "text": "84 ", "label": "total_amount", "words": [{"text": "84", "bbox": [252, 392, 299, 409]}], "id": 9}, {"box": [219, 446, 244, 463], "text": "8 ", "label": "savings", "words": [{"text": "8", "bbox": [219, 446, 244, 463]}], "id": 10}, {"box": [241, 167, 316, 183], "text": "9881882449 ", "label": "vendor_phoneno", "words": [{"text": "9881882449", "bbox": [241, 167, 316, 183]}], "id": 11}, {"box": [204, 259, 265, 272], "text": "9776042775 ", "label": "customer_phoneno", "words": [{"text": "9776042775", "bbox": [204, 259, 265, 272]}], "id": 12}]}