{"form": [{"box": [114, 43, 248, 67], "text": "HOME CARE ", "label": "vendor_name", "words": [{"text": "HOME", "bbox": [114, 43, 248, 67]}, {"text": "CARE", "bbox": [114, 43, 248, 67]}], "id": 0}, {"box": [122, 70, 250, 94], "text": "MUKUNDA PRASAD MELAN PADIA ", "label": "vendor_address", "words": [{"text": "MUKUNDA", "bbox": [122, 70, 250, 94]}, {"text": "PRASAD", "bbox": [122, 70, 250, 94]}, {"text": "MELAN", "bbox": [122, 70, 250, 94]}, {"text": "PADIA", "bbox": [122, 70, 250, 94]}], "id": 1}, {"box": [163, 91, 234, 104], "text": "9439454006 ", "label": "vendor_phoneno", "words": [{"text": "9439454006", "bbox": [163, 91, 234, 104]}], "id": 2}, {"box": [126, 111, 225, 125], "text": "21GMAPS2777C1Z6 ", "label": "vendor_gst", "words": [{"text": "21GMAPS2777C1Z6", "bbox": [126, 111, 225, 125]}], "id": 3}, {"box": [89, 127, 214, 139], "text": "CASH ", "label": "customer_name", "words": [{"text": "CASH", "bbox": [89, 127, 214, 139]}], "id": 4}, {"box": [82, 139, 214, 149], "text": "", "label": "vendor_phoneno", "words": [], "id": 5}, {"box": [259, 127, 304, 140], "text": "0001422 ", "label": "receipt_number", "words": [{"text": "0001422", "bbox": [259, 127, 304, 140]}], "id": 6}, {"box": [253, 139, 312, 150], "text": "26/04/2022 ", "label": "transaction_date", "words": [{"text": "26/04/2022", "bbox": [253, 139, 312, 150]}], "id": 7}, {"box": [254, 149, 290, 159], "text": "09:52 ", "label": "transaction_time", "words": [{"text": "09:52", "bbox": [254, 149, 290, 159]}], "id": 8}, {"box": [280, 266, 327, 279], "text": "506.00 ", "label": "sub_total_amount", "words": [{"text": "506.00", "bbox": [280, 266, 327, 279]}], "id": 9}, {"box": [280, 296, 327, 313], "text": "506.00 ", "label": "total_amount", "words": [{"text": "506.00", "bbox": [280, 296, 327, 313]}], "id": 10}, {"box": [204, 314, 248, 333], "text": "77.00 ", "label": "savings", "words": [{"text": "77.00", "bbox": [204, 314, 248, 333]}], "id": 11}]}