{"form": [{"box": [114, 45, 249, 67], "text": "HOME CARE ", "label": "vendor_name", "words": [{"text": "HOME", "bbox": [114, 45, 249, 67]}, {"text": "CARE", "bbox": [114, 45, 249, 67]}], "id": 0}, {"box": [122, 70, 250, 94], "text": "MUKUNDA PRASAD MELAN PADIA ", "label": "vendor_address", "words": [{"text": "MUKUNDA", "bbox": [122, 70, 250, 94]}, {"text": "PRASAD", "bbox": [122, 70, 250, 94]}, {"text": "MELAN", "bbox": [122, 70, 250, 94]}, {"text": "PADIA", "bbox": [122, 70, 250, 94]}], "id": 1}, {"box": [163, 91, 234, 104], "text": "9439454006 ", "label": "vendor_phoneno", "words": [{"text": "9439454006", "bbox": [163, 91, 234, 104]}], "id": 2}, {"box": [126, 111, 225, 125], "text": "21GMAPS2777C1Z6 ", "label": "vendor_gst", "words": [{"text": "21GMAPS2777C1Z6", "bbox": [126, 111, 225, 125]}], "id": 3}, {"box": [89, 127, 214, 139], "text": "CASH ", "label": "customer_name", "words": [{"text": "CASH", "bbox": [89, 127, 214, 139]}], "id": 4}, {"box": [82, 139, 214, 149], "text": "", "label": "vendor_phoneno", "words": [], "id": 5}, {"box": [259, 127, 304, 140], "text": "", "label": "receipt_number", "words": [], "id": 6}, {"box": [253, 139, 312, 150], "text": "", "label": "transaction_date", "words": [], "id": 7}, {"box": [254, 149, 290, 159], "text": "20:41 ", "label": "transaction_time", "words": [{"text": "20:41", "bbox": [254, 149, 290, 159]}], "id": 8}, {"box": [283, 225, 330, 238], "text": "64.00 ", "label": "sub_total_amount", "words": [{"text": "64.00", "bbox": [283, 225, 330, 238]}], "id": 9}, {"box": [284, 252, 332, 272], "text": "64.00 ", "label": "total_amount", "words": [{"text": "64.00", "bbox": [284, 252, 332, 272]}], "id": 10}, {"box": [206, 282, 250, 301], "text": "0.00 ", "label": "savings", "words": [{"text": "0.00", "bbox": [206, 282, 250, 301]}], "id": 11}]}