{"form": [{"box": [88, 142, 274, 168], "text": "MO GROCERY \u2122 ", "label": "vendor_name", "words": [{"text": "MO", "bbox": [88, 142, 274, 168]}, {"text": "GROCERY", "bbox": [88, 142, 274, 168]}, {"text": "\u2122", "bbox": [88, 142, 274, 168]}], "id": 0}, {"box": [45, 199, 328, 240], "text": "Plot no - D3 / 20 , Indira Gandhi Housing Colony Lingipur , Bhubaneshwar , Odisha - 751002 ", "label": "vendor_address", "words": [{"text": "Plot", "bbox": [45, 199, 328, 240]}, {"text": "no", "bbox": [45, 199, 328, 240]}, {"text": "-", "bbox": [45, 199, 328, 240]}, {"text": "D3", "bbox": [45, 199, 328, 240]}, {"text": "/", "bbox": [45, 199, 328, 240]}, {"text": "20", "bbox": [45, 199, 328, 240]}, {"text": ",", "bbox": [45, 199, 328, 240]}, {"text": "Indira", "bbox": [45, 199, 328, 240]}, {"text": "Gandhi", "bbox": [45, 199, 328, 240]}, {"text": "Housing", "bbox": [45, 199, 328, 240]}, {"text": "Colony", "bbox": [45, 199, 328, 240]}, {"text": "Lingipur", "bbox": [45, 199, 328, 240]}, {"text": ",", "bbox": [45, 199, 328, 240]}, {"text": "Bhubaneshwar", "bbox": [45, 199, 328, 240]}, {"text": ",", "bbox": [45, 199, 328, 240]}, {"text": "Odisha", "bbox": [45, 199, 328, 240]}, {"text": "-", "bbox": [45, 199, 328, 240]}, {"text": "751002", "bbox": [45, 199, 328, 240]}], "id": 1}, {"box": [161, 241, 235, 256], "text": "9861999321 ", "label": "vendor_phoneno", "words": [{"text": "9861999321", "bbox": [161, 241, 235, 256]}], "id": 2}, {"box": [148, 182, 262, 198], "text": "21IRBPS4454Q1Z6 ", "label": "vendor_gst", "words": [{"text": "21IRBPS4454Q1Z6", "bbox": [148, 182, 262, 198]}], "id": 3}, {"box": [173, 327, 298, 339], "text": "Bijay ", "label": "customer_name", "words": [{"text": "Bijay", "bbox": [173, 327, 298, 339]}], "id": 4}, {"box": [68, 240, 155, 259], "text": "0674-2914169 ", "label": "vendor_phoneno", "words": [{"text": "0674-2914169", "bbox": [68, 240, 155, 259]}], "id": 5}, {"box": [182, 289, 293, 303], "text": "S / 2022-23 / AA1 / K1 / 262 ", "label": "receipt_number", "words": [{"text": "S", "bbox": [182, 289, 293, 303]}, {"text": "/", "bbox": [182, 289, 293, 303]}, {"text": "2022-23", "bbox": [182, 289, 293, 303]}, {"text": "/", "bbox": [182, 289, 293, 303]}, {"text": "AA1", "bbox": [182, 289, 293, 303]}, {"text": "/", "bbox": [182, 289, 293, 303]}, {"text": "K1", "bbox": [182, 289, 293, 303]}, {"text": "/", "bbox": [182, 289, 293, 303]}, {"text": "262", "bbox": [182, 289, 293, 303]}], "id": 6}, {"box": [179, 304, 252, 321], "text": "Sat Apr 09 2022 ", "label": "transaction_date", "words": [{"text": "Sat", "bbox": [179, 304, 252, 321]}, {"text": "Apr", "bbox": [179, 304, 252, 321]}, {"text": "09", "bbox": [179, 304, 252, 321]}, {"text": "2022", "bbox": [179, 304, 252, 321]}], "id": 7}, {"box": [251, 307, 293, 320], "text": "21:54:26 ", "label": "transaction_time", "words": [{"text": "21:54:26", "bbox": [251, 307, 293, 320]}], "id": 8}, {"box": [251, 502, 299, 522], "text": "434 ", "label": "total_amount", "words": [{"text": "434", "bbox": [251, 502, 299, 522]}], "id": 9}, {"box": [209, 568, 253, 587], "text": "196.5 ", "label": "savings", "words": [{"text": "196.5", "bbox": [209, 568, 253, 587]}], "id": 10}, {"box": [203, 343, 273, 359], "text": "9403111316 ", "label": "customer_phoneno", "words": [{"text": "9403111316", "bbox": [203, 343, 273, 359]}], "id": 11}, {"box": [242, 240, 319, 257], "text": "9881882449 ", "label": "vendor_phoneno", "words": [{"text": "9881882449", "bbox": [242, 240, 319, 257]}], "id": 12}]}