{"form": [{"box": [116, 46, 248, 68], "text": "HOME CARE ", "label": "vendor_name", "words": [{"text": "HOME", "bbox": [116, 46, 248, 68]}, {"text": "CARE", "bbox": [116, 46, 248, 68]}], "id": 0}, {"box": [120, 68, 245, 92], "text": "MUKUNDA PRASAD MELAN PADIA ", "label": "vendor_address", "words": [{"text": "MUKUNDA", "bbox": [120, 68, 245, 92]}, {"text": "PRASAD", "bbox": [120, 68, 245, 92]}, {"text": "MELAN", "bbox": [120, 68, 245, 92]}, {"text": "PADIA", "bbox": [120, 68, 245, 92]}], "id": 1}, {"box": [164, 91, 229, 106], "text": "9439454006 ", "label": "vendor_phoneno", "words": [{"text": "9439454006", "bbox": [164, 91, 229, 106]}], "id": 2}, {"box": [125, 112, 228, 126], "text": "21GMAPS2777C1Z6 ", "label": "vendor_gst", "words": [{"text": "21GMAPS2777C1Z6", "bbox": [125, 112, 228, 126]}], "id": 3}, {"box": [87, 127, 166, 140], "text": "CASH ", "label": "customer_name", "words": [{"text": "CASH", "bbox": [87, 127, 166, 140]}], "id": 4}, {"box": [259, 125, 311, 139], "text": "0001206 ", "label": "receipt_number", "words": [{"text": "0001206", "bbox": [259, 125, 311, 139]}], "id": 5}, {"box": [253, 137, 314, 151], "text": "22/04/2022 ", "label": "transaction_date", "words": [{"text": "22/04/2022", "bbox": [253, 137, 314, 151]}], "id": 6}, {"box": [254, 148, 291, 159], "text": "18:27 ", "label": "transaction_time", "words": [{"text": "18:27", "bbox": [254, 148, 291, 159]}], "id": 7}, {"box": [293, 208, 326, 222], "text": "58.20 ", "label": "sub_total_amount", "words": [{"text": "58.20", "bbox": [293, 208, 326, 222]}], "id": 8}, {"box": [288, 239, 325, 254], "text": "58.00 ", "label": "total_amount", "words": [{"text": "58.00", "bbox": [288, 239, 325, 254]}], "id": 9}, {"box": [206, 255, 241, 274], "text": "1.80 ", "label": "savings", "words": [{"text": "1.80", "bbox": [206, 255, 241, 274]}], "id": 10}]}