{"form": [{"box": [100, 43, 224, 62], "text": "WHITE SAND ", "label": "vendor_name", "words": [{"text": "WHITE", "bbox": [100, 43, 224, 62]}, {"text": "SAND", "bbox": [100, 43, 224, 62]}], "id": 0}, {"box": [62, 61, 256, 97], "text": "Shiraz Golden Restaurant Madhusudan Nagar , Unit - 4 , Bhubaneswar ", "label": "vendor_address", "words": [{"text": "Shiraz", "bbox": [62, 61, 256, 97]}, {"text": "Golden", "bbox": [62, 61, 256, 97]}, {"text": "Restaurant", "bbox": [62, 61, 256, 97]}, {"text": "Madhusudan", "bbox": [62, 61, 256, 97]}, {"text": "Nagar", "bbox": [62, 61, 256, 97]}, {"text": ",", "bbox": [62, 61, 256, 97]}, {"text": "Unit", "bbox": [62, 61, 256, 97]}, {"text": "-", "bbox": [62, 61, 256, 97]}, {"text": "4", "bbox": [62, 61, 256, 97]}, {"text": ",", "bbox": [62, 61, 256, 97]}, {"text": "Bhubaneswar", "bbox": [62, 61, 256, 97]}], "id": 1}, {"box": [93, 97, 172, 109], "text": "", "label": "vendor_phoneno", "words": [], "id": 2}, {"box": [175, 94, 259, 110], "text": "", "label": "vendor_phoneno", "words": [], "id": 3}, {"box": [120, 109, 254, 120], "text": "21AABFW3989K1ZS ", "label": "vendor_gst", "words": [{"text": "21AABFW3989K1ZS", "bbox": [120, 109, 254, 120]}], "id": 4}, {"box": [77, 126, 203, 142], "text": "", "label": "customer_name", "words": [], "id": 5}, {"box": [72, 154, 137, 170], "text": "22/05/22 ", "label": "transaction_date", "words": [{"text": "22/05/22", "bbox": [72, 154, 137, 170]}], "id": 6}, {"box": [213, 169, 263, 182], "text": "89459 ", "label": "receipt_number", "words": [{"text": "89459", "bbox": [213, 169, 263, 182]}], "id": 7}, {"box": [239, 308, 290, 324], "text": "514.30 ", "label": "sub_total_amount", "words": [{"text": "514.30", "bbox": [239, 308, 290, 324]}], "id": 8}, {"box": [225, 371, 291, 385], "text": "540.00 ", "label": "total_amount", "words": [{"text": "540.00", "bbox": [225, 371, 291, 385]}], "id": 9}]}