{"form": [{"box": [117, 44, 244, 68], "text": "HOME CARE ", "label": "vendor_name", "words": [{"text": "HOME", "bbox": [117, 44, 244, 68]}, {"text": "CARE", "bbox": [117, 44, 244, 68]}], "id": 0}, {"box": [108, 68, 254, 93], "text": "MUKUNDA PRASAD MELAN PADIA ", "label": "vendor_address", "words": [{"text": "MUKUNDA", "bbox": [108, 68, 254, 93]}, {"text": "PRASAD", "bbox": [108, 68, 254, 93]}, {"text": "MELAN", "bbox": [108, 68, 254, 93]}, {"text": "PADIA", "bbox": [108, 68, 254, 93]}], "id": 1}, {"box": [165, 94, 231, 105], "text": "9439454006 ", "label": "vendor_phoneno", "words": [{"text": "9439454006", "bbox": [165, 94, 231, 105]}], "id": 2}, {"box": [123, 113, 228, 128], "text": "21GMAPS2777C1Z6 ", "label": "vendor_gst", "words": [{"text": "21GMAPS2777C1Z6", "bbox": [123, 113, 228, 128]}], "id": 3}, {"box": [87, 128, 170, 139], "text": "CASH ", "label": "customer_name", "words": [{"text": "CASH", "bbox": [87, 128, 170, 139]}], "id": 4}, {"box": [259, 126, 314, 139], "text": "0001225 ", "label": "receipt_number", "words": [{"text": "0001225", "bbox": [259, 126, 314, 139]}], "id": 5}, {"box": [253, 138, 319, 149], "text": "22/04/2022 ", "label": "transaction_date", "words": [{"text": "22/04/2022", "bbox": [253, 138, 319, 149]}], "id": 6}, {"box": [254, 148, 290, 159], "text": "22:29 ", "label": "transaction_time", "words": [{"text": "22:29", "bbox": [254, 148, 290, 159]}], "id": 7}, {"box": [287, 254, 328, 266], "text": "235.85 ", "label": "sub_total_amount", "words": [{"text": "235.85", "bbox": [287, 254, 328, 266]}], "id": 8}, {"box": [283, 284, 327, 297], "text": "236.00 ", "label": "total_amount", "words": [{"text": "236.00", "bbox": [283, 284, 327, 297]}], "id": 9}, {"box": [208, 300, 238, 316], "text": "4.15 ", "label": "savings", "words": [{"text": "4.15", "bbox": [208, 300, 238, 316]}], "id": 10}]}