{"form": [{"box": [60, 44, 299, 62], "text": "HANUMAN MEDICINE STORE ", "label": "vendor_name", "words": [{"text": "HANUMAN", "bbox": [60, 44, 299, 62]}, {"text": "MEDICINE", "bbox": [60, 44, 299, 62]}, {"text": "STORE", "bbox": [60, 44, 299, 62]}], "id": 0}, {"box": [63, 62, 298, 83], "text": "AT - RAGHUNATH NAGAR , P.O - DUMUDUMA PLOT NO . - 361 , BHUBANESWAR - 751019 ", "label": "vendor_address", "words": [{"text": "AT", "bbox": [63, 62, 298, 83]}, {"text": "-", "bbox": [63, 62, 298, 83]}, {"text": "RAGHUNATH", "bbox": [63, 62, 298, 83]}, {"text": "NAGAR", "bbox": [63, 62, 298, 83]}, {"text": ",", "bbox": [63, 62, 298, 83]}, {"text": "P.O", "bbox": [63, 62, 298, 83]}, {"text": "-", "bbox": [63, 62, 298, 83]}, {"text": "DUMUDUMA", "bbox": [63, 62, 298, 83]}, {"text": "PLOT", "bbox": [63, 62, 298, 83]}, {"text": "NO", "bbox": [63, 62, 298, 83]}, {"text": ".", "bbox": [63, 62, 298, 83]}, {"text": "-", "bbox": [63, 62, 298, 83]}, {"text": "361", "bbox": [63, 62, 298, 83]}, {"text": ",", "bbox": [63, 62, 298, 83]}, {"text": "BHUBANESWAR", "bbox": [63, 62, 298, 83]}, {"text": "-", "bbox": [63, 62, 298, 83]}, {"text": "751019", "bbox": [63, 62, 298, 83]}], "id": 1}, {"box": [167, 82, 229, 93], "text": "9437130890 ", "label": "vendor_phoneno", "words": [{"text": "9437130890", "bbox": [167, 82, 229, 93]}], "id": 2}, {"box": [147, 102, 250, 115], "text": ": 21AHOPP9866G12S ", "label": "vendor_gst", "words": [{"text": ":", "bbox": [147, 102, 250, 115]}, {"text": "21AHOPP9866G12S", "bbox": [147, 102, 250, 115]}], "id": 3}, {"box": [87, 127, 154, 141], "text": "CASH ", "label": "customer_name", "words": [{"text": "CASH", "bbox": [87, 127, 154, 141]}], "id": 4}, {"box": [251, 136, 300, 148], "text": "0006993 ", "label": "receipt_number", "words": [{"text": "0006993", "bbox": [251, 136, 300, 148]}], "id": 5}, {"box": [246, 148, 304, 162], "text": "12/03/2022 ", "label": "transaction_date", "words": [{"text": "12/03/2022", "bbox": [246, 148, 304, 162]}], "id": 6}, {"box": [108, 253, 145, 267], "text": "352.66 ", "label": "sub_total_amount", "words": [{"text": "352.66", "bbox": [108, 253, 145, 267]}], "id": 7}, {"box": [270, 298, 318, 315], "text": "355.00 ", "label": "total_amount", "words": [{"text": "355.00", "bbox": [270, 298, 318, 315]}], "id": 8}, {"box": [283, 267, 315, 284], "text": "39.50 ", "label": "savings", "words": [{"text": "39.50", "bbox": [283, 267, 315, 284]}], "id": 9}]}