{"form": [{"box": [87, 54, 273, 86], "text": "MO GROCERY \u2122 ", "label": "vendor_name", "words": [{"text": "MO", "bbox": [87, 54, 273, 86]}, {"text": "GROCERY", "bbox": [87, 54, 273, 86]}, {"text": "\u2122", "bbox": [87, 54, 273, 86]}], "id": 0}, {"box": [149, 106, 262, 124], "text": "21IRBPS4454Q1Z6 ", "label": "vendor_gst", "words": [{"text": "21IRBPS4454Q1Z6", "bbox": [149, 106, 262, 124]}], "id": 1}, {"box": [47, 121, 319, 162], "text": "Plot no - D3 / 20 , Indira Gandhi Housing Colony Lingipur , Bhubaneshwar , Odisha - 751002 ", "label": "vendor_address", "words": [{"text": "Plot", "bbox": [47, 121, 319, 162]}, {"text": "no", "bbox": [47, 121, 319, 162]}, {"text": "-", "bbox": [47, 121, 319, 162]}, {"text": "D3", "bbox": [47, 121, 319, 162]}, {"text": "/", "bbox": [47, 121, 319, 162]}, {"text": "20", "bbox": [47, 121, 319, 162]}, {"text": ",", "bbox": [47, 121, 319, 162]}, {"text": "Indira", "bbox": [47, 121, 319, 162]}, {"text": "Gandhi", "bbox": [47, 121, 319, 162]}, {"text": "Housing", "bbox": [47, 121, 319, 162]}, {"text": "Colony", "bbox": [47, 121, 319, 162]}, {"text": "Lingipur", "bbox": [47, 121, 319, 162]}, {"text": ",", "bbox": [47, 121, 319, 162]}, {"text": "Bhubaneshwar", "bbox": [47, 121, 319, 162]}, {"text": ",", "bbox": [47, 121, 319, 162]}, {"text": "Odisha", "bbox": [47, 121, 319, 162]}, {"text": "-", "bbox": [47, 121, 319, 162]}, {"text": "751002", "bbox": [47, 121, 319, 162]}], "id": 2}, {"box": [70, 165, 152, 185], "text": "0674-2914169 ", "label": "vendor_phoneno", "words": [{"text": "0674-2914169", "bbox": [70, 165, 152, 185]}], "id": 3}, {"box": [162, 165, 234, 188], "text": "9861999321 ", "label": "vendor_phoneno", "words": [{"text": "9861999321", "bbox": [162, 165, 234, 188]}], "id": 4}, {"box": [241, 165, 318, 185], "text": "9881882449 ", "label": "vendor_phoneno", "words": [{"text": "9881882449", "bbox": [241, 165, 318, 185]}], "id": 5}, {"box": [182, 203, 288, 217], "text": "SI / 2022-23 / AA1 / K2 / 723 ", "label": "receipt_number", "words": [{"text": "SI", "bbox": [182, 203, 288, 217]}, {"text": "/", "bbox": [182, 203, 288, 217]}, {"text": "2022-23", "bbox": [182, 203, 288, 217]}, {"text": "/", "bbox": [182, 203, 288, 217]}, {"text": "AA1", "bbox": [182, 203, 288, 217]}, {"text": "/", "bbox": [182, 203, 288, 217]}, {"text": "K2", "bbox": [182, 203, 288, 217]}, {"text": "/", "bbox": [182, 203, 288, 217]}, {"text": "723", "bbox": [182, 203, 288, 217]}], "id": 6}, {"box": [174, 221, 252, 237], "text": "Sun May 15 2022 ", "label": "transaction_date", "words": [{"text": "Sun", "bbox": [174, 221, 252, 237]}, {"text": "May", "bbox": [174, 221, 252, 237]}, {"text": "15", "bbox": [174, 221, 252, 237]}, {"text": "2022", "bbox": [174, 221, 252, 237]}], "id": 7}, {"box": [252, 220, 292, 238], "text": "20:48:55 ", "label": "transaction_time", "words": [{"text": "20:48:55", "bbox": [252, 220, 292, 238]}], "id": 8}, {"box": [213, 239, 258, 250], "text": "behera ", "label": "customer_name", "words": [{"text": "behera", "bbox": [213, 239, 258, 250]}], "id": 9}, {"box": [200, 249, 267, 257], "text": "9938144/19 ", "label": "customer_phoneno", "words": [{"text": "9938144/19", "bbox": [200, 249, 267, 257]}], "id": 10}, {"box": [248, 1116, 282, 1132], "text": "2413 ", "label": "total_amount", "words": [{"text": "2413", "bbox": [248, 1116, 282, 1132]}], "id": 11}, {"box": [211, 1181, 248, 1198], "text": "412.8 ", "label": "savings", "words": [{"text": "412.8", "bbox": [211, 1181, 248, 1198]}], "id": 12}]}