{"form": [{"box": [62, 74, 288, 94], "text": "SRI SATYASAI ENTERPRISE ", "label": "vendor_name", "words": [{"text": "SRI", "bbox": [62, 74, 288, 94]}, {"text": "SATYASAI", "bbox": [62, 74, 288, 94]}, {"text": "ENTERPRISE", "bbox": [62, 74, 288, 94]}], "id": 0}, {"box": [74, 94, 293, 119], "text": "B - 63 , RUPALI SQUARE , SAHEED NAGAR , BHUBANESWAR - 751007 ", "label": "vendor_address", "words": [{"text": "B", "bbox": [74, 94, 293, 119]}, {"text": "-", "bbox": [74, 94, 293, 119]}, {"text": "63", "bbox": [74, 94, 293, 119]}, {"text": ",", "bbox": [74, 94, 293, 119]}, {"text": "RUPALI", "bbox": [74, 94, 293, 119]}, {"text": "SQUARE", "bbox": [74, 94, 293, 119]}, {"text": ",", "bbox": [74, 94, 293, 119]}, {"text": "SAHEED", "bbox": [74, 94, 293, 119]}, {"text": "NAGAR", "bbox": [74, 94, 293, 119]}, {"text": ",", "bbox": [74, 94, 293, 119]}, {"text": "BHUBANESWAR", "bbox": [74, 94, 293, 119]}, {"text": "-", "bbox": [74, 94, 293, 119]}, {"text": "751007", "bbox": [74, 94, 293, 119]}], "id": 1}, {"box": [156, 120, 229, 134], "text": "9437055558 , ", "label": "vendor_phoneno", "words": [{"text": "9437055558", "bbox": [156, 120, 229, 134]}, {"text": ",", "bbox": [156, 120, 229, 134]}], "id": 2}, {"box": [147, 135, 264, 154], "text": "-21AGVPS4577PIZB ", "label": "vendor_gst", "words": [{"text": "-21AGVPS4577PIZB", "bbox": [147, 135, 264, 154]}], "id": 3}, {"box": [93, 199, 175, 211], "text": "", "label": "customer_phoneno", "words": [], "id": 4}, {"box": [221, 196, 310, 210], "text": "ho ", "label": "customer_name", "words": [{"text": "ho", "bbox": [221, 196, 310, 210]}], "id": 5}, {"box": [285, 392, 327, 407], "text": "694.00 ", "label": "total_amount", "words": [{"text": "694.00", "bbox": [285, 392, 327, 407]}], "id": 6}, {"box": [188, 478, 220, 495], "text": "0.00 ", "label": "savings", "words": [{"text": "0.00", "bbox": [188, 478, 220, 495]}], "id": 7}, {"box": [122, 220, 188, 234], "text": "EATS11391 ", "label": "receipt_number", "words": [{"text": "EATS11391", "bbox": [122, 220, 188, 234]}], "id": 8}, {"box": [250, 220, 318, 236], "text": "27/03/2022 ", "label": "transaction_date", "words": [{"text": "27/03/2022", "bbox": [250, 220, 318, 236]}], "id": 9}, {"box": [249, 237, 289, 254], "text": "09:03 ", "label": "transaction_time", "words": [{"text": "09:03", "bbox": [249, 237, 289, 254]}], "id": 10}]}