{"form": [{"box": [109, 71, 218, 86], "text": "SR GROCERIES ", "label": "vendor_name", "words": [{"text": "SR", "bbox": [109, 71, 218, 86]}, {"text": "GROCERIES", "bbox": [109, 71, 218, 86]}], "id": 0}, {"box": [62, 85, 281, 109], "text": "KHATA - 594 , PLOT NO - 991 , GOTHA PATANA , BHUBANESWAR ", "label": "vendor_address", "words": [{"text": "KHATA", "bbox": [62, 85, 281, 109]}, {"text": "-", "bbox": [62, 85, 281, 109]}, {"text": "594", "bbox": [62, 85, 281, 109]}, {"text": ",", "bbox": [62, 85, 281, 109]}, {"text": "PLOT", "bbox": [62, 85, 281, 109]}, {"text": "NO", "bbox": [62, 85, 281, 109]}, {"text": "-", "bbox": [62, 85, 281, 109]}, {"text": "991", "bbox": [62, 85, 281, 109]}, {"text": ",", "bbox": [62, 85, 281, 109]}, {"text": "GOTHA", "bbox": [62, 85, 281, 109]}, {"text": "PATANA", "bbox": [62, 85, 281, 109]}, {"text": ",", "bbox": [62, 85, 281, 109]}, {"text": "BHUBANESWAR", "bbox": [62, 85, 281, 109]}], "id": 1}, {"box": [155, 108, 218, 121], "text": "9937023239 ", "label": "vendor_phoneno", "words": [{"text": "9937023239", "bbox": [155, 108, 218, 121]}], "id": 2}, {"box": [140, 138, 233, 152], "text": "21AXSPB6233F2ZR ", "label": "vendor_gst", "words": [{"text": "21AXSPB6233F2ZR", "bbox": [140, 138, 233, 152]}], "id": 3}, {"box": [233, 154, 281, 167], "text": "0012473 ", "label": "receipt_number", "words": [{"text": "0012473", "bbox": [233, 154, 281, 167]}], "id": 4}, {"box": [227, 165, 284, 176], "text": "08/03/2022 ", "label": "transaction_date", "words": [{"text": "08/03/2022", "bbox": [227, 165, 284, 176]}], "id": 5}, {"box": [230, 176, 265, 188], "text": "15:03 ", "label": "transaction_time", "words": [{"text": "15:03", "bbox": [230, 176, 265, 188]}], "id": 6}, {"box": [257, 238, 303, 252], "text": "14900.00 ", "label": "sub_total_amount", "words": [{"text": "14900.00", "bbox": [257, 238, 303, 252]}], "id": 7}, {"box": [249, 265, 304, 283], "text": "14900.00 ", "label": "total_amount", "words": [{"text": "14900.00", "bbox": [249, 265, 304, 283]}], "id": 8}, {"box": [83, 155, 198, 166], "text": "MEDICAL OFFICER IN ", "label": "customer_name", "words": [{"text": "MEDICAL", "bbox": [83, 155, 198, 166]}, {"text": "OFFICER", "bbox": [83, 155, 198, 166]}, {"text": "IN", "bbox": [83, 155, 198, 166]}], "id": 9}]}