{"form": [{"box": [100, 42, 222, 62], "text": "WHITE SAND ", "label": "vendor_name", "words": [{"text": "WHITE", "bbox": [100, 42, 222, 62]}, {"text": "SAND", "bbox": [100, 42, 222, 62]}], "id": 0}, {"box": [69, 61, 264, 99], "text": "Shiraz Golden Restaurant Madhusudan Nagar , Unit - 4 , Bhubaneswar ", "label": "vendor_address", "words": [{"text": "Shiraz", "bbox": [69, 61, 264, 99]}, {"text": "Golden", "bbox": [69, 61, 264, 99]}, {"text": "Restaurant", "bbox": [69, 61, 264, 99]}, {"text": "Madhusudan", "bbox": [69, 61, 264, 99]}, {"text": "Nagar", "bbox": [69, 61, 264, 99]}, {"text": ",", "bbox": [69, 61, 264, 99]}, {"text": "Unit", "bbox": [69, 61, 264, 99]}, {"text": "-", "bbox": [69, 61, 264, 99]}, {"text": "4", "bbox": [69, 61, 264, 99]}, {"text": ",", "bbox": [69, 61, 264, 99]}, {"text": "Bhubaneswar", "bbox": [69, 61, 264, 99]}], "id": 1}, {"box": [90, 100, 172, 118], "text": "", "label": "vendor_phoneno", "words": [], "id": 2}, {"box": [174, 99, 265, 118], "text": "", "label": "vendor_phoneno", "words": [], "id": 3}, {"box": [122, 117, 253, 132], "text": "21AABFW3989K1ZS ", "label": "vendor_gst", "words": [{"text": "21AABFW3989K1ZS", "bbox": [122, 117, 253, 132]}], "id": 4}, {"box": [79, 140, 206, 155], "text": "", "label": "customer_name", "words": [], "id": 5}, {"box": [70, 164, 144, 180], "text": "16/05/22 ", "label": "transaction_date", "words": [{"text": "16/05/22", "bbox": [70, 164, 144, 180]}], "id": 6}, {"box": [213, 180, 264, 193], "text": "89204 ", "label": "receipt_number", "words": [{"text": "89204", "bbox": [213, 180, 264, 193]}], "id": 7}, {"box": [237, 295, 289, 311], "text": "457.15 ", "label": "sub_total_amount", "words": [{"text": "457.15", "bbox": [237, 295, 289, 311]}], "id": 8}, {"box": [227, 358, 290, 373], "text": "480.00 ", "label": "total_amount", "words": [{"text": "480.00", "bbox": [227, 358, 290, 373]}], "id": 9}]}