{"form": [{"box": [117, 43, 257, 66], "text": "HOME CARE ", "label": "vendor_name", "words": [{"text": "HOME", "bbox": [117, 43, 257, 66]}, {"text": "CARE", "bbox": [117, 43, 257, 66]}], "id": 0}, {"box": [112, 71, 258, 93], "text": "MUKUNDA PRASAD MELAN PADIA ", "label": "vendor_address", "words": [{"text": "MUKUNDA", "bbox": [112, 71, 258, 93]}, {"text": "PRASAD", "bbox": [112, 71, 258, 93]}, {"text": "MELAN", "bbox": [112, 71, 258, 93]}, {"text": "PADIA", "bbox": [112, 71, 258, 93]}], "id": 1}, {"box": [165, 92, 226, 104], "text": "9439454006 ", "label": "vendor_phoneno", "words": [{"text": "9439454006", "bbox": [165, 92, 226, 104]}], "id": 2}, {"box": [123, 112, 229, 125], "text": "21GMAPS2777C1Z6 ", "label": "vendor_gst", "words": [{"text": "21GMAPS2777C1Z6", "bbox": [123, 112, 229, 125]}], "id": 3}, {"box": [88, 128, 154, 141], "text": "CASH ", "label": "customer_name", "words": [{"text": "CASH", "bbox": [88, 128, 154, 141]}], "id": 4}, {"box": [82, 139, 154, 148], "text": "", "label": "customer_phoneno", "words": [], "id": 5}, {"box": [259, 126, 306, 140], "text": "0013300 ", "label": "receipt_number", "words": [{"text": "0013300", "bbox": [259, 126, 306, 140]}], "id": 6}, {"box": [253, 138, 312, 150], "text": "22/03/2022 ", "label": "transaction_date", "words": [{"text": "22/03/2022", "bbox": [253, 138, 312, 150]}], "id": 7}, {"box": [253, 149, 288, 160], "text": "20:26 ", "label": "transaction_time", "words": [{"text": "20:26", "bbox": [253, 149, 288, 160]}], "id": 8}, {"box": [287, 283, 326, 297], "text": "245.25 ", "label": "sub_total_amount", "words": [{"text": "245.25", "bbox": [287, 283, 326, 297]}], "id": 9}, {"box": [280, 313, 327, 328], "text": "245.00 ", "label": "total_amount", "words": [{"text": "245.00", "bbox": [280, 313, 327, 328]}], "id": 10}]}