{"form": [{"box": [101, 42, 227, 63], "text": "WHITE SAND ", "label": "vendor_name", "words": [{"text": "WHITE", "bbox": [101, 42, 227, 63]}, {"text": "SAND", "bbox": [101, 42, 227, 63]}], "id": 0}, {"box": [68, 61, 264, 98], "text": "Shiraz Golden Restaurant Madhusudan Nagar , Unit - 4 , Bhubaneswar ", "label": "vendor_address", "words": [{"text": "Shiraz", "bbox": [68, 61, 264, 98]}, {"text": "Golden", "bbox": [68, 61, 264, 98]}, {"text": "Restaurant", "bbox": [68, 61, 264, 98]}, {"text": "Madhusudan", "bbox": [68, 61, 264, 98]}, {"text": "Nagar", "bbox": [68, 61, 264, 98]}, {"text": ",", "bbox": [68, 61, 264, 98]}, {"text": "Unit", "bbox": [68, 61, 264, 98]}, {"text": "-", "bbox": [68, 61, 264, 98]}, {"text": "4", "bbox": [68, 61, 264, 98]}, {"text": ",", "bbox": [68, 61, 264, 98]}, {"text": "Bhubaneswar", "bbox": [68, 61, 264, 98]}], "id": 1}, {"box": [92, 102, 172, 117], "text": "", "label": "vendor_phoneno", "words": [], "id": 2}, {"box": [175, 101, 259, 118], "text": "", "label": "vendor_phoneno", "words": [], "id": 3}, {"box": [121, 118, 252, 133], "text": "21AABFW3989K1ZS ", "label": "vendor_gst", "words": [{"text": "21AABFW3989K1ZS", "bbox": [121, 118, 252, 133]}], "id": 4}, {"box": [83, 140, 208, 155], "text": "", "label": "customer_name", "words": [], "id": 5}, {"box": [72, 168, 144, 182], "text": "15/05/22 ", "label": "transaction_date", "words": [{"text": "15/05/22", "bbox": [72, 168, 144, 182]}], "id": 6}, {"box": [213, 180, 261, 193], "text": "89176 ", "label": "receipt_number", "words": [{"text": "89176", "bbox": [213, 180, 261, 193]}], "id": 7}, {"box": [231, 306, 288, 324], "text": "1009.54 ", "label": "sub_total_amount", "words": [{"text": "1009.54", "bbox": [231, 306, 288, 324]}], "id": 8}, {"box": [215, 370, 291, 387], "text": "1060.00 ", "label": "total_amount", "words": [{"text": "1060.00", "bbox": [215, 370, 291, 387]}], "id": 9}]}