{"form": [{"box": [85, 140, 279, 168], "text": "MO GROCERY \u2122 ", "label": "vendor_name", "words": [{"text": "MO", "bbox": [85, 140, 279, 168]}, {"text": "GROCERY", "bbox": [85, 140, 279, 168]}, {"text": "\u2122", "bbox": [85, 140, 279, 168]}], "id": 0}, {"box": [148, 183, 259, 200], "text": "21IRBPS4454Q1Z6 ", "label": "vendor_gst", "words": [{"text": "21IRBPS4454Q1Z6", "bbox": [148, 183, 259, 200]}], "id": 1}, {"box": [47, 200, 318, 234], "text": "Plot no - D3 / 20 , Indira Gandhi Housing Colony Lingipur , Bhubaneshwar , Odisha - 751002 ", "label": "vendor_address", "words": [{"text": "Plot", "bbox": [47, 200, 318, 234]}, {"text": "no", "bbox": [47, 200, 318, 234]}, {"text": "-", "bbox": [47, 200, 318, 234]}, {"text": "D3", "bbox": [47, 200, 318, 234]}, {"text": "/", "bbox": [47, 200, 318, 234]}, {"text": "20", "bbox": [47, 200, 318, 234]}, {"text": ",", "bbox": [47, 200, 318, 234]}, {"text": "Indira", "bbox": [47, 200, 318, 234]}, {"text": "Gandhi", "bbox": [47, 200, 318, 234]}, {"text": "Housing", "bbox": [47, 200, 318, 234]}, {"text": "Colony", "bbox": [47, 200, 318, 234]}, {"text": "Lingipur", "bbox": [47, 200, 318, 234]}, {"text": ",", "bbox": [47, 200, 318, 234]}, {"text": "Bhubaneshwar", "bbox": [47, 200, 318, 234]}, {"text": ",", "bbox": [47, 200, 318, 234]}, {"text": "Odisha", "bbox": [47, 200, 318, 234]}, {"text": "-", "bbox": [47, 200, 318, 234]}, {"text": "751002", "bbox": [47, 200, 318, 234]}], "id": 2}, {"box": [70, 242, 153, 260], "text": "0674-2914169 ", "label": "vendor_phoneno", "words": [{"text": "0674-2914169", "bbox": [70, 242, 153, 260]}], "id": 3}, {"box": [163, 240, 231, 259], "text": "9861999321 ", "label": "vendor_phoneno", "words": [{"text": "9861999321", "bbox": [163, 240, 231, 259]}], "id": 4}, {"box": [242, 241, 316, 257], "text": "9881882449 ", "label": "vendor_phoneno", "words": [{"text": "9881882449", "bbox": [242, 241, 316, 257]}], "id": 5}, {"box": [196, 288, 272, 302], "text": "SVAA1 / K1 / 3059 ", "label": "receipt_number", "words": [{"text": "SVAA1", "bbox": [196, 288, 272, 302]}, {"text": "/", "bbox": [196, 288, 272, 302]}, {"text": "K1", "bbox": [196, 288, 272, 302]}, {"text": "/", "bbox": [196, 288, 272, 302]}, {"text": "3059", "bbox": [196, 288, 272, 302]}], "id": 6}, {"box": [175, 308, 252, 323], "text": "Mon Mar 28 2022 ", "label": "transaction_date", "words": [{"text": "Mon", "bbox": [175, 308, 252, 323]}, {"text": "Mar", "bbox": [175, 308, 252, 323]}, {"text": "28", "bbox": [175, 308, 252, 323]}, {"text": "2022", "bbox": [175, 308, 252, 323]}], "id": 7}, {"box": [253, 308, 292, 323], "text": "10:26:59 ", "label": "transaction_time", "words": [{"text": "10:26:59", "bbox": [253, 308, 292, 323]}], "id": 8}, {"box": [206, 327, 261, 341], "text": "sujit mishra ", "label": "customer_name", "words": [{"text": "sujit", "bbox": [206, 327, 261, 341]}, {"text": "mishra", "bbox": [206, 327, 261, 341]}], "id": 9}, {"box": [205, 347, 265, 358], "text": "9338356909 ", "label": "customer_phoneno", "words": [{"text": "9338356909", "bbox": [205, 347, 265, 358]}], "id": 10}, {"box": [236, 768, 267, 784], "text": "2105 ", "label": "total_amount", "words": [{"text": "2105", "bbox": [236, 768, 267, 784]}], "id": 11}, {"box": [206, 835, 252, 853], "text": "238.69 ", "label": "savings", "words": [{"text": "238.69", "bbox": [206, 835, 252, 853]}], "id": 12}]}