{"form": [{"box": [112, 45, 254, 68], "text": "HOME CARE ", "label": "vendor_name", "words": [{"text": "HOME", "bbox": [112, 45, 254, 68]}, {"text": "CARE", "bbox": [112, 45, 254, 68]}], "id": 0}, {"box": [121, 67, 251, 93], "text": "MUKUNDA PRASAD MELAN PADIA ", "label": "vendor_address", "words": [{"text": "MUKUNDA", "bbox": [121, 67, 251, 93]}, {"text": "PRASAD", "bbox": [121, 67, 251, 93]}, {"text": "MELAN", "bbox": [121, 67, 251, 93]}, {"text": "PADIA", "bbox": [121, 67, 251, 93]}], "id": 1}, {"box": [166, 91, 229, 106], "text": "9439454006 ", "label": "vendor_phoneno", "words": [{"text": "9439454006", "bbox": [166, 91, 229, 106]}], "id": 2}, {"box": [127, 112, 223, 125], "text": "21GMAPS2777C1Z6 ", "label": "vendor_gst", "words": [{"text": "21GMAPS2777C1Z6", "bbox": [127, 112, 223, 125]}], "id": 3}, {"box": [90, 130, 159, 140], "text": "CASH ", "label": "customer_name", "words": [{"text": "CASH", "bbox": [90, 130, 159, 140]}], "id": 4}, {"box": [82, 139, 160, 149], "text": "", "label": "customer_phoneno", "words": [], "id": 5}, {"box": [259, 128, 304, 139], "text": "0001246 ", "label": "receipt_number", "words": [{"text": "0001246", "bbox": [259, 128, 304, 139]}], "id": 6}, {"box": [253, 138, 311, 150], "text": "23/04/2022 ", "label": "transaction_date", "words": [{"text": "23/04/2022", "bbox": [253, 138, 311, 150]}], "id": 7}, {"box": [255, 150, 284, 159], "text": "11:40 ", "label": "transaction_time", "words": [{"text": "11:40", "bbox": [255, 150, 284, 159]}], "id": 8}, {"box": [292, 224, 324, 235], "text": "65.00 ", "label": "sub_total_amount", "words": [{"text": "65.00", "bbox": [292, 224, 324, 235]}], "id": 9}, {"box": [289, 252, 321, 268], "text": "65.00 ", "label": "total_amount", "words": [{"text": "65.00", "bbox": [289, 252, 321, 268]}], "id": 10}, {"box": [207, 280, 238, 299], "text": "0.00 ", "label": "savings", "words": [{"text": "0.00", "bbox": [207, 280, 238, 299]}], "id": 11}]}