{"form": [{"box": [113, 45, 254, 67], "text": "HOME CARE ", "label": "vendor_name", "words": [{"text": "HOME", "bbox": [113, 45, 254, 67]}, {"text": "CARE", "bbox": [113, 45, 254, 67]}], "id": 0}, {"box": [122, 67, 251, 92], "text": "MUKUNDA PRASAD MELAN PADIA ", "label": "vendor_address", "words": [{"text": "MUKUNDA", "bbox": [122, 67, 251, 92]}, {"text": "PRASAD", "bbox": [122, 67, 251, 92]}, {"text": "MELAN", "bbox": [122, 67, 251, 92]}, {"text": "PADIA", "bbox": [122, 67, 251, 92]}], "id": 1}, {"box": [164, 92, 231, 106], "text": "9439454006 ", "label": "vendor_phoneno", "words": [{"text": "9439454006", "bbox": [164, 92, 231, 106]}], "id": 2}, {"box": [123, 111, 227, 126], "text": "21GMAPS2777C1Z6 ", "label": "vendor_gst", "words": [{"text": "21GMAPS2777C1Z6", "bbox": [123, 111, 227, 126]}], "id": 3}, {"box": [88, 128, 228, 139], "text": "CARAMEL ENGLISH ", "label": "customer_name", "words": [{"text": "CARAMEL", "bbox": [88, 128, 228, 139]}, {"text": "ENGLISH", "bbox": [88, 128, 228, 139]}], "id": 4}, {"box": [79, 138, 146, 149], "text": "7978171862 ", "label": "customer_phoneno", "words": [{"text": "7978171862", "bbox": [79, 138, 146, 149]}], "id": 5}, {"box": [250, 128, 321, 139], "text": "", "label": "receipt_number", "words": [], "id": 6}, {"box": [255, 138, 324, 148], "text": "", "label": "transaction_date", "words": [], "id": 7}, {"box": [253, 149, 307, 159], "text": "10:49 ", "label": "transaction_time", "words": [{"text": "10:49", "bbox": [253, 149, 307, 159]}], "id": 8}, {"box": [287, 209, 328, 222], "text": "125.00 ", "label": "sub_total_amount", "words": [{"text": "125.00", "bbox": [287, 209, 328, 222]}], "id": 9}, {"box": [282, 238, 327, 255], "text": "125.00 ", "label": "total_amount", "words": [{"text": "125.00", "bbox": [282, 238, 327, 255]}], "id": 10}, {"box": [204, 254, 244, 272], "text": "75.00 ", "label": "savings", "words": [{"text": "75.00", "bbox": [204, 254, 244, 272]}], "id": 11}]}