{"form": [{"box": [86, 55, 267, 83], "text": "MO GROCERY \u2122 ", "label": "vendor_name", "words": [{"text": "MO", "bbox": [86, 55, 267, 83]}, {"text": "GROCERY", "bbox": [86, 55, 267, 83]}, {"text": "\u2122", "bbox": [86, 55, 267, 83]}], "id": 0}, {"box": [148, 107, 263, 123], "text": "21IRBPS4454Q1Z6 ", "label": "vendor_gst", "words": [{"text": "21IRBPS4454Q1Z6", "bbox": [148, 107, 263, 123]}], "id": 1}, {"box": [47, 124, 307, 160], "text": "Plot no - D3 / 20 , Indira Gandhi Housing Colony Lingipur , Bhubaneshwar , Odisha - 751002 ", "label": "vendor_address", "words": [{"text": "Plot", "bbox": [47, 124, 307, 160]}, {"text": "no", "bbox": [47, 124, 307, 160]}, {"text": "-", "bbox": [47, 124, 307, 160]}, {"text": "D3", "bbox": [47, 124, 307, 160]}, {"text": "/", "bbox": [47, 124, 307, 160]}, {"text": "20", "bbox": [47, 124, 307, 160]}, {"text": ",", "bbox": [47, 124, 307, 160]}, {"text": "Indira", "bbox": [47, 124, 307, 160]}, {"text": "Gandhi", "bbox": [47, 124, 307, 160]}, {"text": "Housing", "bbox": [47, 124, 307, 160]}, {"text": "Colony", "bbox": [47, 124, 307, 160]}, {"text": "Lingipur", "bbox": [47, 124, 307, 160]}, {"text": ",", "bbox": [47, 124, 307, 160]}, {"text": "Bhubaneshwar", "bbox": [47, 124, 307, 160]}, {"text": ",", "bbox": [47, 124, 307, 160]}, {"text": "Odisha", "bbox": [47, 124, 307, 160]}, {"text": "-", "bbox": [47, 124, 307, 160]}, {"text": "751002", "bbox": [47, 124, 307, 160]}], "id": 2}, {"box": [69, 166, 152, 185], "text": "0674-2914169 ", "label": "vendor_phoneno", "words": [{"text": "0674-2914169", "bbox": [69, 166, 152, 185]}], "id": 3}, {"box": [162, 166, 233, 185], "text": "9861999321 ", "label": "vendor_phoneno", "words": [{"text": "9861999321", "bbox": [162, 166, 233, 185]}], "id": 4}, {"box": [242, 166, 315, 181], "text": "9881882449 ", "label": "vendor_phoneno", "words": [{"text": "9881882449", "bbox": [242, 166, 315, 181]}], "id": 5}, {"box": [181, 205, 286, 216], "text": "51 / 2022-23 / AA1 / K2 / 975 ", "label": "receipt_number", "words": [{"text": "51", "bbox": [181, 205, 286, 216]}, {"text": "/", "bbox": [181, 205, 286, 216]}, {"text": "2022-23", "bbox": [181, 205, 286, 216]}, {"text": "/", "bbox": [181, 205, 286, 216]}, {"text": "AA1", "bbox": [181, 205, 286, 216]}, {"text": "/", "bbox": [181, 205, 286, 216]}, {"text": "K2", "bbox": [181, 205, 286, 216]}, {"text": "/", "bbox": [181, 205, 286, 216]}, {"text": "975", "bbox": [181, 205, 286, 216]}], "id": 6}, {"box": [175, 221, 252, 237], "text": "Wed May 25 2022 ", "label": "transaction_date", "words": [{"text": "Wed", "bbox": [175, 221, 252, 237]}, {"text": "May", "bbox": [175, 221, 252, 237]}, {"text": "25", "bbox": [175, 221, 252, 237]}, {"text": "2022", "bbox": [175, 221, 252, 237]}], "id": 7}, {"box": [251, 221, 293, 237], "text": "09:52:52 ", "label": "transaction_time", "words": [{"text": "09:52:52", "bbox": [251, 221, 293, 237]}], "id": 8}, {"box": [217, 239, 252, 250], "text": "Smuti ", "label": "customer_name", "words": [{"text": "Smuti", "bbox": [217, 239, 252, 250]}], "id": 9}, {"box": [203, 249, 270, 261], "text": "8178358955 ", "label": "customer_phoneno", "words": [{"text": "8178358955", "bbox": [203, 249, 270, 261]}], "id": 10}, {"box": [253, 430, 280, 444], "text": "367 ", "label": "total_amount", "words": [{"text": "367", "bbox": [253, 430, 280, 444]}], "id": 11}, {"box": [210, 496, 247, 512], "text": "33.53 ", "label": "savings", "words": [{"text": "33.53", "bbox": [210, 496, 247, 512]}], "id": 12}]}